version 2
JvmtiExport can_access_local_variables 0
JvmtiExport can_hotswap_or_post_breakpoint 1
JvmtiExport can_post_on_exceptions 0
# 363 ciObject found
instanceKlass jdk/internal/classfile/impl/StackMapGenerator
ciInstanceKlass java/lang/Cloneable 1 0 7 100 1 100 1 1 1
instanceKlass org/springframework/boot/autoconfigure/condition/ConditionalOnMissingFilterBean
instanceKlass org/springframework/boot/autoconfigure/web/ConditionalOnEnabledResourceChain
instanceKlass org/springframework/boot/webmvc/autoconfigure/JspTemplateAvailabilityProvider
instanceKlass org/springframework/boot/thymeleaf/autoconfigure/ThymeleafTemplateAvailabilityProvider
instanceKlass org/springframework/boot/autoconfigure/template/TemplateAvailabilityProviders$NoTemplateAvailabilityProvider
instanceKlass org/springframework/boot/autoconfigure/template/TemplateAvailabilityProvider
instanceKlass org/springframework/boot/autoconfigure/template/TemplateAvailabilityProviders
instanceKlass  @bci org/springframework/boot/autoconfigure/condition/OnPropertyCondition$Spec getNames (Lorg/springframework/core/annotation/AnnotationAttributes;)[Ljava/lang/String; 88 <appendix> member <vmtarget> ; # org/springframework/boot/autoconfigure/condition/OnPropertyCondition$Spec$$Lambda+0x0000000015286b60
instanceKlass  @bci org/springframework/boot/autoconfigure/condition/OnPropertyCondition$Spec getNames (Lorg/springframework/core/annotation/AnnotationAttributes;)[Ljava/lang/String; 64 <appendix> member <vmtarget> ; # org/springframework/boot/autoconfigure/condition/OnPropertyCondition$Spec$$Lambda+0x0000000015286930
instanceKlass org/springframework/boot/autoconfigure/condition/OnPropertyCondition$Spec
instanceKlass  @bci java/util/stream/StreamSpliterators$WrappingSpliterator forEachRemaining (Ljava/util/function/Consumer;)V 33 <appendix> member <vmtarget> ; # java/util/stream/StreamSpliterators$WrappingSpliterator$$Lambda+0x000000001525de88
instanceKlass java/util/stream/Streams$2
instanceKlass java/util/stream/Streams$ConcatSpliterator
instanceKlass  @bci org/springframework/boot/autoconfigure/condition/OnPropertyCondition streamRepeated (Lorg/springframework/core/annotation/MergedAnnotations;Ljava/lang/Class;Ljava/lang/Class;)Ljava/util/stream/Stream; 8 <appendix> member <vmtarget> ; # org/springframework/boot/autoconfigure/condition/OnPropertyCondition$$Lambda+0x00000000152864c8
instanceKlass  @bci org/springframework/boot/autoconfigure/condition/OnPropertyCondition stream (Lorg/springframework/core/annotation/MergedAnnotations;Ljava/lang/Class;)Ljava/util/stream/Stream; 10 <appendix> argL0 ; # org/springframework/boot/autoconfigure/condition/OnPropertyCondition$$Lambda+0x0000000015286280
instanceKlass org/springframework/boot/autoconfigure/condition/ConditionalOnProperties
instanceKlass org/springframework/boot/autoconfigure/condition/ConditionalOnProperty
instanceKlass org/springframework/boot/autoconfigure/condition/ConditionalOnBooleanProperties
instanceKlass org/springframework/boot/autoconfigure/condition/ConditionalOnBooleanProperty
instanceKlass org/springframework/scheduling/annotation/AsyncConfigurer
instanceKlass org/springframework/boot/autoconfigure/condition/ConditionalOnThreading
instanceKlass com/tugas/deploy/controller/UserController
instanceKlass org/springframework/boot/web/servlet/RegistrationBean
instanceKlass org/springframework/boot/web/servlet/ServletContextInitializer
instanceKlass jakarta/servlet/ServletRegistration
instanceKlass jakarta/servlet/Registration
instanceKlass  @bci org/springframework/core/type/classreading/ClassFileAnnotationMetadata$Builder nestMembers (Ljava/lang/String;Ljava/lang/classfile/attribute/InnerClassesAttribute;)V 79 <appendix> member <vmtarget> ; # org/springframework/core/type/classreading/ClassFileAnnotationMetadata$Builder$$Lambda+0x00000000152827e8
instanceKlass org/springframework/boot/autoconfigure/condition/OnWebApplicationCondition$1
instanceKlass org/springframework/boot/autoconfigure/condition/ConditionalOnMissingClass
instanceKlass  @bci org/springframework/core/type/classreading/ClassFileMethodMetadata$Source toString ()Ljava/lang/String; 125 <appendix> argL0 ; # org/springframework/core/type/classreading/ClassFileMethodMetadata$Source$$Lambda+0x0000000015282188
instanceKlass  @bci org/springframework/core/type/classreading/ClassFileMethodMetadata$Source toString ()Ljava/lang/String; 18 <appendix> member <vmtarget> ; # org/springframework/core/type/classreading/ClassFileMethodMetadata$Source$$Lambda+0x0000000015281f48
instanceKlass org/springframework/context/annotation/ConfigurationMethod
instanceKlass java/lang/classfile/attribute/DeprecatedAttribute
instanceKlass java/lang/classfile/AnnotationValue$OfBoolean
instanceKlass java/lang/classfile/attribute/AnnotationDefaultAttribute
instanceKlass  @bci org/springframework/core/annotation/MergedAnnotationCollectors lambda$toMultiValueMap$1 ([Lorg/springframework/core/annotation/MergedAnnotation$Adapt;Lorg/springframework/util/MultiValueMap;Lorg/springframework/core/annotation/MergedAnnotation;)V 13 <appendix> member <vmtarget> ; # org/springframework/core/annotation/MergedAnnotationCollectors$$Lambda+0x0000000015280fa0
instanceKlass  @bci org/springframework/core/annotation/TypeMappedAnnotation asMap ([Lorg/springframework/core/annotation/MergedAnnotation$Adapt;)Ljava/util/Map; 1 <appendix> argL0 ; # org/springframework/core/annotation/TypeMappedAnnotation$$Lambda+0x0000000015280d58
instanceKlass  @bci org/springframework/core/annotation/MergedAnnotationCollectors toMultiValueMap (Ljava/util/function/Function;[Lorg/springframework/core/annotation/MergedAnnotation$Adapt;)Ljava/util/stream/Collector; 31 <appendix> argL0 ; # org/springframework/core/annotation/MergedAnnotationCollectors$$Lambda+0x0000000015280b08
instanceKlass  @bci org/springframework/core/annotation/MergedAnnotationCollectors toMultiValueMap (Ljava/util/function/Function;[Lorg/springframework/core/annotation/MergedAnnotation$Adapt;)Ljava/util/stream/Collector; 26 <appendix> member <vmtarget> ; # org/springframework/core/annotation/MergedAnnotationCollectors$$Lambda+0x00000000152808c8
instanceKlass  @bci org/springframework/core/annotation/MergedAnnotationCollectors toMultiValueMap (Ljava/util/function/Function;[Lorg/springframework/core/annotation/MergedAnnotation$Adapt;)Ljava/util/stream/Collector; 20 <appendix> argL0 ; # org/springframework/core/annotation/MergedAnnotationCollectors$$Lambda+0x00000000152806a0
instanceKlass org/springframework/core/annotation/MergedAnnotationCollectors
instanceKlass  @bci org/springframework/core/type/AnnotatedTypeMetadata getAllAnnotationAttributes (Ljava/lang/String;Z)Lorg/springframework/util/MultiValueMap; 41 <appendix> argL0 ; # org/springframework/core/type/AnnotatedTypeMetadata$$Lambda+0x0000000015280248
instanceKlass  @bci org/springframework/core/type/AnnotatedTypeMetadata getAllAnnotationAttributes (Ljava/lang/String;Z)Lorg/springframework/util/MultiValueMap; 31 <appendix> argL0 ; # org/springframework/core/type/AnnotatedTypeMetadata$$Lambda+0x0000000015280000
instanceKlass org/springframework/core/annotation/MergedAnnotationPredicates$UniquePredicate
instanceKlass  @bci org/springframework/core/type/AnnotatedTypeMetadata getAllAnnotationAttributes (Ljava/lang/String;Z)Lorg/springframework/util/MultiValueMap; 18 <appendix> argL0 ; # org/springframework/core/type/AnnotatedTypeMetadata$$Lambda+0x000000001523fac8
instanceKlass org/springframework/context/annotation/ImportRuntimeHints
instanceKlass org/springframework/boot/context/properties/EnableConfigurationPropertiesRegistrar
instanceKlass org/springframework/boot/context/properties/EnableConfigurationProperties
instanceKlass org/springframework/boot/autoconfigure/AutoConfigureOrder
instanceKlass org/springframework/boot/autoconfigure/condition/ConditionalOnMissingBean
instanceKlass java/util/AbstractList$RandomAccessSpliterator
instanceKlass java/lang/classfile/attribute/RuntimeVisibleTypeAnnotationsAttribute
instanceKlass java/lang/classfile/attribute/SignatureAttribute
instanceKlass java/lang/classfile/attribute/NestMembersAttribute
instanceKlass  @bci org/springframework/context/annotation/ConfigurationClassParser$DeferredImportSelectorGroupingHandler processGroupImports ()V 45 <appendix> member <vmtarget> ; # org/springframework/context/annotation/ConfigurationClassParser$DeferredImportSelectorGroupingHandler$$Lambda+0x000000001523ddf8
instanceKlass  @bci org/springframework/boot/autoconfigure/AutoConfigurationImportSelector$AutoConfigurationGroup selectImports ()Ljava/lang/Iterable; 126 <appendix> member <vmtarget> ; # org/springframework/boot/autoconfigure/AutoConfigurationImportSelector$AutoConfigurationGroup$$Lambda+0x000000001523dba8
instanceKlass org/springframework/context/annotation/DeferredImportSelector$Group$Entry
instanceKlass  @bci org/springframework/boot/autoconfigure/AutoConfigurationSorter checkForCycles (Ljava/util/Set;Ljava/lang/String;Ljava/lang/String;)V 17 <appendix> member <vmtarget> ; # org/springframework/boot/autoconfigure/AutoConfigurationSorter$$Lambda+0x000000001523d750
instanceKlass  @bci org/springframework/boot/autoconfigure/AutoConfigurationSorter$AutoConfigurationClasses getClassesRequestedAfter (Ljava/lang/String;)Ljava/util/Set; 22 <appendix> member <vmtarget> ; # org/springframework/boot/autoconfigure/AutoConfigurationSorter$AutoConfigurationClasses$$Lambda+0x000000001523d510
instanceKlass  @bci org/springframework/boot/autoconfigure/AutoConfigurationSorter doSortByAfterAnnotation (Lorg/springframework/boot/autoconfigure/AutoConfigurationSorter$AutoConfigurationClasses;Ljava/util/List;Ljava/util/Set;Ljava/util/Set;Ljava/lang/String;)V 37 <appendix> member <vmtarget> ; # org/springframework/boot/autoconfigure/AutoConfigurationSorter$$Lambda+0x000000001523d2c0
instanceKlass java/lang/invoke/TypeConvertingMethodAdapter$BoxHolder
instanceKlass  @bci org/springframework/boot/autoconfigure/AutoConfigurationSorter getInPriorityOrder (Ljava/util/Collection;)Ljava/util/List; 49 <appendix> member <vmtarget> ; # org/springframework/boot/autoconfigure/AutoConfigurationSorter$$Lambda+0x000000001523d018
instanceKlass org/springframework/boot/autoconfigure/AutoConfigureAfter
instanceKlass org/springframework/boot/autoconfigure/AutoConfigureBefore
instanceKlass org/springframework/boot/autoconfigure/AutoConfigurationSorter$AutoConfigurationClass
instanceKlass org/springframework/boot/autoconfigure/AutoConfigurationSorter$AutoConfigurationClasses
instanceKlass  @bci org/springframework/boot/autoconfigure/AutoConfigurationImportSelector$AutoConfigurationGroup sortAutoConfigurations (Ljava/util/Set;Lorg/springframework/boot/autoconfigure/AutoConfigurationMetadata;)Ljava/util/List; 35 <appendix> member <vmtarget> ; # org/springframework/boot/autoconfigure/AutoConfigurationImportSelector$AutoConfigurationGroup$$Lambda+0x000000001523c540
instanceKlass org/springframework/boot/autoconfigure/AutoConfigurationSorter
instanceKlass  @bci org/springframework/boot/autoconfigure/AutoConfigurationImportSelector$AutoConfigurationGroup selectImports ()Ljava/lang/Iterable; 86 <appendix> argL0 ; # org/springframework/boot/autoconfigure/AutoConfigurationImportSelector$AutoConfigurationGroup$$Lambda+0x000000001523c0f8
instanceKlass  @bci org/springframework/boot/autoconfigure/AutoConfigurationImportSelector$AutoConfigurationGroup selectImports ()Ljava/lang/Iterable; 76 <appendix> argL0 ; # org/springframework/boot/autoconfigure/AutoConfigurationImportSelector$AutoConfigurationGroup$$Lambda+0x000000001523beb0
instanceKlass  @bci org/springframework/boot/autoconfigure/AutoConfigurationImportSelector$AutoConfigurationGroup selectImports ()Ljava/lang/Iterable; 66 <appendix> argL0 ; # org/springframework/boot/autoconfigure/AutoConfigurationImportSelector$AutoConfigurationGroup$$Lambda+0x000000001523bc68
instanceKlass  @bci org/springframework/boot/autoconfigure/AutoConfigurationImportSelector$AutoConfigurationGroup selectImports ()Ljava/lang/Iterable; 35 <appendix> argL0 ; # org/springframework/boot/autoconfigure/AutoConfigurationImportSelector$AutoConfigurationGroup$$Lambda+0x000000001523ba20
instanceKlass  @bci org/springframework/boot/autoconfigure/AutoConfigurationImportSelector$AutoConfigurationGroup selectImports ()Ljava/lang/Iterable; 25 <appendix> argL0 ; # org/springframework/boot/autoconfigure/AutoConfigurationImportSelector$AutoConfigurationGroup$$Lambda+0x000000001523b7d8
instanceKlass org/springframework/boot/autoconfigure/condition/ConditionEvaluationReportAutoConfigurationImportListener
instanceKlass org/springframework/boot/autoconfigure/AutoConfigurationImportListener
instanceKlass org/springframework/boot/autoconfigure/condition/ConditionalOnSingleCandidate
instanceKlass org/springframework/boot/autoconfigure/condition/ConditionalOnBean
instanceKlass org/springframework/boot/autoconfigure/condition/ConditionalOnWebApplication
instanceKlass org/springframework/boot/autoconfigure/condition/ConditionEvaluationReport$ConditionAndOutcome
instanceKlass  @bci org/springframework/boot/autoconfigure/condition/ConditionEvaluationReport recordConditionEvaluation (Ljava/lang/String;Lorg/springframework/context/annotation/Condition;Lorg/springframework/boot/autoconfigure/condition/ConditionOutcome;)V 34 <appendix> argL0 ; # org/springframework/boot/autoconfigure/condition/ConditionEvaluationReport$$Lambda+0x000000001523a270
instanceKlass org/springframework/boot/autoconfigure/condition/ConditionEvaluationReport$ConditionAndOutcomes
instanceKlass org/springframework/web/multipart/support/StandardServletMultipartResolver
instanceKlass org/springframework/web/multipart/MultipartResolver
instanceKlass jakarta/servlet/MultipartConfigElement
instanceKlass org/springframework/web/filter/GenericFilterBean
instanceKlass jakarta/servlet/Filter
instanceKlass io/micrometer/observation/Observation
instanceKlass io/micrometer/observation/ObservationView
instanceKlass org/springframework/web/servlet/config/annotation/WebMvcConfigurer
instanceKlass org/springframework/boot/web/server/servlet/ConfigurableServletWebServerFactory
instanceKlass org/springframework/boot/web/server/servlet/WebListenerRegistry
instanceKlass org/springframework/boot/web/server/servlet/ServletWebServerFactory
instanceKlass org/apache/coyote/UpgradeProtocol
instanceKlass org/springframework/http/ReactiveHttpInputMessage
instanceKlass org/springframework/boot/web/server/AbstractConfigurableWebServerFactory
instanceKlass org/thymeleaf/TemplateEngine
instanceKlass org/springframework/boot/web/server/reactive/ConfigurableReactiveWebServerFactory
instanceKlass org/springframework/boot/web/server/reactive/ReactiveWebServerFactory
instanceKlass org/thymeleaf/spring6/ISpringTemplateEngine
instanceKlass org/thymeleaf/ITemplateEngine
instanceKlass org/springframework/boot/tomcat/ConfigurableTomcatWebServerFactory
instanceKlass org/springframework/boot/web/server/ConfigurableWebServerFactory
instanceKlass org/springframework/boot/web/error/ErrorPageRegistry
instanceKlass org/springframework/boot/web/server/WebServerFactory
instanceKlass org/springframework/scheduling/TaskScheduler
instanceKlass org/apache/catalina/startup/Tomcat
instanceKlass org/springframework/util/CustomizableThreadCreator
instanceKlass org/springframework/scheduling/SchedulingTaskExecutor
instanceKlass org/springframework/core/task/AsyncTaskExecutor
instanceKlass org/springframework/core/task/TaskExecutor
instanceKlass org/springframework/jmx/support/MBeanRegistrationSupport
instanceKlass org/springframework/boot/autoconfigure/condition/ConditionMessage$ItemsBuilder
instanceKlass org/springframework/boot/autoconfigure/condition/ConditionMessage$Builder
instanceKlass org/springframework/jmx/export/MBeanExportOperations
instanceKlass org/springframework/boot/autoconfigure/condition/ConditionMessage
instanceKlass org/springframework/boot/autoconfigure/condition/ConditionalOnClass
instanceKlass org/springframework/boot/autoconfigure/condition/ConditionOutcome
instanceKlass java/lang/Thread$ThreadNumbering
instanceKlass  @bci org/springframework/boot/autoconfigure/condition/OnClassCondition$ThreadedOutcomesResolver <init> (Lorg/springframework/boot/autoconfigure/condition/OnClassCondition$OutcomesResolver;)V 11 <appendix> member <vmtarget> ; # org/springframework/boot/autoconfigure/condition/OnClassCondition$ThreadedOutcomesResolver$$Lambda+0x0000000015230000
instanceKlass org/springframework/boot/autoconfigure/condition/OnClassCondition$ThreadedOutcomesResolver
instanceKlass org/springframework/boot/autoconfigure/condition/OnClassCondition$StandardOutcomesResolver
instanceKlass org/springframework/boot/autoconfigure/AutoConfigurationMetadataLoader$PropertiesAutoConfigurationMetadata
instanceKlass org/springframework/boot/autoconfigure/AutoConfigurationMetadata
instanceKlass org/springframework/boot/autoconfigure/AutoConfigurationMetadataLoader
instanceKlass org/springframework/boot/autoconfigure/AutoConfigurationImportSelector$ConfigurationClassFilter
instanceKlass org/springframework/boot/autoconfigure/condition/OnClassCondition$OutcomesResolver
instanceKlass org/springframework/boot/autoconfigure/condition/OnBeanCondition$Spec
instanceKlass org/springframework/boot/autoconfigure/condition/SpringBootCondition
instanceKlass org/springframework/context/annotation/ConfigurationCondition
instanceKlass org/springframework/boot/autoconfigure/AutoConfigurationImportFilter
instanceKlass  @bci org/springframework/boot/autoconfigure/AutoConfigurationImportSelector getExcludeAutoConfigurationsProperty ()Ljava/util/List; 35 <appendix> argL0 ; # org/springframework/boot/autoconfigure/AutoConfigurationImportSelector$$Lambda+0x000000001522d730
instanceKlass org/springframework/boot/context/annotation/ImportCandidates
instanceKlass  @bci org/springframework/boot/autoconfigure/AutoConfigurationImportSelector getAttributes (Lorg/springframework/core/type/AnnotationMetadata;)Lorg/springframework/core/annotation/AnnotationAttributes; 31 <appendix> member <vmtarget> ; # org/springframework/boot/autoconfigure/AutoConfigurationImportSelector$$Lambda+0x000000001522d2b0
instanceKlass org/springframework/boot/autoconfigure/AutoConfigurationReplacements
instanceKlass  @bci org/springframework/boot/autoconfigure/AutoConfigurationImportSelector$AutoConfigurationGroup process (Lorg/springframework/core/type/AnnotationMetadata;Lorg/springframework/context/annotation/DeferredImportSelector;)V 5 <appendix> member <vmtarget> ; # org/springframework/boot/autoconfigure/AutoConfigurationImportSelector$AutoConfigurationGroup$$Lambda+0x000000001522ce68
instanceKlass  @bci org/springframework/context/annotation/ConfigurationClassParser$DeferredImportSelectorGroupingHandler register (Lorg/springframework/context/annotation/ConfigurationClassParser$DeferredImportSelectorHolder;)V 25 <appendix> member <vmtarget> ; # org/springframework/context/annotation/ConfigurationClassParser$DeferredImportSelectorGroupingHandler$$Lambda+0x000000001522cc18
instanceKlass org/springframework/context/annotation/ConfigurationClassParser$DeferredImportSelectorGrouping
instanceKlass org/springframework/boot/autoconfigure/AutoConfigurationImportSelector$AutoConfigurationGroup
instanceKlass org/springframework/context/annotation/DeferredImportSelector$Group
instanceKlass  @bci org/springframework/context/annotation/ConfigurationClassParser$DeferredImportSelectorHandler process ()V 42 <appendix> member <vmtarget> ; # org/springframework/context/annotation/ConfigurationClassParser$DeferredImportSelectorHandler$$Lambda+0x000000001522c320
instanceKlass org/springframework/context/annotation/ConfigurationClassParser$DeferredImportSelectorGroupingHandler
instanceKlass  @bci org/springframework/core/type/StandardAnnotationMetadata getAnnotatedMethods (Ljava/lang/String;)Ljava/util/Set; 27 <appendix> member <vmtarget> ; # org/springframework/core/type/StandardAnnotationMetadata$$Lambda+0x000000001522bec8
instanceKlass  @bci java/util/function/Predicate or (Ljava/util/function/Predicate;)Ljava/util/function/Predicate; 7 <appendix> member <vmtarget> ; # java/util/function/Predicate$$Lambda+0x0000000015258910
instanceKlass  @bci org/springframework/boot/autoconfigure/AutoConfigurationImportSelector getExclusionFilter ()Ljava/util/function/Predicate; 1 <appendix> member <vmtarget> ; # org/springframework/boot/autoconfigure/AutoConfigurationImportSelector$$Lambda+0x000000001522bc68
instanceKlass org/springframework/boot/autoconfigure/AutoConfiguration
instanceKlass org/springframework/boot/autoconfigure/AutoConfigurationImportSelector$AutoConfigurationEntry
instanceKlass org/springframework/beans/factory/BeanRegistrar
instanceKlass org/springframework/context/annotation/Bean
instanceKlass  @bci org/springframework/core/type/AnnotationMetadata getAnnotationTypes ()Ljava/util/Set; 31 <appendix> argL0 ; # org/springframework/core/type/AnnotationMetadata$$Lambda+0x000000001522b200
instanceKlass  @bci org/springframework/core/type/AnnotationMetadata getAnnotationTypes ()Ljava/util/Set; 21 <appendix> argL0 ; # org/springframework/core/type/AnnotationMetadata$$Lambda+0x000000001522afb8
instanceKlass  @bci org/springframework/core/type/AnnotationMetadata getAnnotationTypes ()Ljava/util/Set; 11 <appendix> argL0 ; # org/springframework/core/type/AnnotationMetadata$$Lambda+0x000000001522ad60
instanceKlass  @bci org/springframework/http/converter/support/AllEncompassingFormHttpMessageConverter <init> ()V 21 <appendix> member <vmtarget> ; # org/springframework/http/converter/support/AllEncompassingFormHttpMessageConverter$$Lambda+0x000000001522ab20
instanceKlass org/springframework/http/converter/DefaultHttpMessageConverters
instanceKlass  @bci org/springframework/http/converter/support/AllEncompassingFormHttpMessageConverter <init> (Ljava/lang/Iterable;)V 6 <appendix> member <vmtarget> ; # org/springframework/http/converter/support/AllEncompassingFormHttpMessageConverter$$Lambda+0x000000001522a660
instanceKlass tools/jackson/databind/JacksonModule
instanceKlass org/springframework/http/converter/json/ProblemDetailJacksonMixin
instanceKlass org/springframework/http/ProblemDetail
instanceKlass tools/jackson/databind/ser/FilterProvider
instanceKlass org/springframework/http/converter/SmartHttpMessageConverter
instanceKlass org/springframework/core/annotation/MergedAnnotationsCollection$AnnotationsSpliterator
instanceKlass  @bci org/springframework/core/type/classreading/ClassFileAnnotationMetadata$Builder nestMembers (Ljava/lang/String;Ljava/lang/classfile/attribute/InnerClassesAttribute;)V 98 <appendix> member <vmtarget> ; # org/springframework/core/type/classreading/ClassFileAnnotationMetadata$Builder$$Lambda+0x00000000152283f8
instanceKlass java/lang/classfile/attribute/InnerClassInfo
instanceKlass org/springframework/http/converter/DefaultHttpMessageConverters$DefaultBuilder
instanceKlass java/lang/classfile/attribute/RuntimeInvisibleAnnotationsAttribute
instanceKlass org/springframework/http/converter/HttpMessageConverters$ServerBuilder
instanceKlass org/springframework/http/converter/HttpMessageConverters$ClientBuilder
instanceKlass org/springframework/http/converter/HttpMessageConverters$Builder
instanceKlass org/springframework/http/converter/HttpMessageConverters
instanceKlass java/lang/classfile/attribute/BootstrapMethodsAttribute
instanceKlass org/apache/commons/logging/impl/NoOpLog
instanceKlass org/springframework/core/log/CompositeLog
instanceKlass org/springframework/core/log/LogDelegateFactory
instanceKlass  @bci org/springframework/core/type/AnnotationMetadata hasMetaAnnotation (Ljava/lang/String;)Z 7 <appendix> argL0 ; # org/springframework/core/type/AnnotationMetadata$$Lambda+0x0000000015226120
instanceKlass org/springframework/http/HttpLogging
instanceKlass org/springframework/http/converter/AbstractHttpMessageConverter
instanceKlass org/springframework/stereotype/Controller
instanceKlass org/springframework/util/MimeType
instanceKlass org/springframework/web/bind/annotation/PostMapping
instanceKlass org/springframework/http/HttpOutputMessage
instanceKlass org/springframework/http/HttpMessage
instanceKlass java/lang/classfile/attribute/RuntimeVisibleParameterAnnotationsAttribute
instanceKlass org/springframework/http/StreamingHttpOutputMessage$Body
instanceKlass java/lang/classfile/attribute/MethodParametersAttribute
instanceKlass org/springframework/http/converter/FormHttpMessageConverter
instanceKlass org/springframework/http/converter/HttpMessageConverter
instanceKlass  @bci org/springframework/core/annotation/TypeMappedAnnotation of (Ljava/lang/ClassLoader;Ljava/lang/Object;Ljava/lang/Class;Ljava/util/Map;)Lorg/springframework/core/annotation/MergedAnnotation; 26 <appendix> argL0 ; # org/springframework/core/annotation/TypeMappedAnnotation$$Lambda+0x000000001521ebf0
instanceKlass org/springframework/web/bind/annotation/ControllerMappingReflectiveProcessor
instanceKlass org/springframework/aot/hint/annotation/SimpleReflectiveProcessor
instanceKlass org/springframework/aot/hint/annotation/ReflectiveProcessor
instanceKlass org/jcp/xml/dsig/internal/dom/XMLDSigRI$2
instanceKlass org/jcp/xml/dsig/internal/dom/XMLDSigRI$1
instanceKlass sun/security/smartcardio/SunPCSC$1
instanceKlass  @bci sun/security/pkcs11/SunPKCS11 register (Lsun/security/pkcs11/SunPKCS11$Descriptor;)V 27 <appendix> argL0 ; # sun/security/pkcs11/SunPKCS11$$Lambda+0x000000001521b4d8
instanceKlass sun/security/pkcs11/SunPKCS11$Descriptor
instanceKlass javax/security/auth/callback/CallbackHandler
instanceKlass javax/security/auth/Subject
instanceKlass org/springframework/http/HttpMethod
instanceKlass org/springframework/aot/hint/annotation/Reflective
instanceKlass org/springframework/web/bind/annotation/Mapping
instanceKlass org/springframework/web/bind/annotation/RequestMapping
instanceKlass  @bci org/springframework/core/type/classreading/ClassFileAnnotationDelegate parseArrayValue (Ljava/lang/String;Ljava/lang/ClassLoader;Ljava/lang/classfile/AnnotationValue$OfArray;)Ljava/lang/Object; 222 <appendix> member <vmtarget> ; # org/springframework/core/type/classreading/ClassFileAnnotationDelegate$$Lambda+0x000000001521c460
instanceKlass  @cpi org/springframework/core/type/classreading/ClassFileAnnotationDelegate 466 form vmentry <vmtarget> ; # java/lang/invoke/LambdaForm$DMH+0x0000000015218400
instanceKlass  @bci org/springframework/core/type/classreading/ClassFileAnnotationDelegate parseArrayValue (Ljava/lang/String;Ljava/lang/ClassLoader;Ljava/lang/classfile/AnnotationValue$OfArray;)Ljava/lang/Object; 210 <appendix> member <vmtarget> ; # org/springframework/core/type/classreading/ClassFileAnnotationDelegate$$Lambda+0x000000001521c210
instanceKlass  @bci org/springframework/core/type/classreading/ClassFileAnnotationDelegate resolveArrayElementType (Ljava/util/List;Ljava/lang/ClassLoader;)Ljava/lang/Class; 23 <appendix> member <vmtarget> ; # org/springframework/core/type/classreading/ClassFileAnnotationDelegate$$TypeSwitch+0x000000001521c000
instanceKlass  @bci org/springframework/core/type/classreading/ClassFileAnnotationDelegate parseArrayValue (Ljava/lang/String;Ljava/lang/ClassLoader;Ljava/lang/classfile/AnnotationValue$OfArray;)Ljava/lang/Object; 59 <appendix> member <vmtarget> ; # org/springframework/core/type/classreading/ClassFileAnnotationDelegate$$TypeSwitch+0x0000000015217be8
instanceKlass java/lang/classfile/AnnotationValue$OfLong
instanceKlass java/lang/classfile/AnnotationValue$OfDouble
instanceKlass java/lang/classfile/AnnotationValue$OfInt
instanceKlass  @bci org/springframework/core/type/classreading/ClassFileAnnotationDelegate readAnnotationValue (Ljava/lang/String;Ljava/lang/classfile/AnnotationValue;Ljava/lang/ClassLoader;)Ljava/lang/Object; 13 <appendix> member <vmtarget> ; # org/springframework/core/type/classreading/ClassFileAnnotationDelegate$$TypeSwitch+0x00000000152179d8
instanceKlass java/lang/classfile/AnnotationValue$OfEnum
instanceKlass java/lang/classfile/AnnotationValue$OfClass
instanceKlass java/lang/classfile/AnnotationValue$OfAnnotation
instanceKlass org/springframework/web/bind/annotation/GetMapping
instanceKlass sun/security/jca/ProviderConfig$ProviderLoader
instanceKlass  @bci org/springframework/core/type/classreading/ClassFileAnnotationDelegate createMergedAnnotations (Ljava/lang/String;Ljava/lang/classfile/attribute/RuntimeVisibleAnnotationsAttribute;Ljava/lang/ClassLoader;)Lorg/springframework/core/annotation/MergedAnnotations; 23 <appendix> argL0 ; # org/springframework/core/type/classreading/ClassFileAnnotationDelegate$$Lambda+0x0000000015217578
instanceKlass  @bci org/springframework/core/type/classreading/ClassFileAnnotationDelegate createMergedAnnotations (Ljava/lang/String;Ljava/lang/classfile/attribute/RuntimeVisibleAnnotationsAttribute;Ljava/lang/ClassLoader;)Lorg/springframework/core/annotation/MergedAnnotations; 13 <appendix> member <vmtarget> ; # org/springframework/core/type/classreading/ClassFileAnnotationDelegate$$Lambda+0x0000000015217328
instanceKlass java/lang/classfile/AnnotationValue$OfArray
instanceKlass java/lang/classfile/AnnotationValue$OfString
instanceKlass java/lang/classfile/AnnotationValue$OfConstant
instanceKlass java/lang/classfile/AnnotationValue
instanceKlass org/springframework/core/type/classreading/ClassFileAnnotationDelegate
instanceKlass  @bci org/springframework/core/type/classreading/ClassFileMethodMetadata of (Ljava/lang/classfile/MethodModel;Ljava/lang/ClassLoader;)Lorg/springframework/core/type/classreading/ClassFileMethodMetadata; 118 <appendix> member <vmtarget> ; # org/springframework/core/type/classreading/ClassFileMethodMetadata$$Lambda+0x0000000015216ec8
instanceKlass  @bci org/springframework/core/type/classreading/ClassFileMethodMetadata of (Ljava/lang/classfile/MethodModel;Ljava/lang/ClassLoader;)Lorg/springframework/core/type/classreading/ClassFileMethodMetadata; 101 <appendix> argL0 ; # org/springframework/core/type/classreading/ClassFileMethodMetadata$$Lambda+0x0000000015216c70
instanceKlass java/lang/classfile/instruction/MonitorInstruction
instanceKlass java/lang/classfile/instruction/ThrowInstruction
instanceKlass java/lang/classfile/instruction/ReturnInstruction
instanceKlass java/lang/classfile/instruction/ConvertInstruction
instanceKlass java/lang/classfile/instruction/OperatorInstruction
instanceKlass java/lang/classfile/instruction/StackInstruction
instanceKlass java/lang/classfile/instruction/ArrayStoreInstruction
instanceKlass java/lang/classfile/instruction/StoreInstruction
instanceKlass java/lang/classfile/instruction/ArrayLoadInstruction
instanceKlass java/lang/classfile/instruction/LoadInstruction
instanceKlass java/lang/classfile/instruction/ConstantInstruction$IntrinsicConstantInstruction
instanceKlass java/lang/classfile/instruction/ConstantInstruction
instanceKlass java/lang/classfile/instruction/NopInstruction
instanceKlass jdk/internal/classfile/impl/CodeImpl$3
instanceKlass java/lang/classfile/Instruction
instanceKlass java/lang/classfile/attribute/CodeAttribute
instanceKlass java/lang/classfile/CodeModel
instanceKlass  @bci org/springframework/core/type/classreading/ClassFileMethodMetadata of (Ljava/lang/classfile/MethodModel;Ljava/lang/ClassLoader;)Lorg/springframework/core/type/classreading/ClassFileMethodMetadata; 25 <appendix> argL0 ; # org/springframework/core/type/classreading/ClassFileMethodMetadata$$Lambda+0x0000000015216810
instanceKlass java/security/spec/ECFieldF2m
instanceKlass org/springframework/core/type/classreading/ClassFileMethodMetadata
instanceKlass org/springframework/core/type/MethodMetadata
instanceKlass  @bci org/springframework/core/type/classreading/ClassFileAnnotationMetadata lambda$of$0 (Lorg/springframework/core/type/classreading/ClassFileAnnotationMetadata$Builder;Ljava/lang/classfile/ClassModel;Ljava/lang/String;Ljava/lang/ClassLoader;Ljava/lang/classfile/ClassElement;)V 16 <appendix> member <vmtarget> ; # org/springframework/core/type/classreading/ClassFileAnnotationMetadata$$TypeSwitch+0x00000000152160f8
instanceKlass java/lang/classfile/instruction/SwitchCase
instanceKlass  @bci java/lang/runtime/SwitchBootstraps generateTypeSwitchSkeleton (Ljava/lang/Class;[Ljava/lang/Object;Ljava/util/List;Ljava/util/List;)Ljava/util/function/Consumer; 45 <appendix> member <vmtarget> ; # java/lang/runtime/SwitchBootstraps$$Lambda+0x800000019
instanceKlass  @bci java/lang/runtime/SwitchBootstraps generateTypeSwitch (Ljava/lang/invoke/MethodHandles$Lookup;Ljava/lang/Class;[Ljava/lang/Object;)Ljava/lang/invoke/MethodHandle; 70 <appendix> member <vmtarget> ; # java/lang/runtime/SwitchBootstraps$$Lambda+0x800000018
instanceKlass sun/security/util/ObjectIdentifier
instanceKlass sun/security/util/ByteArrayTagOrder
instanceKlass sun/security/util/ByteArrayLexOrder
instanceKlass jdk/internal/misc/PreviewFeatures
instanceKlass java/lang/classfile/attribute/InnerClassesAttribute
instanceKlass java/lang/classfile/attribute/NestHostAttribute
instanceKlass java/lang/runtime/SwitchBootstraps
instanceKlass sun/security/util/DerEncoder
instanceKlass  @bci org/springframework/core/type/classreading/ClassFileAnnotationMetadata of (Ljava/lang/classfile/ClassModel;Ljava/lang/ClassLoader;)Lorg/springframework/core/type/classreading/ClassFileAnnotationMetadata; 46 <appendix> member <vmtarget> ; # org/springframework/core/type/classreading/ClassFileAnnotationMetadata$$Lambda+0x0000000015215eb8
instanceKlass java/security/spec/ECParameterSpec
instanceKlass java/security/spec/AlgorithmParameterSpec
instanceKlass java/security/spec/ECPoint
instanceKlass java/security/spec/EllipticCurve
instanceKlass java/security/spec/ECFieldFp
instanceKlass java/security/spec/ECField
instanceKlass sun/security/util/CurveDB
instanceKlass jdk/internal/classfile/impl/ClassImpl$1
instanceKlass java/lang/classfile/ClassFileVersion
instanceKlass java/lang/classfile/AccessFlags
instanceKlass java/lang/classfile/CompoundElement$1
instanceKlass org/springframework/core/annotation/MergedAnnotationsCollection
instanceKlass org/springframework/core/type/classreading/ClassFileAnnotationMetadata$Builder
instanceKlass sun/security/rsa/SunRsaSignEntries
instanceKlass org/springframework/core/type/classreading/ClassFileAnnotationMetadata
instanceKlass java/lang/classfile/MethodModel
instanceKlass java/lang/classfile/FieldModel
instanceKlass  @bci jdk/internal/classfile/impl/ClassFileImpl attributeMapper ()Ljava/util/function/Function; 7 <appendix> argL0 ; # jdk/internal/classfile/impl/ClassFileImpl$$Lambda+0x80000004b
instanceKlass java/lang/classfile/ClassModel
instanceKlass java/lang/classfile/AttributedElement
instanceKlass java/lang/classfile/CompoundElement
instanceKlass org/springframework/core/type/classreading/ClassFileMetadataReader
instanceKlass  @bci java/util/regex/Pattern ALL ()Ljava/util/regex/Pattern$CharPredicate; 0 <appendix> argL0 ; # java/util/regex/Pattern$$Lambda+0x00000000152465a8
instanceKlass sun/security/util/SecurityProviderConstants
instanceKlass java/security/Provider$UString
instanceKlass java/security/Provider$Service
instanceKlass org/springframework/util/AntPathMatcher$AntPathStringMatcher
instanceKlass sun/security/provider/NativePRNG$NonBlocking
instanceKlass sun/security/provider/NativePRNG$Blocking
instanceKlass sun/security/provider/NativePRNG
instanceKlass sun/security/provider/SunEntries
instanceKlass sun/security/util/SecurityConstants
instanceKlass java/util/StringTokenizer
instanceKlass jdk/internal/math/FloatingDecimal$ASCIIToBinaryBuffer
instanceKlass jdk/internal/math/MathUtils
instanceKlass jdk/internal/math/FloatingDecimal$PreparedASCIIToBinaryBuffer
instanceKlass jdk/internal/math/FloatingDecimal$ASCIIToBinaryConverter
instanceKlass sun/nio/fs/BasicFileAttributesHolder
instanceKlass jdk/internal/math/FloatingDecimal$BinaryToASCIIBuffer
instanceKlass jdk/internal/math/FloatingDecimal$ExceptionalBinaryToASCIIBuffer
instanceKlass  @bci org/springframework/core/io/support/PathMatchingResourcePatternResolver doFindPathMatchingFileResources (Lorg/springframework/core/io/Resource;Ljava/lang/String;)Ljava/util/Set; 465 <appendix> member <vmtarget> ; # org/springframework/core/io/support/PathMatchingResourcePatternResolver$$Lambda+0x0000000015214ef0
instanceKlass jdk/internal/math/FloatingDecimal$BinaryToASCIIConverter
instanceKlass jdk/internal/math/FloatingDecimal
instanceKlass  @bci org/springframework/core/io/support/PathMatchingResourcePatternResolver doFindPathMatchingFileResources (Lorg/springframework/core/io/Resource;Ljava/lang/String;)Ljava/util/Set; 449 <appendix> argL0 ; # org/springframework/core/io/support/PathMatchingResourcePatternResolver$$Lambda+0x0000000015214ca8
instanceKlass javax/security/auth/login/Configuration$Parameters
instanceKlass java/security/Policy$Parameters
instanceKlass javax/crypto/KDFParameters
instanceKlass  @bci java/nio/file/Files walk (Ljava/nio/file/Path;I[Ljava/nio/file/FileVisitOption;)Ljava/util/stream/Stream; 43 <appendix> argL0 ; # java/nio/file/Files$$Lambda+0x0000000015242070
instanceKlass java/security/cert/CertStoreParameters
instanceKlass java/security/SecureRandomParameters
instanceKlass java/security/Provider$EngineDescription
instanceKlass  @bci java/nio/file/Files walk (Ljava/nio/file/Path;I[Ljava/nio/file/FileVisitOption;)Ljava/util/stream/Stream; 30 <appendix> member <vmtarget> ; # java/nio/file/Files$$Lambda+0x0000000015241818
instanceKlass  @bci java/security/Provider <clinit> ()V 28 <appendix> argL0 ; # java/security/Provider$$Lambda+0x00000000152415f0
instanceKlass  @cpi java/nio/file/Files 1118 form vmentry <vmtarget> ; # java/lang/invoke/LambdaForm$DMH+0x0000000015218000
instanceKlass java/security/Provider$ServiceKey
instanceKlass java/nio/file/FileTreeWalker$Event
instanceKlass sun/nio/fs/WindowsDirectoryStream$WindowsDirectoryIterator
instanceKlass java/nio/file/FileTreeWalker$DirectoryNode
instanceKlass sun/nio/fs/WindowsDirectoryStream
instanceKlass java/nio/file/DirectoryStream
instanceKlass java/nio/file/Files$AcceptAllFilter
instanceKlass java/nio/file/DirectoryStream$Filter
instanceKlass sun/security/jca/ProviderConfig
instanceKlass java/nio/file/FileTreeWalker$1
instanceKlass sun/security/jca/ProviderList
instanceKlass java/nio/file/FileTreeWalker
instanceKlass sun/security/jca/Providers
instanceKlass java/nio/file/FileTreeIterator
instanceKlass  @bci org/springframework/core/io/support/PathMatchingResourcePatternResolver doFindPathMatchingFileResources (Lorg/springframework/core/io/Resource;Ljava/lang/String;)Ljava/util/Set; 368 <appendix> member <vmtarget> ; # org/springframework/core/io/support/PathMatchingResourcePatternResolver$$Lambda+0x0000000015214848
instanceKlass  @cpi org/springframework/core/io/support/PathMatchingResourcePatternResolver 1119 form vmentry <vmtarget> ; # java/lang/invoke/LambdaForm$DMH+0x0000000015209400
instanceKlass sun/nio/fs/WindowsUriSupport
instanceKlass org/apache/tomcat/util/http/ConcurrentDateFormat
instanceKlass  @bci org/springframework/core/io/support/PathMatchingResourcePatternResolver findAllModulePathResources (Ljava/lang/String;)Ljava/util/Set; 52 <appendix> member <vmtarget> ; # org/springframework/core/io/support/PathMatchingResourcePatternResolver$$Lambda+0x0000000015213b78
instanceKlass org/apache/tomcat/util/http/FastHttpDateFormat
instanceKlass  @bci org/springframework/core/io/support/PathMatchingResourcePatternResolver findAllModulePathResources (Ljava/lang/String;)Ljava/util/Set; 85 <appendix> member <vmtarget> ; # org/springframework/core/io/support/PathMatchingResourcePatternResolver$$Lambda+0x0000000015213728
instanceKlass  @bci org/springframework/core/io/support/PathMatchingResourcePatternResolver findAllModulePathResources (Ljava/lang/String;)Ljava/util/Set; 38 <appendix> member <vmtarget> ; # org/springframework/core/io/support/PathMatchingResourcePatternResolver$$Lambda+0x00000000152134c8
instanceKlass org/springframework/context/annotation/ParserStrategyUtils
instanceKlass org/springframework/context/annotation/TypeFilterUtils$1
instanceKlass org/springframework/context/annotation/TypeFilterUtils
instanceKlass org/apache/catalina/SessionIdGenerator
instanceKlass jakarta/security/auth/message/MessageInfo
instanceKlass jakarta/servlet/http/HttpServletRequest
instanceKlass  @bci org/springframework/context/annotation/ConfigurationClassParser doProcessConfigurationClass (Lorg/springframework/context/annotation/ConfigurationClass;Lorg/springframework/context/annotation/ConfigurationClassParser$SourceClass;Ljava/util/function/Predicate;)Lorg/springframework/context/annotation/ConfigurationClassParser$SourceClass; 153 <appendix> argL0 ; # org/springframework/context/annotation/ConfigurationClassParser$$Lambda+0x0000000015211ec8
instanceKlass org/apache/catalina/Container
instanceKlass  @bci org/springframework/context/annotation/ConfigurationClassParser doProcessConfigurationClass (Lorg/springframework/context/annotation/ConfigurationClass;Lorg/springframework/context/annotation/ConfigurationClassParser$SourceClass;Ljava/util/function/Predicate;)Lorg/springframework/context/annotation/ConfigurationClassParser$SourceClass; 123 <appendix> argL0 ; # org/springframework/context/annotation/ConfigurationClassParser$$Lambda+0x0000000015211860
instanceKlass  @bci java/util/stream/SortedOps$RefSortingSink end ()V 48 <appendix> member <vmtarget> ; # java/util/stream/SortedOps$RefSortingSink$$Lambda+0x00000000150fcbb0
instanceKlass jakarta/servlet/http/HttpServletResponse
instanceKlass  @bci org/springframework/core/type/AnnotatedTypeMetadata getMergedRepeatableAnnotationAttributes (Ljava/lang/Class;Ljava/lang/Class;Ljava/util/function/Predicate;ZZ)Ljava/util/Set; 89 <appendix> argL0 ; # org/springframework/core/type/AnnotatedTypeMetadata$$Lambda+0x00000000152113d0
instanceKlass  @bci org/springframework/core/type/AnnotatedTypeMetadata getMergedRepeatableAnnotationAttributes (Ljava/lang/Class;Ljava/lang/Class;Ljava/util/function/Predicate;ZZ)Ljava/util/Set; 79 <appendix> member <vmtarget> ; # org/springframework/core/type/AnnotatedTypeMetadata$$Lambda+0x0000000015210f78
instanceKlass  @bci org/springframework/core/type/AnnotatedTypeMetadata getMergedRepeatableAnnotationAttributes (Ljava/lang/Class;Ljava/lang/Class;Ljava/util/function/Predicate;ZZ)Ljava/util/Set; 68 <appendix> member <vmtarget> ; # org/springframework/core/type/AnnotatedTypeMetadata$$Lambda+0x0000000015210d28
instanceKlass java/util/Collections$ReverseComparator2
instanceKlass java/util/Collections$ReverseComparator
instanceKlass org/apache/catalina/util/LifecycleBase
instanceKlass org/apache/catalina/Lifecycle
instanceKlass  @bci java/util/Comparator comparingInt (Ljava/util/function/ToIntFunction;)Ljava/util/Comparator; 6 <appendix> member <vmtarget> ; # java/util/Comparator$$Lambda+0x00000000150fb800
instanceKlass org/apache/catalina/JmxEnabled
instanceKlass  @bci org/springframework/core/type/AnnotatedTypeMetadata reversedMetaDistance ()Ljava/util/Comparator; 0 <appendix> argL0 ; # org/springframework/core/type/AnnotatedTypeMetadata$$Lambda+0x000000001520b0f0
instanceKlass javax/management/MBeanRegistration
instanceKlass  @bci org/springframework/core/annotation/MergedAnnotationPredicates typeIn ([Ljava/lang/Class;)Ljava/util/function/Predicate; 1 <appendix> member <vmtarget> ; # org/springframework/core/annotation/MergedAnnotationPredicates$$Lambda+0x000000001520ae90
instanceKlass org/springframework/core/annotation/MergedAnnotationPredicates
instanceKlass org/apache/catalina/Valve
instanceKlass org/apache/catalina/Contained
instanceKlass  @bci org/springframework/core/type/AnnotatedTypeMetadata getMergedRepeatableAnnotationAttributes (Ljava/lang/Class;Ljava/lang/Class;ZZ)Ljava/util/Set; 3 <appendix> argL0 ; # org/springframework/core/type/AnnotatedTypeMetadata$$Lambda+0x000000001520a618
instanceKlass jakarta/security/auth/message/config/RegistrationListener
instanceKlass org/springframework/context/annotation/PropertySources
instanceKlass org/springframework/context/annotation/PropertySource
instanceKlass org/apache/catalina/Authenticator
instanceKlass org/springframework/context/annotation/ConfigurationClass
instanceKlass org/springframework/context/annotation/ComponentScanAnnotationParser
instanceKlass org/springframework/core/io/support/DefaultPropertySourceFactory
instanceKlass org/springframework/core/io/support/PropertySourceFactory
instanceKlass org/springframework/core/io/support/PropertySourceProcessor
instanceKlass org/springframework/context/annotation/PropertySourceRegistry
instanceKlass org/springframework/context/annotation/ConfigurationClassParser$SourceClass
instanceKlass java/util/ResourceBundle$CacheKeyReference
instanceKlass java/util/ResourceBundle$CacheKey
instanceKlass org/springframework/context/annotation/ConfigurationClassParser$DeferredImportSelectorHandler
instanceKlass  @bci java/util/ResourceBundle$ResourceBundleControlProviderHolder <clinit> ()V 11 <appendix> argL0 ; # java/util/ResourceBundle$ResourceBundleControlProviderHolder$$Lambda+0x00000000150fa360
instanceKlass java/util/ServiceLoader$ProviderSpliterator
instanceKlass java/util/spi/ResourceBundleControlProvider
instanceKlass java/util/ResourceBundle$ResourceBundleControlProviderHolder
instanceKlass  @bci org/springframework/context/annotation/ConfigurationClassParser <clinit> ()V 16 <appendix> argL0 ; # org/springframework/context/annotation/ConfigurationClassParser$$Lambda+0x0000000015207a88
instanceKlass org/apache/tomcat/util/res/StringManager
instanceKlass org/springframework/context/annotation/ConfigurationClassParser$DeferredImportSelectorHolder
instanceKlass  @bci org/springframework/context/annotation/ConfigurationClassParser <clinit> ()V 8 <appendix> argL0 ; # org/springframework/context/annotation/ConfigurationClassParser$$Lambda+0x00000000152073d8
instanceKlass  @bci org/springframework/context/annotation/ConfigurationClassParser <clinit> ()V 0 <appendix> argL0 ; # org/springframework/context/annotation/ConfigurationClassParser$$Lambda+0x0000000015207180
instanceKlass org/apache/juli/logging/DirectJDKLog
instanceKlass org/apache/juli/logging/Log
instanceKlass org/springframework/beans/factory/parsing/Problem
instanceKlass org/apache/juli/logging/LogFactory
instanceKlass org/springframework/context/annotation/ImportRegistry
instanceKlass org/springframework/context/annotation/ConfigurationClassParser
instanceKlass  @bci sun/util/cldr/CLDRTimeZoneNameProviderImpl deriveFallbackName ([Ljava/lang/String;ILjava/util/Locale;Z)V 176 <adapter> ; # java/lang/invoke/LambdaForm$MH+0x0000000015209000
instanceKlass  @bci sun/util/cldr/CLDRTimeZoneNameProviderImpl deriveFallbackName ([Ljava/lang/String;ILjava/util/Locale;Z)V 176 <appendix> form vmentry <vmtarget> ; # java/lang/invoke/LambdaForm$DMH+0x0000000015208c00
instanceKlass  @bci org/springframework/context/annotation/ConfigurationClassPostProcessor processConfigBeanDefinitions (Lorg/springframework/beans/factory/support/BeanDefinitionRegistry;)V 144 <appendix> argL0 ; # org/springframework/context/annotation/ConfigurationClassPostProcessor$$Lambda+0x0000000015205cb0
instanceKlass  @bci sun/util/cldr/CLDRTimeZoneNameProviderImpl deriveFallbackName ([Ljava/lang/String;ILjava/util/Locale;Z)V 176 <appendix> member <vmtarget> ; # sun/util/cldr/CLDRTimeZoneNameProviderImpl$$Lambda+0x00000000150f9a50
instanceKlass org/springframework/aop/framework/AopInfrastructureBean
instanceKlass  @bci org/springframework/context/support/PostProcessorRegistrationDelegate invokeBeanDefinitionRegistryPostProcessors (Ljava/util/Collection;Lorg/springframework/beans/factory/support/BeanDefinitionRegistry;Lorg/springframework/core/metrics/ApplicationStartup;)V 44 <appendix> member <vmtarget> ; # org/springframework/context/support/PostProcessorRegistrationDelegate$$Lambda+0x0000000015205878
# instanceKlass java/lang/invoke/LambdaForm$MH+0x0000000015208800
# instanceKlass java/lang/invoke/LambdaForm$MH+0x0000000015208400
# instanceKlass java/lang/invoke/LambdaForm$MH+0x0000000015208000
instanceKlass org/springframework/beans/AbstractNestablePropertyAccessor$PropertyTokenHolder
instanceKlass sun/util/cldr/CLDRBaseLocaleDataMetaInfo$CLDRMapHolder
instanceKlass org/springframework/beans/factory/config/TypedStringValue
instanceKlass  @bci java/util/stream/Collectors joining (Ljava/lang/CharSequence;Ljava/lang/CharSequence;Ljava/lang/CharSequence;)Ljava/util/stream/Collector; 22 <appendix> argL0 ; # java/util/stream/Collectors$$Lambda+0x800000043
instanceKlass  @bci java/util/stream/Collectors joining (Ljava/lang/CharSequence;Ljava/lang/CharSequence;Ljava/lang/CharSequence;)Ljava/util/stream/Collector; 17 <appendix> argL0 ; # java/util/stream/Collectors$$Lambda+0x800000041
instanceKlass  @bci java/util/stream/Collectors joining (Ljava/lang/CharSequence;Ljava/lang/CharSequence;Ljava/lang/CharSequence;)Ljava/util/stream/Collector; 12 <appendix> argL0 ; # java/util/stream/Collectors$$Lambda+0x80000003e
instanceKlass  @bci java/util/stream/Collectors joining (Ljava/lang/CharSequence;Ljava/lang/CharSequence;Ljava/lang/CharSequence;)Ljava/util/stream/Collector; 7 <appendix> member <vmtarget> ; # java/util/stream/Collectors$$Lambda+0x800000046
instanceKlass  @bci java/lang/Class methodToString (Ljava/lang/String;[Ljava/lang/Class;)Ljava/lang/String; 42 <appendix> argL0 ; # java/lang/Class$$Lambda+0x00000000150f95f8
instanceKlass  @bci org/springframework/core/convert/TypeDescriptor <init> (Lorg/springframework/core/convert/Property;)V 38 <appendix> member <vmtarget> ; # org/springframework/core/convert/TypeDescriptor$$Lambda+0x0000000015205158
instanceKlass org/springframework/core/convert/Property
instanceKlass sun/util/resources/provider/NonBaseLocaleDataMetaInfo
instanceKlass sun/util/locale/provider/BaseLocaleDataMetaInfo
instanceKlass com/sun/beans/WildcardTypeImpl
instanceKlass com/sun/beans/WeakCache
instanceKlass com/sun/beans/TypeResolver
instanceKlass java/beans/SimpleBeanInfo
instanceKlass java/util/TreeMap$PrivateEntryIterator
instanceKlass sun/util/locale/provider/TimeZoneNameUtility$TimeZoneNameGetter
instanceKlass java/beans/MethodRef
instanceKlass sun/util/locale/provider/TimeZoneNameUtility
instanceKlass java/text/DontCareFieldPosition$1
instanceKlass java/text/Format$FieldDelegate
instanceKlass java/text/StringBufFactory$StringBuilderImpl
instanceKlass java/text/Format$StringBuf
instanceKlass java/text/StringBufFactory
instanceKlass  @bci org/apache/tomcat/util/http/CookieProcessorBase <clinit> ()V 0 <appendix> argL0 ; # org/apache/tomcat/util/http/CookieProcessorBase$$Lambda+0x0000000015204710
instanceKlass org/springframework/beans/factory/aot/BeanRegistrationAotContribution
instanceKlass org/springframework/beans/factory/support/RegisteredBean
instanceKlass org/apache/tomcat/util/http/CookieProcessorBase
instanceKlass org/apache/tomcat/util/http/CookieProcessor
instanceKlass org/springframework/beans/factory/aot/BeanFactoryInitializationAotContribution
instanceKlass org/springframework/beans/PropertyDescriptorUtils
instanceKlass tools/jackson/databind/deser/DeserializerCache
instanceKlass java/beans/BeanInfo
instanceKlass org/springframework/beans/SimpleBeanInfoFactory
instanceKlass org/springframework/beans/BeanInfoFactory
instanceKlass tools/jackson/databind/ser/SerializerCache
instanceKlass org/springframework/beans/CachedIntrospectionResults
instanceKlass org/springframework/beans/PropertyAccessorUtils
instanceKlass  @bci org/springframework/beans/factory/support/DefaultSingletonBeanRegistry registerDependentBean (Ljava/lang/String;Ljava/lang/String;)V 76 <appendix> argL0 ; # org/springframework/beans/factory/support/DefaultSingletonBeanRegistry$$Lambda+0x0000000015201268
instanceKlass  @bci org/springframework/beans/factory/support/DefaultSingletonBeanRegistry registerDependentBean (Ljava/lang/String;Ljava/lang/String;)V 19 <appendix> argL0 ; # org/springframework/beans/factory/support/DefaultSingletonBeanRegistry$$Lambda+0x0000000015200db0
instanceKlass tools/jackson/databind/cfg/ContextAttributes
instanceKlass org/springframework/beans/factory/SmartFactoryBean
instanceKlass tools/jackson/databind/cfg/ConfigOverride
instanceKlass  @bci org/springframework/beans/factory/support/DefaultSingletonBeanRegistry getSingleton (Ljava/lang/String;Lorg/springframework/beans/factory/ObjectFactory;)Ljava/lang/Object; 1155 <appendix> member <vmtarget> ; # org/springframework/beans/factory/support/DefaultSingletonBeanRegistry$$Lambda+0x0000000015200230
instanceKlass tools/jackson/databind/util/RootNameLookup
instanceKlass org/springframework/beans/factory/support/DisposableBeanAdapter
instanceKlass tools/jackson/databind/introspect/MixInHandler
instanceKlass org/springframework/beans/factory/InitializingBean
instanceKlass tools/jackson/databind/introspect/AnnotatedMethodMap
instanceKlass org/springframework/beans/factory/support/InstanceSupplier
instanceKlass org/springframework/util/function/ThrowingSupplier
instanceKlass tools/jackson/databind/introspect/AnnotationCollector$NoAnnotations
instanceKlass tools/jackson/databind/util/Annotations
instanceKlass tools/jackson/databind/introspect/AnnotationCollector
instanceKlass  @bci org/springframework/context/expression/StandardBeanExpressionResolver lambda$evaluate$1 (Lorg/springframework/beans/factory/config/BeanExpressionContext;)Lorg/springframework/expression/spel/support/StandardEvaluationContext; 93 <appendix> member <vmtarget> ; # org/springframework/context/expression/StandardBeanExpressionResolver$$Lambda+0x00000000151fe600
instanceKlass tools/jackson/databind/introspect/AnnotatedClass$Creators
instanceKlass org/springframework/expression/spel/support/StandardTypeConverter
instanceKlass org/springframework/expression/spel/support/StandardTypeLocator
instanceKlass tools/jackson/databind/BeanDescription
instanceKlass org/springframework/context/expression/BeanFactoryResolver
instanceKlass org/springframework/context/expression/EnvironmentAccessor
instanceKlass org/springframework/expression/spel/support/MapAccessor
instanceKlass org/springframework/expression/spel/CompilablePropertyAccessor
instanceKlass org/springframework/asm/Opcodes
instanceKlass org/springframework/context/expression/BeanFactoryAccessor
instanceKlass tools/jackson/databind/type/TypeFactory
instanceKlass org/springframework/expression/spel/support/ReflectivePropertyAccessor
instanceKlass org/springframework/context/expression/BeanExpressionContextAccessor
instanceKlass  @bci tools/jackson/databind/ObjectMapper <init> (Ltools/jackson/databind/cfg/MapperBuilder;)V 81 <appendix> member <vmtarget> ; # tools/jackson/databind/ObjectMapper$$Lambda+0x00000000151faa48
instanceKlass org/springframework/expression/TypedValue
instanceKlass  @bci tools/jackson/databind/ObjectMapper <init> (Ltools/jackson/databind/cfg/MapperBuilder;)V 46 <appendix> member <vmtarget> ; # tools/jackson/databind/ObjectMapper$$Lambda+0x00000000151fa5e0
instanceKlass org/springframework/expression/spel/support/StandardOperatorOverloader
instanceKlass tools/jackson/databind/deser/ValueInstantiators$Base
instanceKlass org/springframework/expression/spel/support/StandardTypeComparator
instanceKlass org/springframework/expression/OperatorOverloader
instanceKlass org/springframework/expression/TypeComparator
instanceKlass tools/jackson/databind/module/SimpleKeyDeserializers
instanceKlass  @bci org/springframework/context/expression/StandardBeanExpressionResolver evaluate (Ljava/lang/String;Lorg/springframework/beans/factory/config/BeanExpressionContext;)Ljava/lang/Object; 35 <appendix> member <vmtarget> ; # org/springframework/context/expression/StandardBeanExpressionResolver$$Lambda+0x00000000151f91a0
instanceKlass tools/jackson/databind/ser/ValueSerializerModifier
instanceKlass org/springframework/expression/spel/support/StandardEvaluationContext
instanceKlass org/springframework/expression/EvaluationContext
instanceKlass tools/jackson/databind/cfg/SerializerFactoryConfig
instanceKlass org/springframework/expression/common/LiteralExpression
instanceKlass  @bci org/springframework/context/expression/StandardBeanExpressionResolver evaluate (Ljava/lang/String;Lorg/springframework/beans/factory/config/BeanExpressionContext;)Ljava/lang/Object; 15 <appendix> member <vmtarget> ; # org/springframework/context/expression/StandardBeanExpressionResolver$$Lambda+0x00000000151f6b00
instanceKlass org/springframework/beans/factory/config/AutowiredPropertyMarker
instanceKlass org/springframework/beans/factory/support/BeanDefinitionValueResolver
instanceKlass org/springframework/beans/factory/support/AbstractBeanFactory$BeanFactoryDefaultEditorRegistrar
instanceKlass org/springframework/beans/AbstractNestablePropertyAccessor$PropertyHandler
instanceKlass org/springframework/beans/factory/parsing/PassThroughSourceExtractor
instanceKlass org/springframework/beans/BeanUtils
instanceKlass org/springframework/beans/factory/aot/BeanRegistrationCodeFragments
instanceKlass  @bci org/springframework/beans/factory/support/AbstractBeanFactory doGetBean (Ljava/lang/String;Ljava/lang/Class;[Ljava/lang/Object;Z)Ljava/lang/Object; 472 <appendix> member <vmtarget> ; # org/springframework/beans/factory/support/AbstractBeanFactory$$Lambda+0x00000000151ef438
instanceKlass  @bci org/springframework/beans/factory/support/AbstractBeanFactory doGetBean (Ljava/lang/String;Ljava/lang/Class;[Ljava/lang/Object;Z)Ljava/lang/Object; 255 <appendix> member <vmtarget> ; # org/springframework/beans/factory/support/AbstractBeanFactory$$Lambda+0x00000000151ee670
instanceKlass org/springframework/beans/factory/support/NullBean
instanceKlass  @bci org/springframework/beans/factory/BeanFactoryUtils transformedBeanName (Ljava/lang/String;)Ljava/lang/String; 29 <appendix> argL0 ; # org/springframework/beans/factory/BeanFactoryUtils$$Lambda+0x00000000151ee218
instanceKlass org/springframework/beans/factory/support/AbstractBeanFactory$BeanPostProcessorCache
instanceKlass  @bci org/springframework/core/annotation/TypeMappedAnnotation getValueExtractor (Ljava/lang/Object;)Lorg/springframework/core/annotation/ValueExtractor; 7 <appendix> argL0 ; # org/springframework/core/annotation/TypeMappedAnnotation$$Lambda+0x00000000151ec450
instanceKlass  @bci tools/jackson/databind/ext/javatime/ser/ZonedDateTimeSerializer <init> (Ljava/time/format/DateTimeFormatter;)V 13 <appendix> argL0 ; # tools/jackson/databind/ext/javatime/ser/ZonedDateTimeSerializer$$Lambda+0x00000000151ec228
instanceKlass  @bci tools/jackson/databind/ext/javatime/ser/ZonedDateTimeSerializer <init> (Ljava/time/format/DateTimeFormatter;)V 8 <appendix> argL0 ; # tools/jackson/databind/ext/javatime/ser/ZonedDateTimeSerializer$$Lambda+0x00000000151ec000
instanceKlass  @cpi tools/jackson/databind/ext/javatime/ser/ZonedDateTimeSerializer 223 form vmentry <vmtarget> ; # java/lang/invoke/LambdaForm$DMH+0x00000000151e8000
instanceKlass  @bci tools/jackson/databind/ext/javatime/ser/ZonedDateTimeSerializer <init> (Ljava/time/format/DateTimeFormatter;)V 3 <appendix> argL0 ; # tools/jackson/databind/ext/javatime/ser/ZonedDateTimeSerializer$$Lambda+0x00000000151e4c00
instanceKlass org/springframework/beans/factory/config/RuntimeBeanReference
instanceKlass org/springframework/beans/factory/config/BeanReference
instanceKlass  @bci tools/jackson/databind/ext/javatime/ser/OffsetDateTimeSerializer <init> ()V 13 <appendix> argL0 ; # tools/jackson/databind/ext/javatime/ser/OffsetDateTimeSerializer$$Lambda+0x00000000151e5800
instanceKlass  @bci tools/jackson/databind/ext/javatime/ser/OffsetDateTimeSerializer <init> ()V 8 <appendix> argL0 ; # tools/jackson/databind/ext/javatime/ser/OffsetDateTimeSerializer$$Lambda+0x00000000151e77c0
instanceKlass  @bci tools/jackson/databind/ext/javatime/ser/OffsetDateTimeSerializer <init> ()V 3 <appendix> argL0 ; # tools/jackson/databind/ext/javatime/ser/OffsetDateTimeSerializer$$Lambda+0x00000000151e7598
instanceKlass org/springframework/beans/MutablePropertyValues
instanceKlass  @cpi tools/jackson/databind/ext/javatime/ser/ZonedDateTimeSerializer 219 form vmentry <vmtarget> ; # java/lang/invoke/LambdaForm$DMH+0x00000000151e4800
# instanceKlass java/lang/invoke/LambdaForm$DMH+0x00000000151e4400
instanceKlass org/springframework/beans/factory/support/BeanDefinitionBuilder
instanceKlass  @bci tools/jackson/databind/ext/javatime/ser/InstantSerializer <init> ()V 13 <appendix> argL0 ; # tools/jackson/databind/ext/javatime/ser/InstantSerializer$$Lambda+0x00000000151e6708
instanceKlass  @bci org/springframework/boot/autoconfigure/SharedMetadataReaderFactoryContextInitializer$CachingMetadataReaderFactoryPostProcessor register (Lorg/springframework/beans/factory/support/BeanDefinitionRegistry;)V 13 <appendix> argL0 ; # org/springframework/boot/autoconfigure/SharedMetadataReaderFactoryContextInitializer$CachingMetadataReaderFactoryPostProcessor$$Lambda+0x00000000151e64e0
instanceKlass java/util/function/ToIntFunction
instanceKlass  @bci tools/jackson/databind/ext/javatime/ser/InstantSerializer <init> ()V 8 <appendix> argL0 ; # tools/jackson/databind/ext/javatime/ser/InstantSerializer$$Lambda+0x00000000151e62b8
instanceKlass org/springframework/boot/autoconfigure/SharedMetadataReaderFactoryContextInitializer$SharedMetadataReaderFactoryBean
instanceKlass org/springframework/beans/factory/FactoryBean
instanceKlass  @bci tools/jackson/databind/ext/javatime/ser/InstantSerializer <init> ()V 3 <appendix> argL0 ; # tools/jackson/databind/ext/javatime/ser/InstantSerializer$$Lambda+0x00000000151e3960
instanceKlass  @cpi tools/jackson/databind/ext/javatime/ser/OffsetDateTimeSerializer 109 form vmentry <vmtarget> ; # java/lang/invoke/LambdaForm$DMH+0x00000000151e4000
instanceKlass org/springframework/context/support/PostProcessorRegistrationDelegate
instanceKlass java/util/function/ToLongFunction
instanceKlass  @bci org/springframework/boot/web/server/servlet/context/ServletWebServerApplicationContext$ExistingWebApplicationScopes restore ()V 5 <appendix> member <vmtarget> ; # org/springframework/boot/web/server/servlet/context/ServletWebServerApplicationContext$ExistingWebApplicationScopes$$Lambda+0x00000000151e3510
instanceKlass org/springframework/web/context/support/WebApplicationContextUtils$WebRequestObjectFactory
instanceKlass org/springframework/web/context/request/WebRequest
instanceKlass org/springframework/web/context/request/RequestAttributes
instanceKlass tools/jackson/databind/ser/Serializers$Base
instanceKlass org/springframework/web/context/support/WebApplicationContextUtils$SessionObjectFactory
instanceKlass jakarta/servlet/http/HttpSession
instanceKlass tools/jackson/databind/util/ClassUtil$Ctor
instanceKlass org/springframework/web/context/support/WebApplicationContextUtils$ResponseObjectFactory
instanceKlass jakarta/servlet/ServletResponse
instanceKlass tools/jackson/databind/util/ClassUtil
instanceKlass org/springframework/web/context/support/WebApplicationContextUtils$RequestObjectFactory
instanceKlass jakarta/servlet/ServletRequest
instanceKlass tools/jackson/databind/util/ArrayBuilders
instanceKlass org/springframework/web/context/request/AbstractRequestAttributesScope
instanceKlass tools/jackson/databind/deser/jdk/NullKeySkippable
instanceKlass org/springframework/boot/web/server/servlet/context/ServletWebServerApplicationContext$ExistingWebApplicationScopes
instanceKlass org/springframework/web/context/ServletContextAware
instanceKlass org/springframework/web/context/support/ServletContextAwareProcessor
instanceKlass tools/jackson/databind/deser/jdk/JDKKeyDeserializers
instanceKlass org/springframework/context/support/ApplicationListenerDetector
instanceKlass tools/jackson/databind/deser/ValueDeserializerModifier
instanceKlass org/springframework/context/MessageSourceAware
instanceKlass org/springframework/context/ApplicationEventPublisherAware
instanceKlass org/springframework/beans/factory/config/BeanExpressionContext
instanceKlass tools/jackson/databind/cfg/DeserializerFactoryConfig
instanceKlass org/springframework/beans/factory/config/EmbeddedValueResolver
instanceKlass org/springframework/util/StringValueResolver
instanceKlass org/springframework/context/support/ApplicationContextAwareProcessor
instanceKlass org/springframework/beans/support/ResourceEditorRegistrar
instanceKlass com/fasterxml/jackson/annotation/ObjectIdGenerator
instanceKlass org/springframework/expression/Expression
instanceKlass org/springframework/expression/common/TemplateAwareExpressionParser
instanceKlass org/springframework/expression/spel/SpelParserConfiguration
instanceKlass org/springframework/context/expression/StandardBeanExpressionResolver$1
instanceKlass org/springframework/expression/TypeConverter
instanceKlass org/springframework/expression/TypeLocator
instanceKlass org/springframework/expression/BeanResolver
instanceKlass org/springframework/expression/PropertyAccessor
instanceKlass org/springframework/expression/TargetedAccessor
instanceKlass org/springframework/expression/ExpressionParser
instanceKlass org/springframework/expression/ParserContext
instanceKlass org/springframework/context/expression/StandardBeanExpressionResolver
instanceKlass org/springframework/web/context/request/RequestContextHolder
instanceKlass org/springframework/beans/factory/config/Scope
instanceKlass org/springframework/web/context/support/WebApplicationContextUtils
instanceKlass org/springframework/boot/context/logging/LoggingApplicationListener$Lifecycle
instanceKlass org/springframework/context/SmartLifecycle
instanceKlass org/springframework/context/Phased
instanceKlass org/springframework/beans/factory/BeanFactoryUtils
instanceKlass org/springframework/core/style/DefaultValueStyler
instanceKlass org/springframework/core/style/ValueStyler
instanceKlass org/springframework/core/style/StylerUtils
instanceKlass org/springframework/core/style/DefaultToStringStyler
instanceKlass org/springframework/core/style/ToStringStyler
instanceKlass org/springframework/core/style/ToStringCreator
instanceKlass java/util/ArrayList$SubList$1
instanceKlass sun/util/resources/LocaleData$LocaleDataResourceBundleProvider
instanceKlass java/util/spi/ResourceBundleProvider
instanceKlass  @bci org/springframework/boot/context/config/ConfigDataEnvironmentContributors getImportedMessage (Ljava/util/Set;)Ljava/lang/CharSequence; 60 <appendix> argL0 ; # org/springframework/boot/context/config/ConfigDataEnvironmentContributors$$Lambda+0x00000000151cb748
instanceKlass  @bci org/springframework/boot/context/config/ConfigDataEnvironmentContributors getImportedMessage (Ljava/util/Set;)Ljava/lang/CharSequence; 44 <appendix> form vmentry <vmtarget> ; # java/lang/invoke/LambdaForm$MH+0x00000000151cc400
instanceKlass  @bci java/util/function/Function andThen (Ljava/util/function/Function;)Ljava/util/function/Function; 7 <appendix> member <vmtarget> ; # java/util/function/Function$$Lambda+0x00000000150f4ce8
instanceKlass  @bci java/util/stream/Collectors toUnmodifiableMap (Ljava/util/function/Function;Ljava/util/function/Function;)Ljava/util/stream/Collector; 21 <appendix> argL0 ; # java/util/stream/Collectors$$Lambda+0x00000000150f4aa0
instanceKlass  @bci java/util/stream/Collectors uniqKeysMapMerger ()Ljava/util/function/BinaryOperator; 0 <appendix> argL0 ; # java/util/stream/Collectors$$Lambda+0x00000000150f4850
instanceKlass  @bci java/util/stream/Collectors uniqKeysMapAccumulator (Ljava/util/function/Function;Ljava/util/function/Function;)Ljava/util/function/BiConsumer; 2 <appendix> member <vmtarget> ; # java/util/stream/Collectors$$Lambda+0x00000000150f4610
instanceKlass  @bci java/util/stream/Collectors toMap (Ljava/util/function/Function;Ljava/util/function/Function;)Ljava/util/stream/Collector; 4 <appendix> argL0 ; # java/util/stream/Collectors$$Lambda+0x00000000150f43e8
instanceKlass  @bci java/util/function/Function identity ()Ljava/util/function/Function; 0 <appendix> argL0 ; # java/util/function/Function$$Lambda+0x00000000150f41a0
instanceKlass  @bci org/springframework/boot/SpringApplicationRunListeners contextLoaded (Lorg/springframework/context/ConfigurableApplicationContext;)V 4 <appendix> member <vmtarget> ; # org/springframework/boot/SpringApplicationRunListeners$$Lambda+0x00000000151cafd8
instanceKlass  @bci tools/jackson/databind/ext/javatime/deser/MonthDeserializer <init> (Ljava/time/format/DateTimeFormatter;)V 14 <appendix> argL0 ; # tools/jackson/databind/ext/javatime/deser/MonthDeserializer$$Lambda+0x00000000151cad90
instanceKlass org/springframework/beans/factory/support/BeanDefinitionReaderUtils
instanceKlass org/springframework/context/annotation/Proxyable
instanceKlass org/springframework/context/annotation/Description
instanceKlass org/springframework/context/annotation/Role
instanceKlass org/springframework/context/annotation/DependsOn
instanceKlass tools/jackson/databind/type/ClassKey
instanceKlass org/springframework/context/annotation/Fallback
instanceKlass org/springframework/context/annotation/Primary
instanceKlass  @bci tools/jackson/databind/ext/javatime/deser/InstantDeserializer <clinit> ()V 131 <appendix> argL0 ; # tools/jackson/databind/ext/javatime/deser/InstantDeserializer$$Lambda+0x00000000151c9ae8
instanceKlass org/springframework/context/annotation/Lazy
instanceKlass  @bci tools/jackson/databind/ext/javatime/deser/InstantDeserializer <clinit> ()V 126 <appendix> argL0 ; # tools/jackson/databind/ext/javatime/deser/InstantDeserializer$$Lambda+0x00000000151c9698
instanceKlass  @bci tools/jackson/databind/ext/javatime/deser/InstantDeserializer <clinit> ()V 121 <appendix> argL0 ; # tools/jackson/databind/ext/javatime/deser/InstantDeserializer$$Lambda+0x00000000151c9450
instanceKlass  @bci org/springframework/context/annotation/AnnotationBeanNameGenerator getMetaAnnotationTypes (Lorg/springframework/core/annotation/MergedAnnotation;)Ljava/util/Set; 24 <appendix> argL0 ; # org/springframework/context/annotation/AnnotationBeanNameGenerator$$Lambda+0x00000000151c9228
instanceKlass  @bci tools/jackson/databind/ext/javatime/deser/InstantDeserializer <clinit> ()V 116 <appendix> argL0 ; # tools/jackson/databind/ext/javatime/deser/InstantDeserializer$$Lambda+0x00000000151c8fe0
instanceKlass  @bci org/springframework/context/annotation/AnnotationBeanNameGenerator getMetaAnnotationTypes (Lorg/springframework/core/annotation/MergedAnnotation;)Ljava/util/Set; 14 <appendix> argL0 ; # org/springframework/context/annotation/AnnotationBeanNameGenerator$$Lambda+0x00000000151c8d98
instanceKlass  @bci tools/jackson/databind/ext/javatime/deser/InstantDeserializer <clinit> ()V 89 <appendix> argL0 ; # tools/jackson/databind/ext/javatime/deser/InstantDeserializer$$Lambda+0x00000000151c8b60
instanceKlass  @bci tools/jackson/databind/ext/javatime/deser/InstantDeserializer <clinit> ()V 84 <appendix> argL0 ; # tools/jackson/databind/ext/javatime/deser/InstantDeserializer$$Lambda+0x00000000151c8918
instanceKlass  @bci tools/jackson/databind/ext/javatime/deser/InstantDeserializer <clinit> ()V 79 <appendix> argL0 ; # tools/jackson/databind/ext/javatime/deser/InstantDeserializer$$Lambda+0x00000000151c86d0
instanceKlass  @bci tools/jackson/databind/ext/javatime/deser/InstantDeserializer <clinit> ()V 74 <appendix> argL0 ; # tools/jackson/databind/ext/javatime/deser/InstantDeserializer$$Lambda+0x00000000151c8488
instanceKlass  @bci org/springframework/context/annotation/AnnotationBeanNameGenerator determineBeanNameFromAnnotation (Lorg/springframework/beans/factory/annotation/AnnotatedBeanDefinition;)Ljava/lang/String; 132 <appendix> member <vmtarget> ; # org/springframework/context/annotation/AnnotationBeanNameGenerator$$Lambda+0x00000000151c8238
instanceKlass  @bci tools/jackson/databind/ext/javatime/deser/InstantDeserializer <init> (Ljava/lang/Class;Ljava/time/format/DateTimeFormatter;Ljava/util/function/Function;Ljava/util/function/Function;Ljava/util/function/Function;Ljava/util/function/BiFunction;ZZZ)V 29 <appendix> argL0 ; # tools/jackson/databind/ext/javatime/deser/InstantDeserializer$$Lambda+0x00000000151c8000
instanceKlass  @bci tools/jackson/databind/ext/javatime/deser/InstantDeserializer <clinit> ()V 46 <appendix> argL0 ; # tools/jackson/databind/ext/javatime/deser/InstantDeserializer$$Lambda+0x00000000151c7d60
instanceKlass  @bci org/springframework/core/annotation/AbstractMergedAnnotation asAnnotationAttributes ([Lorg/springframework/core/annotation/MergedAnnotation$Adapt;)Lorg/springframework/core/annotation/AnnotationAttributes; 1 <appendix> argL0 ; # org/springframework/core/annotation/AbstractMergedAnnotation$$Lambda+0x00000000151c7b18
instanceKlass tools/jackson/databind/ext/javatime/deser/InstantDeserializer$FromDecimalArguments
instanceKlass  @bci tools/jackson/databind/ext/javatime/deser/InstantDeserializer <clinit> ()V 41 <appendix> argL0 ; # tools/jackson/databind/ext/javatime/deser/InstantDeserializer$$Lambda+0x00000000151c76b8
instanceKlass  @bci org/springframework/context/annotation/AnnotationBeanNameGenerator determineBeanNameFromAnnotation (Lorg/springframework/beans/factory/annotation/AnnotatedBeanDefinition;)Ljava/lang/String; 30 <appendix> argL0 ; # org/springframework/context/annotation/AnnotationBeanNameGenerator$$Lambda+0x00000000151c7460
instanceKlass tools/jackson/databind/ext/javatime/deser/InstantDeserializer$FromIntegerArguments
instanceKlass  @bci tools/jackson/databind/ext/javatime/deser/InstantDeserializer <clinit> ()V 36 <appendix> argL0 ; # tools/jackson/databind/ext/javatime/deser/InstantDeserializer$$Lambda+0x00000000151c7000
instanceKlass  @bci org/springframework/core/annotation/TypeMappedAnnotation <init> (Lorg/springframework/core/annotation/AnnotationTypeMapping;Ljava/lang/ClassLoader;Ljava/lang/Object;Ljava/lang/Object;Lorg/springframework/core/annotation/ValueExtractor;I[I)V 100 <appendix> member <vmtarget> ; # org/springframework/core/annotation/TypeMappedAnnotation$$Lambda+0x00000000151c6dd0
instanceKlass  @bci org/springframework/context/annotation/AnnotationBeanNameGenerator getExplicitBeanName (Lorg/springframework/core/type/AnnotationMetadata;)Ljava/lang/String; 33 <appendix> argL0 ; # org/springframework/context/annotation/AnnotationBeanNameGenerator$$Lambda+0x00000000151c6880
instanceKlass  @bci org/springframework/context/annotation/AnnotationBeanNameGenerator getExplicitBeanName (Lorg/springframework/core/type/AnnotationMetadata;)Ljava/lang/String; 23 <appendix> argL0 ; # org/springframework/context/annotation/AnnotationBeanNameGenerator$$Lambda+0x00000000151c6628
instanceKlass  @bci org/springframework/context/annotation/AnnotationBeanNameGenerator getExplicitBeanName (Lorg/springframework/core/type/AnnotationMetadata;)Ljava/lang/String; 13 <appendix> argL0 ; # org/springframework/context/annotation/AnnotationBeanNameGenerator$$Lambda+0x00000000151c63e0
instanceKlass org/springframework/core/annotation/TypeMappedAnnotations$Aggregate
instanceKlass org/springframework/core/annotation/TypeMappedAnnotations$AggregatesCollector
instanceKlass org/springframework/core/annotation/TypeMappedAnnotations$AggregatesSpliterator
instanceKlass tools/jackson/databind/deser/Deserializers$Base
instanceKlass tools/jackson/databind/deser/ValueInstantiators
instanceKlass tools/jackson/databind/deser/KeyDeserializers
instanceKlass  @bci org/springframework/core/annotation/AnnotationTypeMappings forAnnotationType (Ljava/lang/Class;Lorg/springframework/core/annotation/RepeatableContainers;Lorg/springframework/core/annotation/AnnotationFilter;Ljava/util/Set;)Lorg/springframework/core/annotation/AnnotationTypeMappings; 43 <appendix> member <vmtarget> ; # org/springframework/core/annotation/AnnotationTypeMappings$$Lambda+0x00000000151c3a50
instanceKlass org/springframework/context/annotation/ScopeMetadata
instanceKlass org/springframework/beans/BeanMetadataAttribute
instanceKlass org/springframework/context/annotation/ImportResource
instanceKlass org/springframework/core/Conventions
instanceKlass org/springframework/context/annotation/ConfigurationClassUtils
instanceKlass org/springframework/boot/autoconfigure/AutoConfigurationPackages$Registrar
instanceKlass org/springframework/boot/context/annotation/DeterminableImports
instanceKlass tools/jackson/databind/KeyDeserializer
instanceKlass org/springframework/context/annotation/ImportBeanDefinitionRegistrar
instanceKlass tools/jackson/databind/ser/Serializers
instanceKlass org/springframework/context/annotation/ComponentScans
instanceKlass org/springframework/boot/autoconfigure/AutoConfigurationImportSelector
instanceKlass org/springframework/context/annotation/DeferredImportSelector
instanceKlass org/springframework/context/annotation/ImportSelector
instanceKlass tools/jackson/databind/ValueSerializer
instanceKlass tools/jackson/databind/jsonFormatVisitors/JsonFormatVisitable
instanceKlass tools/jackson/databind/deser/Deserializers
instanceKlass java/lang/Deprecated
instanceKlass tools/jackson/databind/deser/ValueInstantiator$Gettable
instanceKlass tools/jackson/databind/ValueDeserializer
instanceKlass tools/jackson/databind/deser/NullValueProvider
instanceKlass  @bci org/springframework/core/annotation/AnnotationTypeMapping processAliases (ILjava/util/List;)V 118 <appendix> argL0 ; # org/springframework/core/annotation/AnnotationTypeMapping$$Lambda+0x00000000151b4cd0
instanceKlass tools/jackson/databind/ext/javatime/JavaTimeInitializer
instanceKlass tools/jackson/databind/cfg/ModuleContextBase
instanceKlass tools/jackson/databind/cfg/DatatypeFeatures$DefaultHolder
instanceKlass tools/jackson/databind/cfg/DatatypeFeatures
instanceKlass org/springframework/boot/autoconfigure/AutoConfigurationExcludeFilter
instanceKlass tools/jackson/databind/cfg/CoercionConfig
instanceKlass tools/jackson/databind/cfg/CoercionConfigs
instanceKlass com/fasterxml/jackson/annotation/JsonFormat$Features
instanceKlass org/springframework/boot/context/TypeExcludeFilter
instanceKlass com/fasterxml/jackson/annotation/JsonFormat$Value
instanceKlass java/lang/annotation/Repeatable
instanceKlass com/fasterxml/jackson/annotation/JsonSetter$Value
instanceKlass  @bci sun/reflect/annotation/AnnotationParser parseAnnotationArray (ILjava/lang/Class;Ljava/nio/ByteBuffer;Ljdk/internal/reflect/ConstantPool;Ljava/lang/Class;)Ljava/lang/Object; 15 <appendix> member <vmtarget> ; # sun/reflect/annotation/AnnotationParser$$Lambda+0x00000000150f3498
instanceKlass tools/jackson/databind/introspect/VisibilityChecker
instanceKlass com/fasterxml/jackson/annotation/JsonInclude$Value
instanceKlass com/fasterxml/jackson/annotation/JacksonAnnotationValue
instanceKlass tools/jackson/databind/cfg/ConfigOverrides
instanceKlass org/springframework/context/annotation/Import
instanceKlass org/springframework/boot/autoconfigure/AutoConfigurationPackage
instanceKlass tools/jackson/core/sym/CharsToNameCanonicalizer$Bucket
instanceKlass tools/jackson/core/sym/CharsToNameCanonicalizer$TableInfo
instanceKlass tools/jackson/core/sym/CharsToNameCanonicalizer
instanceKlass tools/jackson/core/sym/ByteQuadsCanonicalizer$TableInfo
instanceKlass tools/jackson/core/sym/ByteQuadsCanonicalizer
instanceKlass tools/jackson/core/util/RecyclerPool$WithPool
instanceKlass org/springframework/context/annotation/Configuration
instanceKlass tools/jackson/core/util/RecyclerPool$StatefulImplBase
instanceKlass org/springframework/context/annotation/ComponentScan$Filter
instanceKlass  @bci org/springframework/core/annotation/AnnotationTypeMapping resolveAliasedForTargets ()Ljava/util/Map; 58 <appendix> argL0 ; # org/springframework/core/annotation/AnnotationTypeMapping$$Lambda+0x00000000151ac300
instanceKlass tools/jackson/core/util/RecyclerPool
instanceKlass tools/jackson/core/util/JsonRecyclerPools
instanceKlass tools/jackson/core/ErrorReportConfiguration
instanceKlass tools/jackson/core/StreamWriteConstraints
instanceKlass tools/jackson/core/StreamReadConstraints
instanceKlass org/springframework/core/annotation/TypeMappedAnnotations$IsPresent
instanceKlass org/springframework/context/annotation/Conditional
instanceKlass tools/jackson/core/ObjectWriteContext$Base
instanceKlass org/springframework/context/annotation/ComponentScan
instanceKlass org/springframework/boot/autoconfigure/EnableAutoConfiguration
instanceKlass org/springframework/boot/SpringBootConfiguration
instanceKlass  @bci sun/reflect/annotation/AnnotationParser parseClassArray (ILjava/nio/ByteBuffer;Ljdk/internal/reflect/ConstantPool;Ljava/lang/Class;)Ljava/lang/Object; 10 <appendix> member <vmtarget> ; # sun/reflect/annotation/AnnotationParser$$Lambda+0x00000000150f3010
instanceKlass org/springframework/boot/autoconfigure/SpringBootApplication
instanceKlass org/springframework/core/type/StandardClassMetadata
instanceKlass org/springframework/core/type/AnnotationMetadata
instanceKlass org/springframework/core/type/ClassMetadata
instanceKlass tools/jackson/core/async/ByteArrayFeeder
instanceKlass  @bci org/springframework/beans/factory/xml/XmlBeanDefinitionReader <init> (Lorg/springframework/beans/factory/support/BeanDefinitionRegistry;)V 94 <appendix> argL0 ; # org/springframework/beans/factory/xml/XmlBeanDefinitionReader$$Lambda+0x00000000151a0218
instanceKlass org/springframework/util/xml/XmlValidationModeDetector
instanceKlass org/springframework/util/xml/SimpleSaxErrorHandler
instanceKlass org/springframework/beans/factory/xml/DefaultDocumentLoader
instanceKlass org/springframework/beans/factory/parsing/NullSourceExtractor
instanceKlass org/springframework/beans/factory/parsing/EmptyReaderEventListener
instanceKlass org/springframework/beans/factory/parsing/FailFastProblemReporter
instanceKlass org/springframework/beans/factory/xml/DefaultBeanDefinitionDocumentReader
instanceKlass org/springframework/beans/factory/xml/BeanDefinitionDocumentReader
instanceKlass tools/jackson/core/async/ByteBufferFeeder
instanceKlass tools/jackson/core/async/NonBlockingInputFeeder
instanceKlass org/springframework/beans/factory/support/DefaultBeanNameGenerator
instanceKlass org/xml/sax/EntityResolver
instanceKlass org/springframework/beans/factory/xml/NamespaceHandlerResolver
instanceKlass org/xml/sax/ErrorHandler
instanceKlass org/springframework/beans/factory/xml/DocumentLoader
instanceKlass org/springframework/beans/factory/parsing/SourceExtractor
instanceKlass tools/jackson/core/TSFBuilder
instanceKlass org/springframework/beans/factory/parsing/ReaderEventListener
instanceKlass org/springframework/beans/factory/parsing/ProblemReporter
instanceKlass org/springframework/beans/factory/support/AbstractBeanDefinitionReader
instanceKlass tools/jackson/core/sym/PropertyNameMatcher
instanceKlass org/springframework/beans/factory/support/BeanDefinitionReader
instanceKlass tools/jackson/databind/AbstractTypeResolver
instanceKlass org/springframework/boot/BeanDefinitionLoader
instanceKlass org/springframework/boot/SpringApplication$PropertySourceOrderingBeanFactoryPostProcessor
instanceKlass  @bci org/springframework/boot/SpringApplication quoteProfiles ([Ljava/lang/String;)Ljava/util/List; 4 <appendix> argL0 ; # org/springframework/boot/SpringApplication$$Lambda+0x0000000015199320
instanceKlass  @bci org/springframework/boot/StartupInfoLogger appendVersion (Ljava/lang/StringBuilder;Ljava/lang/Class;)V 5 <appendix> member <vmtarget> ; # org/springframework/boot/StartupInfoLogger$$Lambda+0x00000000151990f0
instanceKlass  @bci org/springframework/boot/StartupInfoLogger logStarting (Lorg/apache/commons/logging/Log;)V 23 <appendix> member <vmtarget> ; # org/springframework/boot/StartupInfoLogger$$Lambda+0x0000000015198ec0
instanceKlass ch/qos/logback/core/pattern/SpacePadder
instanceKlass java/time/LocalTime$1
instanceKlass java/time/format/DateTimeFormatterBuilder$2
instanceKlass java/time/LocalDate$1
instanceKlass java/time/ZonedDateTime$1
instanceKlass java/time/temporal/TemporalQueries$7
instanceKlass java/time/temporal/TemporalQueries$6
instanceKlass java/time/temporal/TemporalQueries$5
instanceKlass java/time/temporal/TemporalQueries$4
instanceKlass java/time/temporal/TemporalQueries$3
instanceKlass java/time/temporal/TemporalQueries$2
instanceKlass java/time/temporal/TemporalQueries$1
instanceKlass java/time/temporal/TemporalQueries
instanceKlass java/time/format/DateTimePrintContext
instanceKlass ch/qos/logback/core/util/StringUtil
instanceKlass org/slf4j/helpers/FormattingTuple
instanceKlass org/slf4j/helpers/NormalizedParameters
instanceKlass org/slf4j/helpers/MessageFormatter
instanceKlass tools/jackson/databind/jsontype/TypeIdResolver
instanceKlass ch/qos/logback/classic/spi/EventArgUtil
instanceKlass tools/jackson/databind/jsontype/impl/StdTypeResolverBuilder
instanceKlass ch/qos/logback/classic/spi/IThrowableProxy
instanceKlass ch/qos/logback/classic/spi/LoggingEvent
instanceKlass tools/jackson/databind/jsontype/TypeSerializer
instanceKlass  @bci org/springframework/boot/StartupInfoLogger appendContext (Ljava/lang/StringBuilder;)V 55 <appendix> argL0 ; # org/springframework/boot/StartupInfoLogger$$Lambda+0x00000000151957a8
instanceKlass  @bci org/springframework/boot/StartupInfoLogger appendContext (Ljava/lang/StringBuilder;)V 43 <appendix> argL0 ; # org/springframework/boot/StartupInfoLogger$$Lambda+0x0000000015195170
instanceKlass java/lang/StackTraceElement$HashedModules
instanceKlass tools/jackson/databind/jsontype/TypeDeserializer
instanceKlass org/springframework/boot/system/ApplicationHome
instanceKlass  @bci org/springframework/boot/StartupInfoLogger appendPid (Ljava/lang/StringBuilder;)V 5 <appendix> member <vmtarget> ; # org/springframework/boot/StartupInfoLogger$$Lambda+0x0000000015194028
instanceKlass  @bci org/springframework/boot/StartupInfoLogger appendJavaVersion (Ljava/lang/StringBuilder;)V 4 <appendix> argL0 ; # org/springframework/boot/StartupInfoLogger$$Lambda+0x0000000015193e00
instanceKlass tools/jackson/databind/cfg/MapperConfig
instanceKlass tools/jackson/databind/introspect/MixInResolver
instanceKlass  @bci org/springframework/boot/StartupInfoLogger appendApplicationVersion (Ljava/lang/StringBuilder;)V 5 <appendix> member <vmtarget> ; # org/springframework/boot/StartupInfoLogger$$Lambda+0x0000000015193628
instanceKlass  @bci org/springframework/boot/StartupInfoLogger appendApplicationName (Ljava/lang/StringBuilder;)V 5 <appendix> member <vmtarget> ; # org/springframework/boot/StartupInfoLogger$$Lambda+0x00000000151933f8
instanceKlass  @bci org/springframework/boot/StartupInfoLogger appendAotMode (Ljava/lang/StringBuilder;)V 4 <appendix> argL0 ; # org/springframework/boot/StartupInfoLogger$$Lambda+0x00000000151931d0
instanceKlass tools/jackson/databind/jsontype/TypeResolverProvider
instanceKlass java/util/concurrent/Callable
instanceKlass  @bci org/springframework/boot/StartupInfoLogger logStarting (Lorg/apache/commons/logging/Log;)V 8 <appendix> member <vmtarget> ; # org/springframework/boot/StartupInfoLogger$$Lambda+0x0000000015192d50
instanceKlass org/springframework/boot/StartupInfoLogger
instanceKlass  @bci org/springframework/boot/SpringApplicationRunListeners contextPrepared (Lorg/springframework/context/ConfigurableApplicationContext;)V 4 <appendix> member <vmtarget> ; # org/springframework/boot/SpringApplicationRunListeners$$Lambda+0x000000001518fab8
instanceKlass  @bci org/springframework/boot/io/ProtocolResolverApplicationContextInitializer initialize (Lorg/springframework/context/ConfigurableApplicationContext;)V 24 <appendix> member <vmtarget> ; # org/springframework/boot/io/ProtocolResolverApplicationContextInitializer$$Lambda+0x000000001518e4f8
instanceKlass org/springframework/boot/io/Base64ProtocolResolver
instanceKlass org/springframework/core/io/ProtocolResolver
instanceKlass org/springframework/boot/context/ConfigurationWarningsApplicationContextInitializer$ComponentScanPackageCheck
instanceKlass org/springframework/boot/context/ConfigurationWarningsApplicationContextInitializer$Check
instanceKlass org/springframework/boot/context/ConfigurationWarningsApplicationContextInitializer$ConfigurationWarningsPostProcessor
instanceKlass tools/jackson/databind/node/JsonNodeFactory
instanceKlass org/springframework/boot/autoconfigure/logging/ConditionEvaluationReportLogger
instanceKlass tools/jackson/databind/node/JsonNodeCreator
instanceKlass  @bci org/springframework/boot/autoconfigure/logging/ConditionEvaluationReportLoggingListener$ConditionEvaluationReportListener <init> (Lorg/springframework/boot/autoconfigure/logging/ConditionEvaluationReportLoggingListener;Lorg/springframework/context/ConfigurableApplicationContext;)V 29 <appendix> member <vmtarget> ; # org/springframework/boot/autoconfigure/logging/ConditionEvaluationReportLoggingListener$ConditionEvaluationReportListener$$Lambda+0x0000000015189aa0
instanceKlass tools/jackson/databind/cfg/DefaultCacheProvider
instanceKlass org/springframework/boot/autoconfigure/condition/ConditionEvaluationReport$AncestorsMatchedCondition
instanceKlass tools/jackson/databind/cfg/CacheProvider
instanceKlass org/springframework/context/annotation/Condition
instanceKlass org/springframework/boot/autoconfigure/condition/ConditionEvaluationReport
instanceKlass org/springframework/boot/autoconfigure/logging/ConditionEvaluationReportLoggingListener$ConditionEvaluationReportListener
instanceKlass tools/jackson/core/Base64Variant
instanceKlass  @bci org/springframework/beans/factory/support/DefaultListableBeanFactory registerSingleton (Ljava/lang/String;Ljava/lang/Object;)V 15 <appendix> member <vmtarget> ; # org/springframework/beans/factory/support/DefaultListableBeanFactory$$Lambda+0x0000000015188450
instanceKlass tools/jackson/core/Base64Variants
instanceKlass  @bci org/springframework/beans/factory/support/DefaultListableBeanFactory registerSingleton (Ljava/lang/String;Ljava/lang/Object;)V 8 <appendix> member <vmtarget> ; # org/springframework/beans/factory/support/DefaultListableBeanFactory$$Lambda+0x0000000015188000
instanceKlass  @bci org/springframework/beans/factory/support/DefaultListableBeanFactory addSingleton (Ljava/lang/String;Ljava/lang/Object;)V 7 <appendix> member <vmtarget> ; # org/springframework/beans/factory/support/DefaultListableBeanFactory$$Lambda+0x0000000015180cb8
instanceKlass java/text/DigitList
instanceKlass java/text/FieldPosition
instanceKlass org/springframework/boot/context/ContextIdApplicationContextInitializer$ContextId
instanceKlass org/springframework/boot/autoconfigure/SharedMetadataReaderFactoryContextInitializer$CachingMetadataReaderFactoryPostProcessor
instanceKlass  @bci org/springframework/boot/SpringApplication applyInitializers (Lorg/springframework/context/ConfigurableApplicationContext;)V 53 <appendix> member <vmtarget> ; # org/springframework/boot/SpringApplication$$Lambda+0x0000000015181d48
instanceKlass java/text/DecimalFormatSymbols
instanceKlass  @bci org/springframework/context/index/CandidateComponentsIndexLoader loadIndex (Ljava/lang/ClassLoader;)Lorg/springframework/context/index/CandidateComponentsIndex; 16 <appendix> argL0 ; # org/springframework/context/index/CandidateComponentsIndexLoader$$Lambda+0x0000000015181b00
instanceKlass org/springframework/context/index/CandidateComponentsIndex
instanceKlass org/springframework/context/index/CandidateComponentsIndexLoader
instanceKlass  @bci org/springframework/core/io/DefaultResourceLoader getResourceCache (Ljava/lang/Class;)Ljava/util/Map; 5 <appendix> argL0 ; # org/springframework/core/io/DefaultResourceLoader$$Lambda+0x0000000015181460
instanceKlass org/springframework/core/type/classreading/MetadataReader
instanceKlass org/springframework/core/type/classreading/MetadataReaderFactoryDelegate
instanceKlass org/springframework/core/type/classreading/AbstractMetadataReaderFactory
instanceKlass org/springframework/core/io/support/ResourcePatternUtils
instanceKlass java/text/DateFormatSymbols
instanceKlass sun/util/calendar/CalendarUtils
instanceKlass sun/util/calendar/CalendarDate
instanceKlass sun/util/resources/Bundles$CacheKeyReference
instanceKlass java/util/ResourceBundle$ResourceBundleProviderHelper
instanceKlass  @bci sun/util/cldr/CLDRLocaleProviderAdapter applyAliases (Ljava/util/Locale;)Ljava/util/Locale; 4 <appendix> argL0 ; # sun/util/cldr/CLDRLocaleProviderAdapter$$Lambda+0x80000005a
instanceKlass sun/util/resources/Bundles$CacheKey
instanceKlass java/util/ResourceBundle$1
instanceKlass jdk/internal/access/JavaUtilResourceBundleAccess
instanceKlass sun/util/resources/Bundles
instanceKlass sun/util/resources/LocaleData$LocaleDataStrategy
instanceKlass sun/util/resources/Bundles$Strategy
instanceKlass sun/util/resources/LocaleData
instanceKlass sun/util/locale/provider/LocaleResources
instanceKlass org/springframework/stereotype/Indexed
instanceKlass org/springframework/stereotype/Component
instanceKlass org/springframework/core/type/filter/AbstractTypeHierarchyTraversingFilter
instanceKlass org/springframework/core/type/filter/TypeFilter
instanceKlass org/springframework/beans/factory/support/BeanDefinitionDefaults
instanceKlass org/springframework/core/type/classreading/MetadataReaderFactory
instanceKlass org/springframework/context/annotation/ClassPathScanningCandidateComponentProvider
instanceKlass org/springframework/context/event/DefaultEventListenerFactory
instanceKlass org/springframework/context/event/EventListenerFactory
instanceKlass org/springframework/context/event/EventListenerMethodProcessor
instanceKlass org/springframework/beans/factory/SmartInitializingSingleton
instanceKlass org/springframework/beans/factory/annotation/InitDestroyAnnotationBeanPostProcessor
instanceKlass org/springframework/beans/factory/config/DestructionAwareBeanPostProcessor
instanceKlass org/springframework/beans/factory/annotation/AutowiredAnnotationBeanPostProcessor
instanceKlass org/springframework/beans/factory/support/MergedBeanDefinitionPostProcessor
instanceKlass org/springframework/beans/factory/config/SmartInstantiationAwareBeanPostProcessor
instanceKlass org/springframework/beans/factory/config/InstantiationAwareBeanPostProcessor
instanceKlass org/springframework/beans/factory/config/BeanDefinitionHolder
instanceKlass  @bci org/springframework/beans/factory/support/DefaultListableBeanFactory removeManualSingletonName (Ljava/lang/String;)V 8 <appendix> member <vmtarget> ; # org/springframework/beans/factory/support/DefaultListableBeanFactory$$Lambda+0x0000000015185980
instanceKlass  @bci org/springframework/beans/factory/support/DefaultListableBeanFactory removeManualSingletonName (Ljava/lang/String;)V 2 <appendix> member <vmtarget> ; # org/springframework/beans/factory/support/DefaultListableBeanFactory$$Lambda+0x0000000015185740
instanceKlass org/springframework/beans/factory/support/MethodOverrides
instanceKlass org/springframework/context/annotation/ConfigurationClassPostProcessor
instanceKlass org/springframework/context/ApplicationStartupAware
instanceKlass org/springframework/context/ResourceLoaderAware
instanceKlass org/springframework/beans/factory/aot/BeanRegistrationAotProcessor
instanceKlass org/springframework/beans/factory/support/BeanDefinitionRegistryPostProcessor
instanceKlass org/springframework/beans/factory/annotation/Qualifier
instanceKlass org/springframework/beans/factory/annotation/Value
instanceKlass org/springframework/aop/TargetSource
instanceKlass jakarta/annotation/PostConstruct
instanceKlass org/springframework/context/annotation/AnnotationConfigUtils
instanceKlass org/springframework/context/annotation/ConditionEvaluator$ConditionContextImpl
instanceKlass org/springframework/context/annotation/ConditionContext
instanceKlass org/springframework/context/annotation/ConditionEvaluator
instanceKlass org/springframework/context/annotation/Scope
instanceKlass  @bci sun/util/locale/provider/LocaleProviderAdapter toLocaleArray (Ljava/util/Set;)[Ljava/util/Locale; 21 <appendix> argL0 ; # sun/util/locale/provider/LocaleProviderAdapter$$Lambda+0x80000005d
instanceKlass  @bci sun/util/locale/provider/LocaleProviderAdapter toLocaleArray (Ljava/util/Set;)[Ljava/util/Locale; 6 <appendix> argL0 ; # sun/util/locale/provider/LocaleProviderAdapter$$Lambda+0x80000005b
instanceKlass org/springframework/context/annotation/AnnotationScopeMetadataResolver
instanceKlass  @bci java/util/ResourceBundle$Control getCandidateLocales (Ljava/lang/String;Ljava/util/Locale;)Ljava/util/List; 23 <appendix> argL0 ; # java/util/ResourceBundle$Control$$Lambda+0x80000001d
instanceKlass  @bci java/util/ResourceBundle$Control <clinit> ()V 39 <appendix> argL0 ; # java/util/ResourceBundle$Control$$Lambda+0x80000001e
instanceKlass java/util/ResourceBundle
instanceKlass java/util/ResourceBundle$Control
instanceKlass sun/util/locale/provider/CalendarDataUtility$CalendarWeekParameterGetter
instanceKlass sun/util/locale/provider/LocaleServiceProviderPool$LocalizedObjectGetter
instanceKlass sun/util/locale/provider/LocaleServiceProviderPool
instanceKlass org/springframework/context/annotation/AnnotationBeanNameGenerator
instanceKlass java/util/Locale$Builder
instanceKlass sun/util/locale/provider/CalendarDataUtility
instanceKlass sun/util/calendar/CalendarSystem$GregorianHolder
instanceKlass sun/util/calendar/CalendarSystem
instanceKlass java/util/Calendar$Builder
instanceKlass org/springframework/beans/factory/annotation/AnnotatedBeanDefinition
instanceKlass org/springframework/core/type/AnnotatedTypeMetadata
instanceKlass org/springframework/context/annotation/ScopeMetadataResolver
instanceKlass org/springframework/beans/factory/support/BeanNameGenerator
instanceKlass org/springframework/context/annotation/AnnotatedBeanDefinitionReader
instanceKlass sun/util/locale/provider/AvailableLanguageTags
instanceKlass org/springframework/beans/factory/support/SimpleAutowireCandidateResolver
instanceKlass sun/util/resources/cldr/provider/CLDRLocaleDataMetaInfo
instanceKlass org/springframework/beans/factory/support/SimpleInstantiationStrategy
instanceKlass org/springframework/beans/factory/BeanNameAware
instanceKlass sun/util/locale/InternalLocaleBuilder$CaseInsensitiveChar
instanceKlass sun/util/locale/InternalLocaleBuilder
instanceKlass sun/util/locale/StringTokenIterator
instanceKlass java/text/ParsePosition
instanceKlass sun/util/cldr/CLDRBaseLocaleDataMetaInfo
instanceKlass sun/util/locale/provider/LocaleDataMetaInfo
instanceKlass sun/util/locale/provider/ResourceBundleBasedAdapter
instanceKlass sun/util/locale/provider/LocaleProviderAdapter
instanceKlass java/util/spi/LocaleServiceProvider
instanceKlass java/text/AttributedCharacterIterator$Attribute
instanceKlass tools/jackson/databind/cfg/BaseSettings
instanceKlass tools/jackson/databind/introspect/DefaultAccessorNamingStrategy$FirstCharBasedValidator
instanceKlass tools/jackson/databind/introspect/DefaultAccessorNamingStrategy$BaseNameValidator
instanceKlass org/springframework/beans/factory/ObjectProvider
instanceKlass org/springframework/beans/factory/ObjectFactory
instanceKlass tools/jackson/databind/introspect/AccessorNamingStrategy
instanceKlass org/springframework/beans/factory/support/AutowireCandidateResolver
instanceKlass java/util/concurrent/atomic/AtomicLongArray
instanceKlass org/springframework/util/ReflectionUtils$MethodCallback
instanceKlass tools/jackson/databind/util/internal/Linked
instanceKlass org/springframework/beans/factory/InjectionPoint
instanceKlass tools/jackson/databind/util/internal/PrivateMaxEntriesMap$Builder
instanceKlass org/springframework/beans/PropertyValues
instanceKlass tools/jackson/databind/util/SimpleLookupCache
instanceKlass org/springframework/beans/BeanWrapper
instanceKlass org/springframework/beans/ConfigurablePropertyAccessor
instanceKlass org/springframework/beans/PropertyAccessor
instanceKlass java/beans/ConstructorProperties
instanceKlass java/beans/Transient
instanceKlass tools/jackson/databind/ext/beans/JavaBeansAnnotations
instanceKlass com/fasterxml/jackson/annotation/JsonMerge
instanceKlass com/fasterxml/jackson/annotation/JsonDeserializeAs
instanceKlass tools/jackson/databind/annotation/JsonDeserialize
instanceKlass com/fasterxml/jackson/annotation/JsonManagedReference
instanceKlass org/springframework/core/AttributeAccessorSupport
instanceKlass com/fasterxml/jackson/annotation/JsonBackReference
instanceKlass com/fasterxml/jackson/annotation/JsonUnwrapped
instanceKlass com/fasterxml/jackson/annotation/JsonRawValue
instanceKlass com/fasterxml/jackson/annotation/JsonTypeInfo
instanceKlass com/fasterxml/jackson/annotation/JsonFormat
instanceKlass com/fasterxml/jackson/annotation/JsonView
instanceKlass com/fasterxml/jackson/annotation/JsonSerializeAs
instanceKlass tools/jackson/databind/annotation/JsonSerialize
instanceKlass org/springframework/beans/factory/support/InstantiationStrategy
instanceKlass tools/jackson/databind/introspect/ConcreteBeanPropertyBase
instanceKlass org/springframework/beans/factory/DisposableBean
instanceKlass tools/jackson/databind/BeanProperty
instanceKlass tools/jackson/databind/introspect/BeanPropertyDefinition
instanceKlass tools/jackson/databind/util/FullyNamed
instanceKlass tools/jackson/core/util/Named
instanceKlass tools/jackson/databind/introspect/TypeResolutionContext
instanceKlass tools/jackson/databind/introspect/Annotated
instanceKlass tools/jackson/databind/util/LookupCache
instanceKlass org/springframework/core/SimpleAliasRegistry
instanceKlass  @bci tools/jackson/core/util/Separators$Spacing apply (C)Ljava/lang/String; 9 <adapter> ; # java/lang/invoke/LambdaForm$MH+0x000000001516c800
instanceKlass  @bci tools/jackson/core/util/Separators$Spacing apply (C)Ljava/lang/String; 9 <appendix> form vmentry <vmtarget> ; # java/lang/invoke/LambdaForm$MH+0x000000001516c400
instanceKlass tools/jackson/core/util/DefaultPrettyPrinter$NopIndenter
instanceKlass tools/jackson/core/io/CharTypes
instanceKlass tools/jackson/core/io/JsonStringEncoder
instanceKlass tools/jackson/core/io/SerializedString
instanceKlass tools/jackson/core/util/Separators
instanceKlass tools/jackson/core/SerializableString
instanceKlass org/springframework/util/AntPathMatcher$PathSeparatorPatternCache
instanceKlass tools/jackson/core/util/DefaultPrettyPrinter$Indenter
instanceKlass tools/jackson/core/util/DefaultPrettyPrinter
instanceKlass tools/jackson/core/util/Instantiatable
instanceKlass org/springframework/util/AntPathMatcher
instanceKlass  @bci org/springframework/core/io/support/PathMatchingResourcePatternResolver <clinit> ()V 64 <appendix> argL0 ; # org/springframework/core/io/support/PathMatchingResourcePatternResolver$$Lambda+0x0000000015165bf0
instanceKlass tools/jackson/databind/cfg/ConfigFeature
instanceKlass  @bci org/springframework/core/io/support/PathMatchingResourcePatternResolver <clinit> ()V 40 <appendix> argL0 ; # org/springframework/core/io/support/PathMatchingResourcePatternResolver$$Lambda+0x0000000015165128
instanceKlass tools/jackson/databind/cfg/MapperBuilderState
instanceKlass tools/jackson/databind/cfg/SerializationContexts
instanceKlass tools/jackson/databind/cfg/DeserializationContexts
instanceKlass tools/jackson/databind/jsontype/TypeResolverBuilder
instanceKlass org/springframework/util/PathMatcher
instanceKlass org/springframework/core/io/support/PathMatchingResourcePatternResolver
instanceKlass tools/jackson/databind/deser/DeserializerFactory
instanceKlass tools/jackson/databind/cfg/DatatypeFeature
instanceKlass tools/jackson/databind/ser/SerializerFactory
instanceKlass org/springframework/beans/factory/config/BeanDefinition
instanceKlass org/springframework/beans/BeanMetadataElement
instanceKlass org/springframework/core/AttributeAccessor
instanceKlass tools/jackson/databind/jsontype/SubtypeResolver
instanceKlass org/springframework/beans/factory/config/ConfigurableListableBeanFactory
instanceKlass tools/jackson/databind/introspect/ClassIntrospector
instanceKlass org/springframework/context/LifecycleProcessor
instanceKlass tools/jackson/databind/JacksonModule$SetupContext
instanceKlass org/springframework/beans/PropertyEditorRegistrar
instanceKlass org/springframework/beans/factory/config/BeanExpressionResolver
instanceKlass org/springframework/core/SmartClassLoader
instanceKlass java/text/Format
instanceKlass org/springframework/beans/factory/config/BeanPostProcessor
instanceKlass tools/jackson/databind/introspect/AccessorNamingStrategy$Provider
instanceKlass tools/jackson/databind/jsontype/PolymorphicTypeValidator
instanceKlass org/springframework/beans/factory/config/AutowireCapableBeanFactory
instanceKlass tools/jackson/databind/AnnotationIntrospector
instanceKlass tools/jackson/core/PrettyPrinter
instanceKlass tools/jackson/databind/type/TypeBindings
instanceKlass tools/jackson/core/FormatFeature
instanceKlass tools/jackson/core/util/JacksonFeature
instanceKlass org/springframework/beans/factory/support/BeanDefinitionRegistry
instanceKlass org/springframework/core/AliasRegistry
instanceKlass org/springframework/boot/web/server/context/ConfigurableWebServerApplicationContext
instanceKlass org/springframework/boot/web/server/context/WebServerApplicationContext
instanceKlass tools/jackson/core/ObjectWriteContext
instanceKlass tools/jackson/core/util/BufferRecycler$Gettable
instanceKlass org/springframework/context/annotation/AnnotationConfigRegistry
instanceKlass  @bci org/springframework/boot/DefaultApplicationContextFactory create (Lorg/springframework/boot/WebApplicationType;)Lorg/springframework/context/ConfigurableApplicationContext; 8 <appendix> member <vmtarget> ; # org/springframework/boot/DefaultApplicationContextFactory$$Lambda+0x0000000015151e58
instanceKlass  @bci org/springframework/boot/DefaultApplicationContextFactory create (Lorg/springframework/boot/WebApplicationType;)Lorg/springframework/context/ConfigurableApplicationContext; 2 <appendix> argL0 ; # org/springframework/boot/DefaultApplicationContextFactory$$Lambda+0x0000000015151c20
instanceKlass tools/jackson/core/JsonGenerator
instanceKlass org/springframework/boot/SpringApplicationBannerPrinter$PrintedBanner
instanceKlass tools/jackson/core/tree/ArrayTreeNode
instanceKlass tools/jackson/core/tree/ObjectTreeNode
instanceKlass org/springframework/boot/SpringBootVersion
instanceKlass org/springframework/core/io/ContextResource
instanceKlass org/springframework/boot/SpringBootBanner
instanceKlass org/springframework/boot/Banner
instanceKlass tools/jackson/databind/JacksonSerializable$Base
instanceKlass org/springframework/boot/SpringApplicationBannerPrinter
instanceKlass tools/jackson/core/TreeNode
instanceKlass  @bci org/springframework/boot/DefaultApplicationContextFactory getEnvironmentType (Lorg/springframework/boot/WebApplicationType;)Ljava/lang/Class; 2 <appendix> argL0 ; # org/springframework/boot/DefaultApplicationContextFactory$$Lambda+0x000000001514c970
instanceKlass tools/jackson/databind/DatabindContext
instanceKlass org/springframework/boot/EnvironmentConverter
instanceKlass java/util/AbstractList$Itr
instanceKlass tools/jackson/core/JsonParser
instanceKlass  @bci org/springframework/boot/context/properties/bind/JavaBeanBinder$BeanProperty getValue (Ljava/util/function/Supplier;)Ljava/util/function/Supplier; 11 <appendix> member <vmtarget> ; # org/springframework/boot/context/properties/bind/JavaBeanBinder$BeanProperty$$Lambda+0x000000001514a870
instanceKlass  @bci org/springframework/boot/context/properties/bind/JavaBeanBinder determinePropertyName (Lorg/springframework/boot/context/properties/bind/JavaBeanBinder$BeanProperty;)Ljava/lang/String; 51 <appendix> argL0 ; # org/springframework/boot/context/properties/bind/JavaBeanBinder$$Lambda+0x000000001514a058
instanceKlass  @bci org/springframework/boot/context/properties/bind/JavaBeanBinder determinePropertyName (Lorg/springframework/boot/context/properties/bind/JavaBeanBinder$BeanProperty;)Ljava/lang/String; 43 <appendix> member <vmtarget> ; # org/springframework/boot/context/properties/bind/JavaBeanBinder$$Lambda+0x0000000015149e08
instanceKlass tools/jackson/core/ObjectReadContext
instanceKlass  @bci org/springframework/boot/context/properties/bind/JavaBeanBinder determinePropertyName (Lorg/springframework/boot/context/properties/bind/JavaBeanBinder$BeanProperty;)Ljava/lang/String; 21 <appendix> argL0 ; # org/springframework/boot/context/properties/bind/JavaBeanBinder$$Lambda+0x00000000151499a8
instanceKlass tools/jackson/databind/JacksonSerializable
instanceKlass  @bci org/springframework/boot/context/properties/bind/JavaBeanBinder$Bean getSupplier (Lorg/springframework/boot/context/properties/bind/Bindable;)Lorg/springframework/boot/context/properties/bind/JavaBeanBinder$BeanSupplier; 6 <appendix> member <vmtarget> ; # org/springframework/boot/context/properties/bind/JavaBeanBinder$Bean$$Lambda+0x0000000015148d30
instanceKlass org/springframework/boot/context/properties/bind/JavaBeanBinder$BeanSupplier
instanceKlass tools/jackson/core/type/ResolvedType
instanceKlass  @bci org/springframework/boot/context/properties/bind/JavaBeanBinder$BeanProperties addProperties ([Ljava/lang/reflect/Method;[Ljava/lang/reflect/Field;)V 166 <appendix> argL0 ; # org/springframework/boot/context/properties/bind/JavaBeanBinder$BeanProperties$$Lambda+0x0000000015148238
instanceKlass  @bci org/springframework/boot/context/properties/bind/JavaBeanBinder$BeanProperties addProperties ([Ljava/lang/reflect/Method;[Ljava/lang/reflect/Field;)V 121 <appendix> argL0 ; # org/springframework/boot/context/properties/bind/JavaBeanBinder$BeanProperties$$Lambda+0x0000000015148000
instanceKlass  @bci org/springframework/boot/context/properties/bind/JavaBeanBinder$BeanProperties addMethodIfPossible (Ljava/lang/reflect/Method;Ljava/lang/String;ILjava/util/function/BiConsumer;)V 62 <appendix> member <vmtarget> ; # org/springframework/boot/context/properties/bind/JavaBeanBinder$BeanProperties$$Lambda+0x0000000015146e80
instanceKlass java/beans/Introspector$1
instanceKlass jdk/internal/access/JavaBeansAccess
instanceKlass java/beans/FeatureDescriptor
instanceKlass java/beans/Introspector
instanceKlass tools/jackson/core/TokenStreamFactory
instanceKlass  @bci org/springframework/boot/context/properties/bind/JavaBeanBinder$BeanProperties addProperties ([Ljava/lang/reflect/Method;[Ljava/lang/reflect/Field;)V 76 <appendix> argL0 ; # org/springframework/boot/context/properties/bind/JavaBeanBinder$BeanProperties$$Lambda+0x00000000151467f0
instanceKlass org/springframework/boot/context/properties/bind/JavaBeanBinder$BeanProperty
instanceKlass tools/jackson/databind/cfg/MapperBuilder
instanceKlass  @bci org/springframework/boot/context/properties/bind/JavaBeanBinder$BeanProperties addProperties (Ljava/lang/Class;)V 40 <appendix> argL0 ; # org/springframework/boot/context/properties/bind/JavaBeanBinder$BeanProperties$$Lambda+0x00000000151456e0
instanceKlass  @bci org/springframework/boot/context/properties/bind/JavaBeanBinder$BeanProperties addProperties (Ljava/lang/Class;)V 35 <appendix> argL0 ; # org/springframework/boot/context/properties/bind/JavaBeanBinder$BeanProperties$$Lambda+0x0000000015145498
instanceKlass tools/jackson/core/util/Snapshottable
instanceKlass org/springframework/core/BridgeMethodResolver
instanceKlass tools/jackson/databind/ObjectMapper
instanceKlass tools/jackson/core/Versioned
instanceKlass tools/jackson/core/TreeCodec
instanceKlass  @bci org/springframework/boot/context/properties/bind/JavaBeanBinder$BeanProperties addProperties (Ljava/lang/Class;)V 21 <appendix> argL0 ; # org/springframework/boot/context/properties/bind/JavaBeanBinder$BeanProperties$$Lambda+0x00000000151437f8
instanceKlass  @bci org/springframework/boot/context/properties/bind/JavaBeanBinder$BeanProperties addProperties (Ljava/lang/Class;)V 16 <appendix> member <vmtarget> ; # org/springframework/boot/context/properties/bind/JavaBeanBinder$BeanProperties$$Lambda+0x00000000151435a8
instanceKlass  @bci org/springframework/boot/context/properties/bind/Bindable withExistingValue (Ljava/lang/Object;)Lorg/springframework/boot/context/properties/bind/Bindable; 64 <appendix> member <vmtarget> ; # org/springframework/boot/context/properties/bind/Bindable$$Lambda+0x0000000015143160
instanceKlass  @bci org/springframework/boot/context/properties/bind/Bindable withExistingValue (Ljava/lang/Object;)Lorg/springframework/boot/context/properties/bind/Bindable; 51 <appendix> argL0 ; # org/springframework/boot/context/properties/bind/Bindable$$Lambda+0x0000000015142f38
instanceKlass  @bci org/springframework/boot/context/properties/bind/Bindable withExistingValue (Ljava/lang/Object;)Lorg/springframework/boot/context/properties/bind/Bindable; 28 <appendix> member <vmtarget> ; # org/springframework/boot/context/properties/bind/Bindable$$Lambda+0x0000000015142d08
instanceKlass org/springframework/boot/http/converter/autoconfigure/MessageConverterBackgroundPreinitializer
instanceKlass org/springframework/boot/tomcat/autoconfigure/TomcatBackgroundPreinitializer
instanceKlass org/springframework/boot/jackson/autoconfigure/JacksonBackgroundPreinitializer
instanceKlass org/springframework/boot/autoconfigure/preinitialize/ConversionServiceBackgroundPreinitializer
instanceKlass org/springframework/boot/autoconfigure/preinitialize/CharsetsBackgroundPreinitializer
instanceKlass org/springframework/boot/autoconfigure/preinitialize/BackgroundPreinitializer
instanceKlass  @bci org/springframework/boot/logging/logback/LogbackLoggingSystem getShutdownHandler ()Ljava/lang/Runnable; 1 <appendix> member <vmtarget> ; # org/springframework/boot/logging/logback/LogbackLoggingSystem$$Lambda+0x00000000151419c0
instanceKlass  @bci org/springframework/boot/context/logging/LoggingApplicationListener setLogLevels (Lorg/springframework/boot/logging/LoggingSystem;Lorg/springframework/core/env/ConfigurableEnvironment;)V 40 <appendix> member <vmtarget> ; # org/springframework/boot/context/logging/LoggingApplicationListener$$Lambda+0x0000000015141780
instanceKlass  @bci org/springframework/boot/context/logging/LoggingApplicationListener setLogLevels (Lorg/springframework/boot/logging/LoggingSystem;Lorg/springframework/core/env/ConfigurableEnvironment;)V 23 <appendix> argL0 ; # org/springframework/boot/context/logging/LoggingApplicationListener$$Lambda+0x0000000015141558
instanceKlass  @bci org/springframework/boot/context/logging/LoggingApplicationListener getLogLevelConfigurer (Lorg/springframework/boot/logging/LoggingSystem;)Ljava/util/function/BiConsumer; 2 <appendix> member <vmtarget> ; # org/springframework/boot/context/logging/LoggingApplicationListener$$Lambda+0x0000000015141318
instanceKlass  @bci org/springframework/boot/context/logging/LoggingApplicationListener bindLoggerGroups (Lorg/springframework/core/env/ConfigurableEnvironment;)V 31 <appendix> member <vmtarget> ; # org/springframework/boot/context/logging/LoggingApplicationListener$$Lambda+0x00000000151410d8
instanceKlass ch/qos/logback/classic/pattern/TargetLengthBasedClassNameAbbreviator
instanceKlass ch/qos/logback/core/pattern/ConverterUtil
instanceKlass ch/qos/logback/classic/pattern/NamedConverter$CacheMissCalculator
instanceKlass ch/qos/logback/core/pattern/FormatInfo
instanceKlass ch/qos/logback/core/pattern/util/AsIsEscapeUtil
instanceKlass ch/qos/logback/core/pattern/parser/OptionTokenizer
instanceKlass ch/qos/logback/core/pattern/util/RestrictedEscapeUtil
instanceKlass ch/qos/logback/core/pattern/parser/TokenStream
instanceKlass ch/qos/logback/core/pattern/util/RegularEscapeUtil
instanceKlass ch/qos/logback/classic/pattern/EnsureExceptionHandling
instanceKlass  @bci ch/qos/logback/classic/PatternLayout <clinit> ()V 1443 <appendix> argL0 ; # ch/qos/logback/classic/PatternLayout$$Lambda+0x000000001513e728
instanceKlass  @bci ch/qos/logback/classic/PatternLayout <clinit> ()V 1408 <appendix> argL0 ; # ch/qos/logback/classic/PatternLayout$$Lambda+0x000000001513e1b0
instanceKlass  @bci ch/qos/logback/classic/PatternLayout <clinit> ()V 1391 <appendix> argL0 ; # ch/qos/logback/classic/PatternLayout$$Lambda+0x000000001513df88
instanceKlass  @bci ch/qos/logback/classic/PatternLayout <clinit> ()V 1356 <appendix> argL0 ; # ch/qos/logback/classic/PatternLayout$$Lambda+0x000000001513da38
instanceKlass  @bci ch/qos/logback/classic/PatternLayout <clinit> ()V 1339 <appendix> argL0 ; # ch/qos/logback/classic/PatternLayout$$Lambda+0x000000001513d4e0
instanceKlass  @bci ch/qos/logback/classic/PatternLayout <clinit> ()V 1322 <appendix> argL0 ; # ch/qos/logback/classic/PatternLayout$$Lambda+0x000000001513cf68
instanceKlass  @bci ch/qos/logback/classic/PatternLayout <clinit> ()V 1305 <appendix> argL0 ; # ch/qos/logback/classic/PatternLayout$$Lambda+0x000000001513c9f8
instanceKlass  @bci ch/qos/logback/classic/PatternLayout <clinit> ()V 1288 <appendix> argL0 ; # ch/qos/logback/classic/PatternLayout$$Lambda+0x000000001513c488
instanceKlass  @bci ch/qos/logback/classic/PatternLayout <clinit> ()V 1271 <appendix> argL0 ; # ch/qos/logback/classic/PatternLayout$$Lambda+0x000000001513bf18
instanceKlass  @bci ch/qos/logback/classic/PatternLayout <clinit> ()V 1254 <appendix> argL0 ; # ch/qos/logback/classic/PatternLayout$$Lambda+0x000000001513b9a8
instanceKlass  @bci ch/qos/logback/classic/PatternLayout <clinit> ()V 1237 <appendix> argL0 ; # ch/qos/logback/classic/PatternLayout$$Lambda+0x000000001513b438
instanceKlass  @bci ch/qos/logback/classic/PatternLayout <clinit> ()V 1220 <appendix> argL0 ; # ch/qos/logback/classic/PatternLayout$$Lambda+0x000000001513aec8
instanceKlass  @bci ch/qos/logback/classic/PatternLayout <clinit> ()V 1204 <appendix> argL0 ; # ch/qos/logback/classic/PatternLayout$$Lambda+0x000000001513a958
instanceKlass  @bci ch/qos/logback/classic/PatternLayout <clinit> ()V 1188 <appendix> argL0 ; # ch/qos/logback/classic/PatternLayout$$Lambda+0x000000001513a3e8
instanceKlass  @bci ch/qos/logback/classic/PatternLayout <clinit> ()V 1172 <appendix> argL0 ; # ch/qos/logback/classic/PatternLayout$$Lambda+0x0000000015139e78
instanceKlass  @bci ch/qos/logback/classic/PatternLayout <clinit> ()V 1156 <appendix> argL0 ; # ch/qos/logback/classic/PatternLayout$$Lambda+0x0000000015139908
instanceKlass  @bci ch/qos/logback/classic/PatternLayout <clinit> ()V 1140 <appendix> argL0 ; # ch/qos/logback/classic/PatternLayout$$Lambda+0x0000000015139398
instanceKlass  @bci ch/qos/logback/classic/PatternLayout <clinit> ()V 1124 <appendix> argL0 ; # ch/qos/logback/classic/PatternLayout$$Lambda+0x0000000015138e28
instanceKlass  @bci ch/qos/logback/classic/PatternLayout <clinit> ()V 1108 <appendix> argL0 ; # ch/qos/logback/classic/PatternLayout$$Lambda+0x00000000151388b8
instanceKlass  @bci ch/qos/logback/classic/PatternLayout <clinit> ()V 1092 <appendix> argL0 ; # ch/qos/logback/classic/PatternLayout$$Lambda+0x0000000015138348
instanceKlass  @bci ch/qos/logback/classic/PatternLayout <clinit> ()V 1076 <appendix> argL0 ; # ch/qos/logback/classic/PatternLayout$$Lambda+0x0000000015137b88
instanceKlass  @bci ch/qos/logback/classic/PatternLayout <clinit> ()V 1060 <appendix> argL0 ; # ch/qos/logback/classic/PatternLayout$$Lambda+0x00000000151372d0
instanceKlass  @bci ch/qos/logback/classic/PatternLayout <clinit> ()V 1044 <appendix> argL0 ; # ch/qos/logback/classic/PatternLayout$$Lambda+0x0000000015136d80
instanceKlass  @bci ch/qos/logback/classic/PatternLayout <clinit> ()V 1012 <appendix> argL0 ; # ch/qos/logback/classic/PatternLayout$$Lambda+0x0000000015136830
instanceKlass  @bci ch/qos/logback/classic/PatternLayout <clinit> ()V 980 <appendix> argL0 ; # ch/qos/logback/classic/PatternLayout$$Lambda+0x00000000151362d0
instanceKlass  @bci ch/qos/logback/classic/PatternLayout <clinit> ()V 948 <appendix> argL0 ; # ch/qos/logback/classic/PatternLayout$$Lambda+0x0000000015135d78
instanceKlass  @bci ch/qos/logback/classic/PatternLayout <clinit> ()V 916 <appendix> argL0 ; # ch/qos/logback/classic/PatternLayout$$Lambda+0x0000000015135828
instanceKlass  @bci ch/qos/logback/classic/PatternLayout <clinit> ()V 884 <appendix> argL0 ; # ch/qos/logback/classic/PatternLayout$$Lambda+0x00000000151352c0
instanceKlass  @bci ch/qos/logback/classic/PatternLayout <clinit> ()V 868 <appendix> argL0 ; # ch/qos/logback/classic/PatternLayout$$Lambda+0x0000000015135098
instanceKlass  @bci ch/qos/logback/classic/PatternLayout <clinit> ()V 852 <appendix> argL0 ; # ch/qos/logback/classic/PatternLayout$$Lambda+0x0000000015134b48
instanceKlass  @bci ch/qos/logback/classic/PatternLayout <clinit> ()V 836 <appendix> argL0 ; # ch/qos/logback/classic/PatternLayout$$Lambda+0x0000000015134920
instanceKlass  @bci ch/qos/logback/classic/PatternLayout <clinit> ()V 820 <appendix> argL0 ; # ch/qos/logback/classic/PatternLayout$$Lambda+0x00000000151343c8
instanceKlass  @bci ch/qos/logback/classic/PatternLayout <clinit> ()V 804 <appendix> argL0 ; # ch/qos/logback/classic/PatternLayout$$Lambda+0x00000000151341a0
instanceKlass  @bci ch/qos/logback/classic/PatternLayout <clinit> ()V 788 <appendix> argL0 ; # ch/qos/logback/classic/PatternLayout$$Lambda+0x0000000015133f78
instanceKlass  @bci ch/qos/logback/classic/PatternLayout <clinit> ()V 772 <appendix> argL0 ; # ch/qos/logback/classic/PatternLayout$$Lambda+0x0000000015133d50
instanceKlass  @bci ch/qos/logback/classic/PatternLayout <clinit> ()V 756 <appendix> argL0 ; # ch/qos/logback/classic/PatternLayout$$Lambda+0x0000000015133b28
instanceKlass  @bci ch/qos/logback/classic/PatternLayout <clinit> ()V 740 <appendix> argL0 ; # ch/qos/logback/classic/PatternLayout$$Lambda+0x0000000015133900
instanceKlass  @bci ch/qos/logback/classic/PatternLayout <clinit> ()V 724 <appendix> argL0 ; # ch/qos/logback/classic/PatternLayout$$Lambda+0x0000000015133378
instanceKlass  @bci ch/qos/logback/classic/PatternLayout <clinit> ()V 708 <appendix> argL0 ; # ch/qos/logback/classic/PatternLayout$$Lambda+0x0000000015133150
instanceKlass  @bci ch/qos/logback/classic/PatternLayout <clinit> ()V 692 <appendix> argL0 ; # ch/qos/logback/classic/PatternLayout$$Lambda+0x0000000015132f28
instanceKlass  @bci ch/qos/logback/classic/PatternLayout <clinit> ()V 676 <appendix> argL0 ; # ch/qos/logback/classic/PatternLayout$$Lambda+0x0000000015132d00
instanceKlass  @bci ch/qos/logback/classic/PatternLayout <clinit> ()V 644 <appendix> argL0 ; # ch/qos/logback/classic/PatternLayout$$Lambda+0x00000000151327a0
instanceKlass  @bci ch/qos/logback/classic/PatternLayout <clinit> ()V 628 <appendix> argL0 ; # ch/qos/logback/classic/PatternLayout$$Lambda+0x0000000015132578
instanceKlass  @bci ch/qos/logback/classic/PatternLayout <clinit> ()V 596 <appendix> argL0 ; # ch/qos/logback/classic/PatternLayout$$Lambda+0x0000000015132028
instanceKlass  @bci ch/qos/logback/classic/PatternLayout <clinit> ()V 580 <appendix> argL0 ; # ch/qos/logback/classic/PatternLayout$$Lambda+0x0000000015131e00
instanceKlass  @bci ch/qos/logback/classic/PatternLayout <clinit> ()V 548 <appendix> argL0 ; # ch/qos/logback/classic/PatternLayout$$Lambda+0x00000000151318b0
instanceKlass  @bci ch/qos/logback/classic/PatternLayout <clinit> ()V 532 <appendix> argL0 ; # ch/qos/logback/classic/PatternLayout$$Lambda+0x0000000015131688
instanceKlass  @bci ch/qos/logback/classic/PatternLayout <clinit> ()V 500 <appendix> argL0 ; # ch/qos/logback/classic/PatternLayout$$Lambda+0x0000000015131138
instanceKlass  @bci ch/qos/logback/classic/PatternLayout <clinit> ()V 484 <appendix> argL0 ; # ch/qos/logback/classic/PatternLayout$$Lambda+0x0000000015130f10
instanceKlass  @bci ch/qos/logback/classic/PatternLayout <clinit> ()V 452 <appendix> argL0 ; # ch/qos/logback/classic/PatternLayout$$Lambda+0x00000000151309a0
instanceKlass  @bci ch/qos/logback/classic/PatternLayout <clinit> ()V 436 <appendix> argL0 ; # ch/qos/logback/classic/PatternLayout$$Lambda+0x0000000015130778
instanceKlass  @bci ch/qos/logback/classic/PatternLayout <clinit> ()V 420 <appendix> argL0 ; # ch/qos/logback/classic/PatternLayout$$Lambda+0x0000000015130550
instanceKlass  @bci ch/qos/logback/classic/PatternLayout <clinit> ()V 388 <appendix> argL0 ; # ch/qos/logback/classic/PatternLayout$$Lambda+0x0000000015130000
instanceKlass  @bci ch/qos/logback/classic/PatternLayout <clinit> ()V 372 <appendix> argL0 ; # ch/qos/logback/classic/PatternLayout$$Lambda+0x000000001512fc28
instanceKlass  @bci ch/qos/logback/classic/PatternLayout <clinit> ()V 356 <appendix> argL0 ; # ch/qos/logback/classic/PatternLayout$$Lambda+0x000000001512fa00
instanceKlass ch/qos/logback/classic/pattern/Abbreviator
instanceKlass  @bci ch/qos/logback/classic/PatternLayout <clinit> ()V 324 <appendix> argL0 ; # ch/qos/logback/classic/PatternLayout$$Lambda+0x000000001512ef40
instanceKlass  @bci ch/qos/logback/classic/PatternLayout <clinit> ()V 308 <appendix> argL0 ; # ch/qos/logback/classic/PatternLayout$$Lambda+0x000000001512ed18
instanceKlass  @bci ch/qos/logback/classic/PatternLayout <clinit> ()V 276 <appendix> argL0 ; # ch/qos/logback/classic/PatternLayout$$Lambda+0x000000001512e7c8
instanceKlass  @bci ch/qos/logback/classic/PatternLayout <clinit> ()V 260 <appendix> argL0 ; # ch/qos/logback/classic/PatternLayout$$Lambda+0x000000001512e5a0
instanceKlass  @bci ch/qos/logback/classic/PatternLayout <clinit> ()V 244 <appendix> argL0 ; # ch/qos/logback/classic/PatternLayout$$Lambda+0x000000001512e378
instanceKlass  @bci ch/qos/logback/classic/PatternLayout <clinit> ()V 212 <appendix> argL0 ; # ch/qos/logback/classic/PatternLayout$$Lambda+0x000000001512de28
instanceKlass  @bci ch/qos/logback/classic/PatternLayout <clinit> ()V 196 <appendix> argL0 ; # ch/qos/logback/classic/PatternLayout$$Lambda+0x000000001512dc00
instanceKlass  @bci ch/qos/logback/classic/PatternLayout <clinit> ()V 164 <appendix> argL0 ; # ch/qos/logback/classic/PatternLayout$$Lambda+0x000000001512d6a8
instanceKlass  @bci ch/qos/logback/classic/PatternLayout <clinit> ()V 148 <appendix> argL0 ; # ch/qos/logback/classic/PatternLayout$$Lambda+0x000000001512d480
instanceKlass  @bci ch/qos/logback/classic/PatternLayout <clinit> ()V 116 <appendix> argL0 ; # ch/qos/logback/classic/PatternLayout$$Lambda+0x000000001512cf30
instanceKlass  @bci ch/qos/logback/classic/PatternLayout <clinit> ()V 100 <appendix> argL0 ; # ch/qos/logback/classic/PatternLayout$$Lambda+0x000000001512cd08
instanceKlass  @bci ch/qos/logback/classic/PatternLayout <clinit> ()V 68 <appendix> argL0 ; # ch/qos/logback/classic/PatternLayout$$Lambda+0x000000001512c7b8
instanceKlass  @bci ch/qos/logback/classic/PatternLayout <clinit> ()V 52 <appendix> argL0 ; # ch/qos/logback/classic/PatternLayout$$Lambda+0x000000001512c590
instanceKlass  @bci ch/qos/logback/core/pattern/parser/Parser <clinit> ()V 38 <appendix> argL0 ; # ch/qos/logback/core/pattern/parser/Parser$$Lambda+0x000000001512c038
instanceKlass  @bci ch/qos/logback/core/pattern/parser/Parser <clinit> ()V 22 <appendix> argL0 ; # ch/qos/logback/core/pattern/parser/Parser$$Lambda+0x000000001512bad0
instanceKlass ch/qos/logback/core/pattern/parser/Token
instanceKlass ch/qos/logback/core/pattern/parser/Node
instanceKlass ch/qos/logback/core/pattern/util/IEscapeUtil
instanceKlass ch/qos/logback/core/pattern/PostCompileProcessor
instanceKlass java/util/logging/Logger$SystemLoggerHelper
instanceKlass ch/qos/logback/classic/jul/JULHelper
instanceKlass java/util/Vector$Itr
instanceKlass ch/qos/logback/core/subst/NodeToStringTransformer$1
instanceKlass ch/qos/logback/core/subst/Node
instanceKlass ch/qos/logback/core/subst/Parser$1
instanceKlass ch/qos/logback/core/subst/Parser
instanceKlass ch/qos/logback/core/subst/Token
instanceKlass ch/qos/logback/core/subst/Tokenizer
instanceKlass ch/qos/logback/core/subst/NodeToStringTransformer
instanceKlass  @bci org/springframework/boot/logging/logback/DefaultLogbackConfiguration defaults (Lorg/springframework/boot/logging/logback/LogbackConfigurator;)V 57 <appendix> argL0 ; # org/springframework/boot/logging/logback/DefaultLogbackConfiguration$$Lambda+0x0000000015123dc0
instanceKlass  @bci org/springframework/boot/logging/logback/DefaultLogbackConfiguration defaults (Lorg/springframework/boot/logging/logback/LogbackConfigurator;)V 44 <appendix> argL0 ; # org/springframework/boot/logging/logback/DefaultLogbackConfiguration$$Lambda+0x00000000151234e8
instanceKlass  @bci org/springframework/boot/logging/logback/DefaultLogbackConfiguration defaults (Lorg/springframework/boot/logging/logback/LogbackConfigurator;)V 31 <appendix> argL0 ; # org/springframework/boot/logging/logback/DefaultLogbackConfiguration$$Lambda+0x0000000015122f70
instanceKlass  @bci org/springframework/boot/logging/logback/DefaultLogbackConfiguration defaults (Lorg/springframework/boot/logging/logback/LogbackConfigurator;)V 18 <appendix> argL0 ; # org/springframework/boot/logging/logback/DefaultLogbackConfiguration$$Lambda+0x0000000015122a00
instanceKlass  @bci org/springframework/boot/logging/logback/DefaultLogbackConfiguration defaults (Lorg/springframework/boot/logging/logback/LogbackConfigurator;)V 5 <appendix> argL0 ; # org/springframework/boot/logging/logback/DefaultLogbackConfiguration$$Lambda+0x00000000151224a8
instanceKlass  @bci org/springframework/boot/logging/logback/DefaultLogbackConfiguration <clinit> ()V 45 <appendix> form vmentry <vmtarget> ; # java/lang/invoke/LambdaForm$MH+0x0000000015121000
instanceKlass  @bci java/util/Collections$UnmodifiableMap$UnmodifiableEntrySet entryConsumer (Ljava/util/function/Consumer;)Ljava/util/function/Consumer; 1 <appendix> member <vmtarget> ; # java/util/Collections$UnmodifiableMap$UnmodifiableEntrySet$$Lambda+0x00000000150ebf00
instanceKlass  @bci org/springframework/boot/logging/logback/ColorConverter getName (Lorg/springframework/boot/ansi/AnsiElement;)Ljava/lang/String; 24 <appendix> argL0 ; # org/springframework/boot/logging/logback/ColorConverter$$Lambda+0x0000000015122260
instanceKlass  @bci org/springframework/boot/logging/logback/ColorConverter getName (Lorg/springframework/boot/ansi/AnsiElement;)Ljava/lang/String; 14 <appendix> member <vmtarget> ; # org/springframework/boot/logging/logback/ColorConverter$$Lambda+0x0000000015122000
instanceKlass java/util/HashMap$HashMapSpliterator
instanceKlass java/util/Collections$UnmodifiableMap$UnmodifiableEntrySet$UnmodifiableEntrySetSpliterator
instanceKlass  @bci org/springframework/boot/logging/logback/ColorConverter <clinit> ()V 25 <appendix> member <vmtarget> ; # org/springframework/boot/logging/logback/ColorConverter$$Lambda+0x0000000015127d30
instanceKlass  @bci org/springframework/boot/logging/logback/ColorConverter <clinit> ()V 14 <appendix> argL0 ; # org/springframework/boot/logging/logback/ColorConverter$$Lambda+0x0000000015127ad8
instanceKlass ch/qos/logback/core/rolling/RollingPolicy
instanceKlass org/springframework/boot/logging/logback/DefaultLogbackConfiguration
instanceKlass  @bci org/springframework/boot/logging/logback/LogbackLoggingSystem lambda$loadDefaults$0 (Lch/qos/logback/classic/LoggerContext;Lorg/springframework/boot/logging/LoggingInitializationContext;Lorg/springframework/boot/logging/LogFile;)V 59 <appendix> member <vmtarget> ; # org/springframework/boot/logging/logback/LogbackLoggingSystem$$Lambda+0x0000000015125ae8
instanceKlass  @cpi org/springframework/boot/logging/logback/LogbackLoggingSystem 826 form vmentry <vmtarget> ; # java/lang/invoke/LambdaForm$DMH+0x0000000015120800
instanceKlass  @bci org/springframework/boot/logging/logback/SystemStatusListener retrospectivePrint ()V 45 <appendix> member <vmtarget> ; # org/springframework/boot/logging/logback/SystemStatusListener$$Lambda+0x00000000151258a8
instanceKlass  @bci org/springframework/boot/logging/logback/SystemStatusListener retrospectivePrint ()V 34 <appendix> member <vmtarget> ; # org/springframework/boot/logging/logback/SystemStatusListener$$Lambda+0x0000000015125650
instanceKlass  @cpi org/springframework/boot/logging/logback/SystemStatusListener 142 form vmentry <vmtarget> ; # java/lang/invoke/LambdaForm$DMH+0x0000000015120400
instanceKlass  @bci org/springframework/boot/logging/logback/LogbackLoggingSystem loadDefaults (Lorg/springframework/boot/logging/LoggingInitializationContext;Lorg/springframework/boot/logging/LogFile;)V 15 <appendix> member <vmtarget> ; # org/springframework/boot/logging/logback/LogbackLoggingSystem$$Lambda+0x00000000151249e8
instanceKlass java/util/concurrent/Executors$DefaultThreadFactory
instanceKlass ch/qos/logback/core/util/ExecutorServiceUtil$1
instanceKlass java/util/concurrent/ScheduledExecutorService
instanceKlass ch/qos/logback/core/util/ExecutorServiceUtil
instanceKlass ch/qos/logback/core/LifeCycleManager
instanceKlass  @bci org/springframework/boot/autoconfigure/condition/ConditionMessage$Builder because (Ljava/lang/String;)Lorg/springframework/boot/autoconfigure/condition/ConditionMessage; 30 <appendix> form vmentry <vmtarget> ; # java/lang/invoke/LambdaForm$MH+0x0000000015120000
instanceKlass  @bci org/springframework/boot/logging/logback/LogbackLoggingSystem putInitializationContextObjects (Lch/qos/logback/classic/LoggerContext;Lorg/springframework/boot/logging/LoggingInitializationContext;)V 3 <appendix> member <vmtarget> ; # org/springframework/boot/logging/logback/LogbackLoggingSystem$$Lambda+0x000000001511dcf0
instanceKlass org/springframework/boot/logging/LoggingInitializationContext
instanceKlass org/springframework/boot/logging/LoggerGroup
instanceKlass  @bci org/springframework/boot/logging/LoggerGroups putAll (Ljava/util/Map;)V 2 <appendix> member <vmtarget> ; # org/springframework/boot/logging/LoggerGroups$$Lambda+0x000000001511d678
instanceKlass org/springframework/boot/logging/LoggerGroups
instanceKlass org/springframework/boot/logging/LogFile
instanceKlass  @bci org/springframework/boot/logging/LoggingSystemProperties apply (Lorg/springframework/boot/logging/LogFile;Lorg/springframework/core/env/PropertyResolver;)V 83 <appendix> member <vmtarget> ; # org/springframework/boot/logging/LoggingSystemProperties$$Lambda+0x000000001511fab0
instanceKlass  @bci org/springframework/boot/logging/LoggingSystemProperties apply (Lorg/springframework/boot/logging/LogFile;Lorg/springframework/core/env/PropertyResolver;)V 69 <appendix> member <vmtarget> ; # org/springframework/boot/logging/LoggingSystemProperties$$Lambda+0x000000001511f860
instanceKlass  @bci org/springframework/boot/logging/LoggingSystemProperties setSystemProperty (Lorg/springframework/boot/logging/LoggingSystemProperty;Lorg/springframework/core/env/PropertyResolver;Ljava/lang/String;)V 4 <appendix> argL0 ; # org/springframework/boot/logging/LoggingSystemProperties$$Lambda+0x000000001511f618
instanceKlass java/io/Console$1
instanceKlass jdk/internal/access/JavaIOAccess
instanceKlass java/util/AbstractMap$ValueIterator
instanceKlass jdk/internal/org/jline/JdkConsoleProviderImpl
instanceKlass jdk/internal/io/JdkConsole
instanceKlass jdk/jshell/execution/impl/ConsoleImpl$ConsoleProviderImpl
instanceKlass jdk/internal/module/ModulePatcher$PatchedModuleReader
instanceKlass java/util/ServiceLoader$LayerLookupIterator
instanceKlass jdk/internal/io/JdkConsoleProvider
instanceKlass java/io/Console
instanceKlass org/springframework/core/convert/support/ConversionUtils
instanceKlass java/lang/foreign/MemorySegment
instanceKlass java/util/concurrent/ConcurrentLinkedDeque$AbstractItr
instanceKlass org/springframework/core/convert/support/GenericConversionService$ConverterCacheKey
instanceKlass  @bci org/springframework/core/env/AbstractPropertyResolver doResolvePlaceholders (Ljava/lang/String;Lorg/springframework/util/PropertyPlaceholderHelper;)Ljava/lang/String; 3 <appendix> member <vmtarget> ; # org/springframework/core/env/AbstractPropertyResolver$$Lambda+0x000000001511eb48
instanceKlass  @cpi org/springframework/core/env/AbstractPropertyResolver 317 form vmentry <vmtarget> ; # java/lang/invoke/LambdaForm$DMH+0x000000001511c800
instanceKlass org/springframework/boot/context/properties/source/ConfigurationProperty
instanceKlass org/springframework/boot/origin/PropertySourceOrigin
instanceKlass  @bci org/springframework/boot/logging/LoggingSystemProperties setSystemProperty (Lorg/springframework/boot/logging/LoggingSystemProperty;Lorg/springframework/core/env/PropertyResolver;)V 3 <appendix> argL0 ; # org/springframework/boot/logging/LoggingSystemProperties$$Lambda+0x000000001511e450
instanceKlass  @bci org/springframework/boot/logging/AbstractLoggingSystem getDefaultValueResolver (Lorg/springframework/core/env/Environment;)Ljava/util/function/Function; 7 <appendix> member <vmtarget> ; # org/springframework/boot/logging/AbstractLoggingSystem$$Lambda+0x000000001511bda0
instanceKlass  @bci org/springframework/boot/logging/LoggingSystemProperties <clinit> ()V 0 <appendix> argL0 ; # org/springframework/boot/logging/LoggingSystemProperties$$Lambda+0x000000001511bb68
instanceKlass  @cpi org/springframework/boot/logging/LoggingSystemProperties 332 form vmentry <vmtarget> ; # java/lang/invoke/LambdaForm$DMH+0x000000001511c400
instanceKlass org/springframework/boot/ansi/AnsiElement
instanceKlass  @bci org/springframework/boot/support/AnsiOutputApplicationListener onApplicationEvent (Lorg/springframework/boot/context/event/ApplicationEnvironmentPreparedEvent;)V 16 <appendix> argL0 ; # org/springframework/boot/support/AnsiOutputApplicationListener$$Lambda+0x000000001511aec0
instanceKlass org/springframework/boot/ansi/AnsiOutput
instanceKlass  @bci org/springframework/boot/context/config/InvalidConfigDataPropertyException throwIfPropertyFound (Lorg/springframework/boot/context/config/ConfigDataEnvironmentContributor;)V 14 <appendix> member <vmtarget> ; # org/springframework/boot/context/config/InvalidConfigDataPropertyException$$Lambda+0x000000001511a820
instanceKlass  @bci org/springframework/boot/context/config/ConfigDataEnvironmentContributor hasAnyProfileSpecificChildren (Ljava/util/List;)Z 73 <appendix> argL0 ; # org/springframework/boot/context/config/ConfigDataEnvironmentContributor$$Lambda+0x000000001511a348
instanceKlass java/util/Spliterators$EmptySpliterator
instanceKlass  @bci org/springframework/boot/context/config/ConfigDataLocationResolvers resolve (Lorg/springframework/boot/context/config/ConfigDataLocationResolver;Lorg/springframework/boot/context/config/ConfigDataLocationResolverContext;Lorg/springframework/boot/context/config/ConfigDataLocation;Lorg/springframework/boot/context/config/Profiles;)Ljava/util/List; 32 <appendix> member <vmtarget> ; # org/springframework/boot/context/config/ConfigDataLocationResolvers$$Lambda+0x000000001511a118
instanceKlass  @bci org/springframework/boot/context/config/Profiles expandProfiles (Ljava/util/List;)Ljava/util/List; 92 <appendix> member <vmtarget> ; # org/springframework/boot/context/config/Profiles$$Lambda+0x0000000015119ed8
instanceKlass  @bci org/springframework/boot/context/config/Profiles expandProfiles (Ljava/util/List;)Ljava/util/List; 19 <appendix> member <vmtarget> ; # org/springframework/boot/context/config/Profiles$$Lambda+0x0000000015119c98
instanceKlass  @cpi org/springframework/boot/context/config/Profiles 410 form vmentry <vmtarget> ; # java/lang/invoke/LambdaForm$DMH+0x000000001511c000
instanceKlass  @bci org/springframework/boot/context/config/Profiles getProfiles (Lorg/springframework/core/env/Environment;Lorg/springframework/boot/context/properties/bind/Binder;Lorg/springframework/boot/context/config/ProfilesValidator;Lorg/springframework/boot/context/config/Profiles$Type;)Ljava/util/Collection; 42 <appendix> member <vmtarget> ; # org/springframework/boot/context/config/Profiles$$Lambda+0x0000000015119a68
instanceKlass  @bci org/springframework/boot/context/config/Profiles$Type <clinit> ()V 33 <appendix> argL0 ; # org/springframework/boot/context/config/Profiles$Type$$Lambda+0x0000000015119620
instanceKlass  @bci org/springframework/boot/context/config/Profiles$Type <clinit> ()V 9 <appendix> argL0 ; # org/springframework/boot/context/config/Profiles$Type$$Lambda+0x00000000151193d8
instanceKlass  @bci org/springframework/boot/context/config/Profiles <init> (Lorg/springframework/core/env/Environment;Lorg/springframework/boot/context/properties/bind/Binder;Ljava/util/Collection;)V 37 <appendix> argL0 ; # org/springframework/boot/context/config/Profiles$$Lambda+0x0000000015118f60
instanceKlass org/springframework/boot/context/properties/bind/MapBinder$EntryBinder
instanceKlass  @bci org/springframework/boot/context/properties/bind/MapBinder bindAggregate (Lorg/springframework/boot/context/properties/source/ConfigurationPropertyName;Lorg/springframework/boot/context/properties/bind/Bindable;Lorg/springframework/boot/context/properties/bind/AggregateElementBinder;)Ljava/lang/Object; 186 <appendix> member <vmtarget> ; # org/springframework/boot/context/properties/bind/MapBinder$$Lambda+0x0000000015118ae0
instanceKlass org/springframework/core/CollectionFactory
instanceKlass  @bci org/springframework/boot/context/config/ProfilesValidator validate (Ljava/lang/Object;)V 22 <appendix> member <vmtarget> ; # org/springframework/boot/context/config/ProfilesValidator$$Lambda+0x0000000015112c68
instanceKlass  @bci org/springframework/boot/context/config/Profiles <init> (Lorg/springframework/core/env/Environment;Lorg/springframework/boot/context/properties/bind/Binder;Ljava/util/Collection;)V 17 <appendix> argL0 ; # org/springframework/boot/context/config/Profiles$$Lambda+0x0000000015112a40
instanceKlass  @bci org/springframework/boot/context/config/ConfigDataEnvironment getIncludedProfiles (Lorg/springframework/boot/context/config/ConfigDataEnvironmentContributors;Lorg/springframework/boot/context/config/ConfigDataActivationContext;)Ljava/util/Collection; 117 <appendix> member <vmtarget> ; # org/springframework/boot/context/config/ConfigDataEnvironment$$Lambda+0x0000000015112800
instanceKlass  @bci org/springframework/boot/context/properties/bind/CollectionBinder bindAggregate (Lorg/springframework/boot/context/properties/source/ConfigurationPropertyName;Lorg/springframework/boot/context/properties/bind/Bindable;Lorg/springframework/boot/context/properties/bind/AggregateElementBinder;)Ljava/lang/Object; 38 <appendix> member <vmtarget> ; # org/springframework/boot/context/properties/bind/CollectionBinder$$Lambda+0x0000000015113be0
instanceKlass org/springframework/boot/context/config/ProfilesValidator
instanceKlass org/springframework/boot/context/config/Profiles
instanceKlass  @bci org/springframework/boot/context/config/ConfigDataEnvironment withProfiles (Lorg/springframework/boot/context/config/ConfigDataEnvironmentContributors;Lorg/springframework/boot/context/config/ConfigDataActivationContext;)Lorg/springframework/boot/context/config/ConfigDataActivationContext; 14 <appendix> argL0 ; # org/springframework/boot/context/config/ConfigDataEnvironment$$Lambda+0x00000000151134a8
instanceKlass  @bci org/springframework/boot/cloud/CloudPlatform$7 isDetected (Lorg/springframework/core/env/Environment;)Z 15 <appendix> member <vmtarget> ; # org/springframework/boot/cloud/CloudPlatform$7$$Lambda+0x0000000015113248
instanceKlass  @bci org/springframework/boot/context/config/ConfigDataEnvironmentContributors getBinderSources (Ljava/util/function/Predicate;)Ljava/util/Iterator; 24 <appendix> argL0 ; # org/springframework/boot/context/config/ConfigDataEnvironmentContributors$$Lambda+0x0000000015113000
instanceKlass  @bci org/springframework/boot/context/config/ConfigDataEnvironmentContributors getBinderSources (Ljava/util/function/Predicate;)Ljava/util/Iterator; 8 <appendix> member <vmtarget> ; # org/springframework/boot/context/config/ConfigDataEnvironmentContributors$$Lambda+0x0000000015117b98
instanceKlass  @bci java/util/function/Predicate and (Ljava/util/function/Predicate;)Ljava/util/function/Predicate; 7 <appendix> member <vmtarget> ; # java/util/function/Predicate$$Lambda+0x00000000150e7a70
instanceKlass  @cpi java/util/function/Predicate 72 form vmentry <vmtarget> ; # java/lang/invoke/LambdaForm$DMH+0x0000000015112400
instanceKlass  @bci org/springframework/boot/context/config/ConfigDataEnvironmentContributors lambda$getBinder$0 (Ljava/util/function/Predicate;ZLorg/springframework/boot/context/config/ConfigDataActivationContext;)Ljava/util/Iterator; 4 <appendix> form vmentry <vmtarget> ; # java/lang/invoke/LambdaForm$DMH+0x0000000015112000
instanceKlass  @bci org/springframework/boot/context/config/ConfigDataEnvironmentContributors lambda$getBinder$0 (Ljava/util/function/Predicate;ZLorg/springframework/boot/context/config/ConfigDataActivationContext;)Ljava/util/Iterator; 4 <appendix> member <vmtarget> ; # org/springframework/boot/context/config/ConfigDataEnvironmentContributors$$Lambda+0x0000000015117938
instanceKlass  @cpi org/springframework/boot/context/config/ConfigDataEnvironmentContributors 513 form vmentry <vmtarget> ; # java/lang/invoke/LambdaForm$DMH+0x0000000015111c00
instanceKlass org/springframework/boot/context/config/ConfigDataEnvironmentContributors$InactiveSourceChecker
instanceKlass  @bci org/springframework/boot/context/config/ConfigDataEnvironmentContributors getBinder (Lorg/springframework/boot/context/config/ConfigDataActivationContext;Ljava/util/function/Predicate;Ljava/util/Set;)Lorg/springframework/boot/context/properties/bind/Binder; 16 <adapter> ; # java/lang/invoke/LambdaForm$MH+0x0000000015111800
instanceKlass  @bci tools/jackson/core/util/Separators$Spacing apply (C)Ljava/lang/String; 9 <appendix> form names 6 function resolvedHandle form vmentry <vmtarget> ; # java/lang/invoke/LambdaForm$DMH+0x0000000015111400
instanceKlass  @bci org/springframework/boot/context/config/ConfigDataEnvironmentContributors getBinder (Lorg/springframework/boot/context/config/ConfigDataActivationContext;Ljava/util/function/Predicate;Ljava/util/Set;)Lorg/springframework/boot/context/properties/bind/Binder; 16 <appendix> form vmentry <vmtarget> ; # java/lang/invoke/LambdaForm$DMH+0x0000000015111000
instanceKlass  @bci org/springframework/boot/context/config/ConfigDataEnvironmentContributors getBinder (Lorg/springframework/boot/context/config/ConfigDataActivationContext;Ljava/util/function/Predicate;Ljava/util/Set;)Lorg/springframework/boot/context/properties/bind/Binder; 16 <appendix> member <vmtarget> ; # org/springframework/boot/context/config/ConfigDataEnvironmentContributors$$Lambda+0x0000000015117470
instanceKlass org/springframework/boot/context/properties/bind/DefaultValue
instanceKlass org/springframework/boot/context/properties/bind/DataObjectPropertyName
instanceKlass org/springframework/boot/context/properties/bind/ValueObjectBinder$ConstructorParameter
instanceKlass org/springframework/core/SerializableTypeWrapper$MethodInvokeTypeProvider
instanceKlass  @bci java/lang/reflect/Proxy getProxyConstructor (Ljava/lang/ClassLoader;[Ljava/lang/Class;)Ljava/lang/reflect/Constructor; 51 <appendix> argL0 ; # java/lang/reflect/Proxy$$Lambda+0x00000000150e7838
instanceKlass org/springframework/core/SerializableTypeWrapper$TypeProxyInvocationHandler
instanceKlass sun/reflect/generics/tree/MethodTypeSignature
instanceKlass sun/reflect/generics/tree/VoidDescriptor
instanceKlass org/springframework/core/SerializableTypeWrapper$MethodParameterTypeProvider
instanceKlass  @bci org/springframework/core/MethodParameter validateIndex (Ljava/lang/reflect/Executable;I)I 21 <appendix> member <vmtarget> ; # org/springframework/core/MethodParameter$$Lambda+0x00000000151162c8
instanceKlass org/springframework/core/MethodParameter
instanceKlass org/springframework/boot/context/properties/bind/Name
instanceKlass  @bci org/springframework/boot/context/properties/bind/DefaultBindConstructorProvider$Constructors getConstructors (Ljava/lang/Class;Z)Lorg/springframework/boot/context/properties/bind/DefaultBindConstructorProvider$Constructors; 123 <appendix> member <vmtarget> ; # org/springframework/boot/context/properties/bind/DefaultBindConstructorProvider$Constructors$$Lambda+0x0000000015115368
instanceKlass org/springframework/boot/context/properties/bind/ConstructorBinding
instanceKlass  @bci org/springframework/boot/context/properties/bind/DefaultBindConstructorProvider$Constructors getCandidateConstructors (Ljava/lang/Class;)[Ljava/lang/reflect/Constructor; 29 <appendix> argL0 ; # org/springframework/boot/context/properties/bind/DefaultBindConstructorProvider$Constructors$$Lambda+0x0000000015114d38
instanceKlass  @bci org/springframework/boot/context/properties/bind/DefaultBindConstructorProvider$Constructors getCandidateConstructors (Ljava/lang/Class;)[Ljava/lang/reflect/Constructor; 19 <appendix> argL0 ; # org/springframework/boot/context/properties/bind/DefaultBindConstructorProvider$Constructors$$Lambda+0x0000000015114ae0
instanceKlass org/springframework/beans/factory/annotation/Autowired
instanceKlass  @bci org/springframework/boot/context/properties/bind/DefaultBindConstructorProvider$Constructors isAutowiredPresent (Ljava/lang/Class;)Z 17 <appendix> argL0 ; # org/springframework/boot/context/properties/bind/DefaultBindConstructorProvider$Constructors$$Lambda+0x0000000015114680
instanceKlass  @bci org/springframework/boot/context/properties/bind/DefaultBindConstructorProvider$Constructors isAutowiredPresent (Ljava/lang/Class;)Z 7 <appendix> argL0 ; # org/springframework/boot/context/properties/bind/DefaultBindConstructorProvider$Constructors$$Lambda+0x0000000015114438
instanceKlass org/springframework/boot/context/config/ConfigDataProperties$Activate
instanceKlass org/springframework/boot/context/properties/bind/DefaultBindConstructorProvider$Constructors
instanceKlass  @bci org/springframework/core/type/classreading/ClassFileMethodMetadata$Source hashCode ()I 1 <appendix> form vmentry <vmtarget> ; # java/lang/invoke/LambdaForm$MH+0x0000000015110c00
# instanceKlass java/lang/invoke/LambdaForm$MH+0x0000000015110800
# instanceKlass java/lang/invoke/LambdaForm$MH+0x0000000015110400
instanceKlass  @bci org/springframework/core/type/classreading/ClassFileMethodMetadata$Source hashCode ()I 1 <appendix> argL1 form vmentry <vmtarget> ; # java/lang/invoke/LambdaForm$MH+0x0000000015110000
instanceKlass  @bci org/springframework/core/type/classreading/ClassFileMethodMetadata$Source hashCode ()I 1 <appendix> argL2 argL2 argL2 argL2 form vmentry <vmtarget> ; # java/lang/invoke/LambdaForm$MH+0x000000001510d400
instanceKlass  @bci java/lang/runtime/ObjectMethods bootstrap (Ljava/lang/invoke/MethodHandles$Lookup;Ljava/lang/String;Ljava/lang/invoke/TypeDescriptor;Ljava/lang/Class;Ljava/lang/String;[Ljava/lang/invoke/MethodHandle;)Ljava/lang/Object; 37 <appendix> argL0 ; # java/lang/runtime/ObjectMethods$$Lambda+0x800000015
instanceKlass java/lang/invoke/DirectMethodHandle$1
instanceKlass sun/invoke/util/ValueConversions$WrapperCache
instanceKlass java/lang/invoke/MethodHandleImpl$2
instanceKlass java/lang/runtime/ObjectMethods
instanceKlass org/springframework/boot/context/properties/bind/AbstractBindHandler
instanceKlass org/springframework/boot/context/config/ConfigDataEnvironmentContributorPlaceholdersResolver
instanceKlass  @bci org/springframework/boot/env/PropertiesPropertySourceLoader loadProperties (Lorg/springframework/core/io/Resource;)Ljava/util/List; 58 <appendix> member <vmtarget> ; # org/springframework/boot/env/PropertiesPropertySourceLoader$$Lambda+0x000000001510f7f0
instanceKlass org/springframework/boot/origin/OriginTrackedValue
instanceKlass org/springframework/boot/origin/TextResourceOrigin
instanceKlass org/springframework/boot/origin/TextResourceOrigin$Location
instanceKlass org/springframework/boot/env/OriginTrackedPropertiesLoader$CharacterReader
instanceKlass org/springframework/boot/env/OriginTrackedPropertiesLoader$Document
instanceKlass org/springframework/boot/env/OriginTrackedPropertiesLoader
instanceKlass org/springframework/boot/origin/OriginTrackedResource
instanceKlass  @bci org/springframework/boot/context/config/ConfigDataEnvironmentContributor withReplacement (Lorg/springframework/boot/context/config/ConfigDataEnvironmentContributor;Lorg/springframework/boot/context/config/ConfigDataEnvironmentContributor;)Lorg/springframework/boot/context/config/ConfigDataEnvironmentContributor; 31 <appendix> member <vmtarget> ; # org/springframework/boot/context/config/ConfigDataEnvironmentContributor$$Lambda+0x000000001510ba90
instanceKlass  @cpi org/springframework/core/type/classreading/ClassFileAnnotationMetadata 307 form vmentry <vmtarget> ; # java/lang/invoke/LambdaForm$DMH+0x000000001510d000
instanceKlass  @bci org/springframework/boot/context/config/ConfigDataEnvironmentContributors asContributors (Ljava/util/Map;)Ljava/util/List; 19 <appendix> member <vmtarget> ; # org/springframework/boot/context/config/ConfigDataEnvironmentContributors$$Lambda+0x000000001510b850
instanceKlass  @cpi org/springframework/core/type/classreading/ClassFileAnnotationMetadata$Builder 241 form vmentry <vmtarget> ; # java/lang/invoke/LambdaForm$DMH+0x000000001510cc00
instanceKlass  @bci org/springframework/boot/context/config/ConfigDataEnvironmentContributors withProcessedImports (Lorg/springframework/boot/context/config/ConfigDataImporter;Lorg/springframework/boot/context/config/ConfigDataActivationContext;)Lorg/springframework/boot/context/config/ConfigDataEnvironmentContributors; 201 <appendix> member <vmtarget> ; # org/springframework/boot/context/config/ConfigDataEnvironmentContributors$$Lambda+0x000000001510b620
instanceKlass org/springframework/boot/context/config/ConfigData
instanceKlass  @bci org/springframework/boot/context/config/ConfigDataLoaders load (Lorg/springframework/boot/context/config/ConfigDataLoaderContext;Lorg/springframework/boot/context/config/ConfigDataResource;)Lorg/springframework/boot/context/config/ConfigData; 13 <appendix> member <vmtarget> ; # org/springframework/boot/context/config/ConfigDataLoaders$$Lambda+0x000000001510b1d8
instanceKlass  @bci org/springframework/boot/context/config/ConfigDataLoaders getLoader (Lorg/springframework/boot/context/config/ConfigDataLoaderContext;Lorg/springframework/boot/context/config/ConfigDataResource;)Lorg/springframework/boot/context/config/ConfigDataLoader; 127 <appendix> member <vmtarget> ; # org/springframework/boot/context/config/ConfigDataLoaders$$Lambda+0x000000001510afa8
instanceKlass org/springframework/boot/context/config/ConfigDataResolutionResult
instanceKlass  @bci org/springframework/boot/context/config/StandardConfigDataLocationResolver resolvePatternEmptyDirectories (Lorg/springframework/boot/context/config/StandardConfigDataReference;)Ljava/util/Set; 108 <appendix> argL0 ; # org/springframework/boot/context/config/StandardConfigDataLocationResolver$$Lambda+0x000000001510ab50
instanceKlass  @bci org/springframework/boot/context/config/StandardConfigDataLocationResolver resolvePatternEmptyDirectories (Lorg/springframework/boot/context/config/StandardConfigDataReference;)Ljava/util/Set; 98 <appendix> member <vmtarget> ; # org/springframework/boot/context/config/StandardConfigDataLocationResolver$$Lambda+0x000000001510a900
instanceKlass  @bci org/springframework/boot/context/config/StandardConfigDataLocationResolver resolvePatternEmptyDirectories (Lorg/springframework/boot/context/config/StandardConfigDataReference;)Ljava/util/Set; 87 <appendix> argL0 ; # org/springframework/boot/context/config/StandardConfigDataLocationResolver$$Lambda+0x000000001510a6a8
instanceKlass  @cpi org/springframework/context/annotation/ConfigurationClassParser 1034 form vmentry <vmtarget> ; # java/lang/invoke/LambdaForm$DMH+0x000000001510c800
instanceKlass  @bci org/springframework/boot/context/config/LocationResourceLoader validatePattern (Ljava/lang/String;Lorg/springframework/boot/context/config/LocationResourceLoader$ResourceType;)V 93 <appendix> member <vmtarget> ; # org/springframework/boot/context/config/LocationResourceLoader$$Lambda+0x0000000015109d00
instanceKlass  @bci org/springframework/boot/context/config/LocationResourceLoader validatePattern (Ljava/lang/String;Lorg/springframework/boot/context/config/LocationResourceLoader$ResourceType;)V 53 <appendix> member <vmtarget> ; # org/springframework/boot/context/config/LocationResourceLoader$$Lambda+0x0000000015109ad0
instanceKlass  @bci org/springframework/boot/context/config/LocationResourceLoader validatePattern (Ljava/lang/String;Lorg/springframework/boot/context/config/LocationResourceLoader$ResourceType;)V 29 <appendix> member <vmtarget> ; # org/springframework/boot/context/config/LocationResourceLoader$$Lambda+0x00000000151098a0
instanceKlass  @bci org/springframework/boot/context/config/LocationResourceLoader validatePattern (Ljava/lang/String;Lorg/springframework/boot/context/config/LocationResourceLoader$ResourceType;)V 6 <appendix> member <vmtarget> ; # org/springframework/boot/context/config/LocationResourceLoader$$Lambda+0x0000000015109670
instanceKlass  @bci org/springframework/boot/context/config/LocationResourceLoader validateNonPattern (Ljava/lang/String;)V 14 <appendix> member <vmtarget> ; # org/springframework/boot/context/config/LocationResourceLoader$$Lambda+0x0000000015108ff0
instanceKlass  @bci org/springframework/boot/thymeleaf/autoconfigure/ThymeleafTemplateAvailabilityProvider isTemplateAvailable (Ljava/lang/String;Lorg/springframework/core/env/Environment;Ljava/lang/ClassLoader;Lorg/springframework/core/io/ResourceLoader;)Z 40 <appendix> form vmentry <vmtarget> ; # java/lang/invoke/LambdaForm$MH+0x000000001510c400
instanceKlass org/springframework/boot/context/config/StandardConfigDataReference
instanceKlass  @bci org/springframework/boot/context/config/ConfigDataLocationResolvers resolve (Lorg/springframework/boot/context/config/ConfigDataLocationResolver;Lorg/springframework/boot/context/config/ConfigDataLocationResolverContext;Lorg/springframework/boot/context/config/ConfigDataLocation;Lorg/springframework/boot/context/config/Profiles;)Ljava/util/List; 6 <appendix> member <vmtarget> ; # org/springframework/boot/context/config/ConfigDataLocationResolvers$$Lambda+0x0000000015108b70
instanceKlass org/springframework/boot/context/config/ConfigDataEnvironmentContributors$ContributorDataLoaderContext
instanceKlass org/springframework/boot/context/config/ConfigDataEnvironmentContributors$ContributorConfigDataLocationResolverContext
instanceKlass org/springframework/boot/context/config/ConfigDataEnvironmentContributor$ContributorIterator
instanceKlass  @bci org/springframework/boot/bootstrap/DefaultBootstrapContext register (Ljava/lang/Class;Lorg/springframework/boot/bootstrap/BootstrapRegistry$InstanceSupplier;Z)V 60 <appendix> member <vmtarget> ; # org/springframework/boot/bootstrap/DefaultBootstrapContext$$Lambda+0x0000000015108258
instanceKlass org/springframework/boot/bootstrap/BootstrapRegistry$InstanceSupplier$1
instanceKlass  @bci org/springframework/boot/bootstrap/BootstrapRegistry$InstanceSupplier from (Ljava/util/function/Supplier;)Lorg/springframework/boot/bootstrap/BootstrapRegistry$InstanceSupplier; 1 <appendix> member <vmtarget> ; # org/springframework/boot/bootstrap/BootstrapRegistry$InstanceSupplier$$Lambda+0x0000000015105898
instanceKlass org/springframework/boot/bootstrap/BootstrapRegistry$InstanceSupplier
instanceKlass  @bci org/springframework/boot/context/config/ConfigDataEnvironment registerBootstrapBinder (Lorg/springframework/boot/context/config/ConfigDataEnvironmentContributors;Lorg/springframework/boot/context/config/ConfigDataActivationContext;[Lorg/springframework/boot/context/config/ConfigDataEnvironmentContributors$BinderOption;)V 9 <appendix> member <vmtarget> ; # org/springframework/boot/context/config/ConfigDataEnvironment$$Lambda+0x0000000015105460
instanceKlass org/springframework/boot/context/config/ConfigDataActivationContext
instanceKlass org/springframework/boot/context/config/ConfigDataImporter
instanceKlass  @bci org/springframework/boot/context/config/ConfigDataEnvironmentContributors <clinit> ()V 0 <appendix> argL0 ; # org/springframework/boot/context/config/ConfigDataEnvironmentContributors$$Lambda+0x0000000015107958
instanceKlass org/springframework/boot/context/config/ConfigDataLocationResolverContext
instanceKlass org/springframework/boot/context/config/ConfigDataLoaderContext
instanceKlass org/springframework/boot/context/config/ConfigDataEnvironmentContributors
instanceKlass  @bci org/springframework/boot/context/config/ConfigDataProperties <init> (Ljava/util/List;Lorg/springframework/boot/context/config/ConfigDataProperties$Activate;)V 15 <appendix> argL0 ; # org/springframework/boot/context/config/ConfigDataProperties$$Lambda+0x0000000015107078
instanceKlass org/springframework/boot/context/config/ConfigDataProperties
instanceKlass org/springframework/boot/context/config/ConfigDataEnvironmentContributor
instanceKlass org/springframework/boot/context/config/SystemEnvironmentConfigDataLoader
instanceKlass org/springframework/boot/context/config/ConfigData$Options
instanceKlass org/springframework/boot/context/config/ConfigData$AlwaysPropertySourceOptions
instanceKlass org/springframework/boot/context/config/ConfigData$PropertySourceOptions
instanceKlass org/springframework/boot/context/config/StandardConfigDataLoader
instanceKlass org/springframework/boot/context/config/ConfigDataResource
instanceKlass org/springframework/boot/context/config/ConfigTreeConfigDataLoader
instanceKlass org/springframework/boot/context/config/ConfigDataLoader
instanceKlass  @bci org/springframework/boot/context/config/ConfigDataLoaders <init> (Lorg/springframework/boot/logging/DeferredLogFactory;Lorg/springframework/boot/bootstrap/ConfigurableBootstrapContext;Lorg/springframework/core/io/support/SpringFactoriesLoader;)V 66 <appendix> argL0 ; # org/springframework/boot/context/config/ConfigDataLoaders$$Lambda+0x00000000151022d0
instanceKlass org/springframework/boot/context/config/ConfigDataLoaders
instanceKlass org/springframework/boot/context/config/ConfigDataEnvironmentUpdateListener$1
instanceKlass org/springframework/boot/context/config/ConfigDataEnvironmentUpdateListener
instanceKlass  @bci org/springframework/boot/context/config/SystemEnvironmentConfigDataLocationResolver <init> ()V 21 <appendix> argL0 ; # org/springframework/boot/context/config/SystemEnvironmentConfigDataLocationResolver$$Lambda+0x0000000015101a10
instanceKlass org/springframework/boot/context/config/SystemEnvironmentConfigDataLocationResolver
instanceKlass  @bci org/springframework/boot/context/config/StandardConfigDataLocationResolver validateConfigName (Ljava/lang/String;)V 15 <appendix> member <vmtarget> ; # org/springframework/boot/context/config/StandardConfigDataLocationResolver$$Lambda+0x0000000015101588
instanceKlass  @bci org/springframework/boot/context/properties/bind/Binder lambda$bindAggregate$0 (Lorg/springframework/boot/context/properties/bind/AggregateBinder;Lorg/springframework/boot/context/properties/bind/BindHandler;Lorg/springframework/boot/context/properties/bind/Binder$Context;Lorg/springframework/boot/context/properties/source/ConfigurationPropertyName;Lorg/springframework/boot/context/properties/bind/Bindable;Lorg/springframework/boot/context/properties/source/ConfigurationPropertySource;)Ljava/lang/Object; 17 <adapter> ; # java/lang/invoke/LambdaForm$MH+0x0000000015104c00
# instanceKlass java/lang/invoke/LambdaForm$DMH+0x0000000015104800
instanceKlass  @bci org/springframework/boot/context/properties/bind/Binder lambda$bindAggregate$0 (Lorg/springframework/boot/context/properties/bind/AggregateBinder;Lorg/springframework/boot/context/properties/bind/BindHandler;Lorg/springframework/boot/context/properties/bind/Binder$Context;Lorg/springframework/boot/context/properties/source/ConfigurationPropertyName;Lorg/springframework/boot/context/properties/bind/Bindable;Lorg/springframework/boot/context/properties/source/ConfigurationPropertySource;)Ljava/lang/Object; 17 <appendix> form vmentry <vmtarget> ; # java/lang/invoke/LambdaForm$DMH+0x0000000015104400
instanceKlass  @bci org/springframework/boot/context/properties/bind/Binder lambda$bindAggregate$0 (Lorg/springframework/boot/context/properties/bind/AggregateBinder;Lorg/springframework/boot/context/properties/bind/BindHandler;Lorg/springframework/boot/context/properties/bind/Binder$Context;Lorg/springframework/boot/context/properties/source/ConfigurationPropertyName;Lorg/springframework/boot/context/properties/bind/Bindable;Lorg/springframework/boot/context/properties/source/ConfigurationPropertySource;)Ljava/lang/Object; 17 <appendix> member <vmtarget> ; # org/springframework/boot/context/properties/bind/Binder$$Lambda+0x0000000015101358
instanceKlass  @cpi org/springframework/boot/context/properties/bind/Binder 729 form vmentry <vmtarget> ; # java/lang/invoke/LambdaForm$DMH+0x0000000015104000
instanceKlass  @bci java/util/stream/StreamSpliterators$WrappingSpliterator initPartialTraversalState ()V 37 <appendix> member <vmtarget> ; # java/util/stream/StreamSpliterators$WrappingSpliterator$$Lambda+0x00000000150e5f50
instanceKlass  @bci java/util/stream/StreamSpliterators$WrappingSpliterator initPartialTraversalState ()V 24 <appendix> member <vmtarget> ; # java/util/stream/StreamSpliterators$WrappingSpliterator$$Lambda+0x00000000150e5c98
instanceKlass java/util/stream/StreamSpliterators
instanceKlass java/util/stream/StreamSpliterators$AbstractWrappingSpliterator
instanceKlass  @bci java/util/stream/AbstractPipeline spliterator ()Ljava/util/Spliterator; 103 <appendix> member <vmtarget> ; # java/util/stream/AbstractPipeline$$Lambda+0x00000000150e5318
instanceKlass  @bci org/springframework/boot/context/properties/source/SpringIterableConfigurationPropertySource stream ()Ljava/util/stream/Stream; 9 <appendix> argL0 ; # org/springframework/boot/context/properties/source/SpringIterableConfigurationPropertySource$$Lambda+0x0000000015101100
instanceKlass org/springframework/boot/context/properties/source/FilteredConfigurationPropertiesSource
instanceKlass  @bci org/springframework/boot/context/properties/bind/IndexedElementsBinder getKnownIndexedChildren (Lorg/springframework/boot/context/properties/source/IterableConfigurationPropertySource;Lorg/springframework/boot/context/properties/source/ConfigurationPropertyName;)Ljava/util/Set; 15 <appendix> member <vmtarget> ; # org/springframework/boot/context/properties/bind/IndexedElementsBinder$$Lambda+0x00000000151008a8
instanceKlass  @bci org/springframework/boot/context/properties/bind/ArrayBinder bindAggregate (Lorg/springframework/boot/context/properties/source/ConfigurationPropertyName;Lorg/springframework/boot/context/properties/bind/Bindable;Lorg/springframework/boot/context/properties/bind/AggregateElementBinder;)Ljava/lang/Object; 4 <appendix> argL0 ; # org/springframework/boot/context/properties/bind/ArrayBinder$$Lambda+0x0000000015100680
instanceKlass org/springframework/boot/context/properties/bind/AggregateBinder$AggregateSupplier
instanceKlass  @bci org/springframework/boot/context/properties/bind/Binder bindAggregate (Lorg/springframework/boot/context/properties/source/ConfigurationPropertyName;Lorg/springframework/boot/context/properties/bind/Bindable;Lorg/springframework/boot/context/properties/bind/BindHandler;Lorg/springframework/boot/context/properties/bind/Binder$Context;Lorg/springframework/boot/context/properties/bind/AggregateBinder;)Ljava/lang/Object; 19 <appendix> member <vmtarget> ; # org/springframework/boot/context/properties/bind/Binder$$Lambda+0x0000000015100000
instanceKlass  @bci org/springframework/boot/context/properties/bind/Binder bindAggregate (Lorg/springframework/boot/context/properties/source/ConfigurationPropertyName;Lorg/springframework/boot/context/properties/bind/Bindable;Lorg/springframework/boot/context/properties/bind/BindHandler;Lorg/springframework/boot/context/properties/bind/Binder$Context;Lorg/springframework/boot/context/properties/bind/AggregateBinder;)Ljava/lang/Object; 6 <appendix> member <vmtarget> ; # org/springframework/boot/context/properties/bind/Binder$$Lambda+0x00000000150dfd30
instanceKlass org/springframework/boot/context/properties/bind/AggregateElementBinder
instanceKlass  @bci org/springframework/boot/context/properties/bind/IndexedElementsBinder <clinit> ()V 23 <appendix> form vmentry <vmtarget> ; # java/lang/invoke/LambdaForm$MH+0x00000000150ddc00
instanceKlass org/springframework/boot/env/YamlPropertySourceLoader
instanceKlass org/springframework/boot/env/PropertiesPropertySourceLoader
instanceKlass org/springframework/boot/env/PropertySourceLoader
# instanceKlass java/lang/invoke/LambdaForm$MH+0x00000000150dd800
# instanceKlass java/lang/invoke/LambdaForm$MH+0x00000000150dd400
# instanceKlass java/lang/invoke/LambdaForm$MH+0x00000000150dd000
instanceKlass org/springframework/boot/context/config/StandardConfigDataLocationResolver
instanceKlass  @bci org/springframework/boot/context/config/LocationResourceLoader <clinit> ()V 18 <appendix> argL0 ; # org/springframework/boot/context/config/LocationResourceLoader$$Lambda+0x00000000150ded70
instanceKlass  @bci java/util/Comparator comparing (Ljava/util/function/Function;)Ljava/util/Comparator; 6 <appendix> member <vmtarget> ; # java/util/Comparator$$Lambda+0x00000000150e5070
instanceKlass  @cpi org/springframework/boot/autoconfigure/AutoConfigurationSorter 218 form vmentry <vmtarget> ; # java/lang/invoke/LambdaForm$DMH+0x00000000150dcc00
instanceKlass  @bci org/springframework/boot/context/config/LocationResourceLoader <clinit> ()V 7 <appendix> argL0 ; # org/springframework/boot/context/config/LocationResourceLoader$$Lambda+0x00000000150deb28
instanceKlass org/springframework/boot/context/config/LocationResourceLoader
instanceKlass org/springframework/boot/context/config/ConfigTreeConfigDataLocationResolver
instanceKlass org/springframework/boot/context/config/ConfigDataLocationResolver
instanceKlass  @bci org/springframework/boot/context/config/ConfigDataLocationResolvers <init> (Lorg/springframework/boot/logging/DeferredLogFactory;Lorg/springframework/boot/bootstrap/ConfigurableBootstrapContext;Lorg/springframework/boot/context/properties/bind/Binder;Lorg/springframework/core/io/ResourceLoader;Lorg/springframework/core/io/support/SpringFactoriesLoader;)V 77 <appendix> argL0 ; # org/springframework/boot/context/config/ConfigDataLocationResolvers$$Lambda+0x00000000150de270
instanceKlass org/springframework/boot/context/config/ConfigDataLocationResolvers
instanceKlass org/springframework/boot/context/properties/bind/BindResult
instanceKlass  @bci org/springframework/boot/context/properties/source/ConfigurationPropertySourcesCaching$CacheOverrides close ()V 4 <appendix> argL0 ; # org/springframework/boot/context/properties/source/ConfigurationPropertySourcesCaching$CacheOverrides$$Lambda+0x00000000150db758
instanceKlass  @cpi org/springframework/boot/context/properties/source/ConfigurationPropertySourcesCaching$CacheOverrides 63 form vmentry <vmtarget> ; # java/lang/invoke/LambdaForm$DMH+0x00000000150dc800
instanceKlass org/springframework/boot/context/properties/bind/JavaBeanBinder$BeanProperties
instanceKlass org/springframework/boot/context/properties/bind/ValueObjectBinder$ValueObject
instanceKlass  @bci org/springframework/boot/context/properties/bind/ValueObjectBinder$Discoverer <clinit> ()V 35 <appendix> argL0 ; # org/springframework/boot/context/properties/bind/ValueObjectBinder$Discoverer$$Lambda+0x00000000150daa00
instanceKlass  @bci org/springframework/boot/context/properties/bind/ValueObjectBinder$Discoverer <clinit> ()V 17 <appendix> argL0 ; # org/springframework/boot/context/properties/bind/ValueObjectBinder$Discoverer$$Lambda+0x00000000150da7c8
instanceKlass  @cpi org/springframework/boot/context/properties/bind/ValueObjectBinder$Discoverer 113 form vmentry <vmtarget> ; # java/lang/invoke/LambdaForm$DMH+0x00000000150dc400
instanceKlass org/springframework/core/StandardReflectionParameterNameDiscoverer
instanceKlass org/springframework/core/PrioritizedParameterNameDiscoverer
instanceKlass org/springframework/boot/context/properties/bind/ValueObjectBinder$Discoverer
instanceKlass org/springframework/core/ParameterNameDiscoverer
instanceKlass  @bci org/springframework/boot/context/properties/bind/Binder lambda$bindDataObject$1 (Lorg/springframework/boot/context/properties/bind/BindMethod;Lorg/springframework/boot/context/properties/source/ConfigurationPropertyName;Lorg/springframework/boot/context/properties/bind/Bindable;Lorg/springframework/boot/context/properties/bind/Binder$Context;Lorg/springframework/boot/context/properties/bind/DataObjectPropertyBinder;)Ljava/lang/Object; 8 <appendix> member <vmtarget> ; # org/springframework/boot/context/properties/bind/Binder$$Lambda+0x00000000150d9a58
instanceKlass  @bci org/springframework/boot/context/properties/bind/Binder bindDataObject (Lorg/springframework/boot/context/properties/source/ConfigurationPropertyName;Lorg/springframework/boot/context/properties/bind/Bindable;Lorg/springframework/boot/context/properties/bind/BindHandler;Lorg/springframework/boot/context/properties/bind/Binder$Context;Z)Ljava/lang/Object; 68 <appendix> form vmentry <vmtarget> ; # java/lang/invoke/LambdaForm$DMH+0x00000000150dc000
instanceKlass  @bci org/springframework/boot/context/properties/bind/Binder bindDataObject (Lorg/springframework/boot/context/properties/source/ConfigurationPropertyName;Lorg/springframework/boot/context/properties/bind/Bindable;Lorg/springframework/boot/context/properties/bind/BindHandler;Lorg/springframework/boot/context/properties/bind/Binder$Context;Z)Ljava/lang/Object; 68 <appendix> member <vmtarget> ; # org/springframework/boot/context/properties/bind/Binder$$Lambda+0x00000000150d9828
instanceKlass  @bci org/springframework/boot/context/properties/bind/Binder bindDataObject (Lorg/springframework/boot/context/properties/source/ConfigurationPropertyName;Lorg/springframework/boot/context/properties/bind/Bindable;Lorg/springframework/boot/context/properties/bind/BindHandler;Lorg/springframework/boot/context/properties/bind/Binder$Context;Z)Ljava/lang/Object; 52 <appendix> member <vmtarget> ; # org/springframework/boot/context/properties/bind/Binder$$Lambda+0x00000000150d95f8
instanceKlass org/springframework/boot/context/properties/bind/DataObjectPropertyBinder
instanceKlass  @bci org/springframework/boot/context/properties/source/ConfigurationPropertyName asSystemEnvironmentLegacyName ()Lorg/springframework/boot/context/properties/source/ConfigurationPropertyName; 13 <appendix> member <vmtarget> ; # org/springframework/boot/context/properties/source/ConfigurationPropertyName$$Lambda+0x00000000150d91c0
instanceKlass  @bci org/springframework/boot/context/properties/source/ConfigurationPropertySourcesCaching override ()Lorg/springframework/boot/context/properties/source/ConfigurationPropertyCaching$CacheOverride; 16 <appendix> member <vmtarget> ; # org/springframework/boot/context/properties/source/ConfigurationPropertySourcesCaching$$Lambda+0x00000000150d88e8
instanceKlass org/springframework/boot/context/properties/source/ConfigurationPropertySourcesCaching$CacheOverrides
instanceKlass org/springframework/boot/context/properties/bind/Binder$Context
instanceKlass org/springframework/boot/context/properties/bind/JavaBeanBinder
instanceKlass org/springframework/boot/context/properties/bind/ValueObjectBinder
instanceKlass org/springframework/boot/context/properties/bind/DataObjectBinder
instanceKlass org/springframework/boot/context/properties/bind/DefaultBindConstructorProvider
instanceKlass org/springframework/boot/context/properties/bind/BindConstructorProvider
instanceKlass org/springframework/boot/context/properties/bind/BindHandler$1
instanceKlass org/springframework/beans/TypeConverterDelegate
instanceKlass org/springframework/beans/PropertyEditorRegistrySupport
instanceKlass org/springframework/beans/PropertyEditorRegistry
instanceKlass org/springframework/beans/TypeConverter
instanceKlass java/beans/PropertyEditorSupport
instanceKlass java/beans/PropertyEditor
instanceKlass org/springframework/boot/context/properties/bind/BindConverter$TypeConverterConverter
instanceKlass org/springframework/boot/context/properties/bind/BindConverter
instanceKlass org/springframework/boot/context/properties/source/ConfigurationPropertySourcesCaching
instanceKlass org/springframework/boot/context/properties/bind/PropertySourcesPlaceholdersResolver
instanceKlass org/springframework/boot/context/properties/bind/AggregateBinder
instanceKlass org/springframework/boot/context/properties/bind/BindContext
instanceKlass org/springframework/boot/context/properties/bind/Binder
instanceKlass org/springframework/boot/context/config/ConfigDataLocation
instanceKlass org/springframework/boot/context/properties/bind/BindHandler
instanceKlass org/springframework/boot/context/properties/bind/PlaceholdersResolver
instanceKlass org/springframework/boot/origin/OriginProvider
instanceKlass org/springframework/boot/context/config/ConfigDataEnvironment
instanceKlass org/springframework/core/io/WritableResource
instanceKlass org/springframework/core/io/DefaultResourceLoader
instanceKlass  @bci org/springframework/boot/support/SpringApplicationJsonEnvironmentPostProcessor postProcessEnvironment (Lorg/springframework/core/env/ConfigurableEnvironment;Lorg/springframework/boot/SpringApplication;)V 38 <appendix> member <vmtarget> ; # org/springframework/boot/support/SpringApplicationJsonEnvironmentPostProcessor$$Lambda+0x00000000150d0000
instanceKlass  @bci org/springframework/boot/support/SpringApplicationJsonEnvironmentPostProcessor postProcessEnvironment (Lorg/springframework/core/env/ConfigurableEnvironment;Lorg/springframework/boot/SpringApplication;)V 21 <appendix> argL0 ; # org/springframework/boot/support/SpringApplicationJsonEnvironmentPostProcessor$$Lambda+0x00000000150c9400
instanceKlass  @bci org/springframework/boot/support/SpringApplicationJsonEnvironmentPostProcessor postProcessEnvironment (Lorg/springframework/core/env/ConfigurableEnvironment;Lorg/springframework/boot/SpringApplication;)V 11 <appendix> argL0 ; # org/springframework/boot/support/SpringApplicationJsonEnvironmentPostProcessor$$Lambda+0x00000000150c9c80
instanceKlass org/springframework/boot/support/SpringApplicationJsonEnvironmentPostProcessor$JsonPropertyValue
instanceKlass java/util/stream/Sink$OfInt
instanceKlass java/util/function/IntConsumer
instanceKlass  @bci java/util/stream/MatchOps makeInt (Ljava/util/function/IntPredicate;Ljava/util/stream/MatchOps$MatchKind;)Ljava/util/stream/TerminalOp; 20 <appendix> member <vmtarget> ; # java/util/stream/MatchOps$$Lambda+0x00000000150e4410
instanceKlass  @bci org/springframework/boot/context/properties/source/SystemEnvironmentPropertyMapper isNumber (Ljava/lang/String;)Z 4 <appendix> argL0 ; # org/springframework/boot/context/properties/source/SystemEnvironmentPropertyMapper$$Lambda+0x00000000150c9800
instanceKlass java/util/function/IntPredicate
instanceKlass java/util/stream/IntStream
instanceKlass java/lang/StringLatin1$CharsSpliterator
instanceKlass java/util/Spliterator$OfInt
instanceKlass java/util/Spliterator$OfPrimitive
instanceKlass  @bci org/springframework/boot/context/properties/source/SystemEnvironmentPropertyMapper convertName (Ljava/lang/String;)Lorg/springframework/boot/context/properties/source/ConfigurationPropertyName; 4 <appendix> member <vmtarget> ; # org/springframework/boot/context/properties/source/SystemEnvironmentPropertyMapper$$Lambda+0x00000000150cbc88
instanceKlass  @bci org/springframework/boot/context/properties/source/ConfigurationPropertyName buildToString (Lorg/springframework/boot/context/properties/source/ConfigurationPropertyName$ToStringFormat;)Ljava/lang/String; 66 <appendix> member <vmtarget> ; # org/springframework/boot/context/properties/source/ConfigurationPropertyName$$Lambda+0x00000000150cba58
instanceKlass  @bci org/springframework/boot/context/properties/source/ConfigurationPropertyName convertToUniformElement (Ljava/lang/CharSequence;)Ljava/lang/CharSequence; 3 <appendix> argL0 ; # org/springframework/boot/context/properties/source/ConfigurationPropertyName$$Lambda+0x00000000150cb830
instanceKlass org/springframework/boot/context/properties/source/ConfigurationPropertyName$ElementCharPredicate
instanceKlass  @bci org/springframework/boot/context/properties/source/ConfigurationPropertyName buildToString (Lorg/springframework/boot/context/properties/source/ConfigurationPropertyName$ToStringFormat;)Ljava/lang/String; 51 <appendix> member <vmtarget> ; # org/springframework/boot/context/properties/source/ConfigurationPropertyName$$Lambda+0x00000000150cb3f8
instanceKlass  @bci java/util/function/BiPredicate or (Ljava/util/function/BiPredicate;)Ljava/util/function/BiPredicate; 7 <appendix> member <vmtarget> ; # java/util/function/BiPredicate$$Lambda+0x00000000150e29d0
instanceKlass  @cpi java/util/function/BiPredicate 60 form vmentry <vmtarget> ; # java/lang/invoke/LambdaForm$DMH+0x00000000150c9000
instanceKlass  @bci org/springframework/boot/context/properties/source/SystemEnvironmentPropertyMapper getAncestorOfCheck ()Ljava/util/function/BiPredicate; 1 <appendix> member <vmtarget> ; # org/springframework/boot/context/properties/source/SystemEnvironmentPropertyMapper$$Lambda+0x00000000150cb198
instanceKlass  @bci org/springframework/boot/context/properties/source/SpringIterableConfigurationPropertySource$Cache add (Ljava/util/Map;Ljava/lang/Object;Ljava/lang/Object;)V 2 <appendix> argL0 ; # org/springframework/boot/context/properties/source/SpringIterableConfigurationPropertySource$Cache$$Lambda+0x00000000150ca8e8
instanceKlass  @bci org/springframework/core/env/PropertiesPropertySource getPropertyNames ()[Ljava/lang/String; 37 <appendix> argL0 ; # org/springframework/core/env/PropertiesPropertySource$$Lambda+0x00000000150ca6c0
instanceKlass  @bci org/springframework/core/env/PropertiesPropertySource getPropertyNames ()[Ljava/lang/String; 27 <appendix> argL0 ; # org/springframework/core/env/PropertiesPropertySource$$Lambda+0x00000000150ca468
instanceKlass  @bci org/springframework/boot/context/properties/source/SpringIterableConfigurationPropertySource getCache ()Lorg/springframework/boot/context/properties/source/SpringIterableConfigurationPropertySource$Cache; 11 <appendix> member <vmtarget> ; # org/springframework/boot/context/properties/source/SpringIterableConfigurationPropertySource$$Lambda+0x00000000150ca000
instanceKlass java/util/function/UnaryOperator
instanceKlass  @bci org/springframework/boot/context/properties/source/SpringIterableConfigurationPropertySource getCache ()Lorg/springframework/boot/context/properties/source/SpringIterableConfigurationPropertySource$Cache; 5 <appendix> member <vmtarget> ; # org/springframework/boot/context/properties/source/SpringIterableConfigurationPropertySource$$Lambda+0x00000000150cfcf8
instanceKlass org/springframework/boot/context/properties/source/SpringIterableConfigurationPropertySource$Cache
instanceKlass org/springframework/boot/context/properties/source/DefaultPropertyMapper$LastMapping
instanceKlass java/time/Clock
instanceKlass java/time/InstantSource
instanceKlass  @bci org/springframework/boot/context/properties/source/SoftReferenceConfigurationPropertyCache <clinit> ()V 6 <appendix> argL0 ; # org/springframework/boot/context/properties/source/SoftReferenceConfigurationPropertyCache$$Lambda+0x00000000150cf650
instanceKlass  @cpi org/springframework/boot/context/properties/source/SoftReferenceConfigurationPropertyCache 148 form vmentry <vmtarget> ; # java/lang/invoke/LambdaForm$DMH+0x00000000150c8c00
instanceKlass org/springframework/boot/context/properties/source/ConfigurationPropertyCaching$CacheOverride
instanceKlass org/springframework/boot/context/properties/source/SoftReferenceConfigurationPropertyCache
instanceKlass org/springframework/boot/context/properties/source/ConfigurationPropertyCaching
instanceKlass org/springframework/boot/context/properties/source/SystemEnvironmentPropertyMapper
instanceKlass  @bci org/springframework/boot/context/properties/source/PropertyMapper <clinit> ()V 0 <appendix> argL0 ; # org/springframework/boot/context/properties/source/PropertyMapper$$Lambda+0x00000000150ceb08
instanceKlass java/util/function/BiPredicate
instanceKlass org/springframework/boot/context/properties/source/DefaultPropertyMapper
instanceKlass org/springframework/boot/context/properties/source/PropertyMapper
instanceKlass org/springframework/boot/context/properties/source/CachingConfigurationPropertySource
instanceKlass org/springframework/boot/context/properties/source/IterableConfigurationPropertySource
instanceKlass org/springframework/boot/context/properties/source/SpringConfigurationPropertySource
instanceKlass  @bci org/springframework/boot/context/properties/source/SpringConfigurationPropertySources iterator ()Ljava/util/Iterator; 14 <appendix> member <vmtarget> ; # org/springframework/boot/context/properties/source/SpringConfigurationPropertySources$$Lambda+0x00000000150cd830
instanceKlass org/springframework/boot/context/properties/source/SpringConfigurationPropertySources$SourcesIterator
instanceKlass org/springframework/boot/origin/Origin
instanceKlass org/springframework/boot/logging/DeferredLog$Line
instanceKlass org/springframework/aot/AotDetector
instanceKlass  @bci java/util/stream/Collectors toCollection (Ljava/util/function/Supplier;)Ljava/util/stream/Collector; 10 <appendix> argL0 ; # java/util/stream/Collectors$$Lambda+0x00000000150e2578
instanceKlass  @bci java/util/stream/Collectors toCollection (Ljava/util/function/Supplier;)Ljava/util/stream/Collector; 5 <appendix> argL0 ; # java/util/stream/Collectors$$Lambda+0x00000000150e2340
instanceKlass  @bci org/springframework/boot/support/SpringFactoriesEnvironmentPostProcessorsFactory getEnvironmentPostProcessors (Lorg/springframework/boot/logging/DeferredLogFactory;Lorg/springframework/boot/bootstrap/ConfigurableBootstrapContext;)Ljava/util/List; 99 <appendix> argL0 ; # org/springframework/boot/support/SpringFactoriesEnvironmentPostProcessorsFactory$$Lambda+0x00000000150c6e80
instanceKlass  @bci org/springframework/boot/support/SpringFactoriesEnvironmentPostProcessorsFactory getEnvironmentPostProcessors (Lorg/springframework/boot/logging/DeferredLogFactory;Lorg/springframework/boot/bootstrap/ConfigurableBootstrapContext;)Ljava/util/List; 89 <appendix> argL0 ; # org/springframework/boot/support/SpringFactoriesEnvironmentPostProcessorsFactory$$Lambda+0x00000000150c6c38
instanceKlass org/springframework/boot/env/EnvironmentPostProcessor
instanceKlass org/springframework/boot/support/SystemEnvironmentPropertySourceEnvironmentPostProcessor
instanceKlass org/springframework/boot/support/SpringApplicationJsonEnvironmentPostProcessor
instanceKlass org/springframework/boot/support/RandomValuePropertySourceEnvironmentPostProcessor
instanceKlass org/springframework/boot/context/config/ConfigDataEnvironmentPostProcessor
instanceKlass org/springframework/boot/logging/DeferredLog
instanceKlass  @bci org/springframework/boot/logging/DeferredLogs getLog (Ljava/lang/Class;)Lorg/apache/commons/logging/Log; 2 <appendix> member <vmtarget> ; # org/springframework/boot/logging/DeferredLogs$$Lambda+0x00000000150c53f0
instanceKlass org/springframework/boot/cloud/CloudFoundryVcapEnvironmentPostProcessor
instanceKlass org/springframework/boot/EnvironmentPostProcessor
instanceKlass org/springframework/boot/support/SpringFactoriesEnvironmentPostProcessorsFactory
instanceKlass  @bci org/springframework/boot/SpringApplicationRunListeners environmentPrepared (Lorg/springframework/boot/bootstrap/ConfigurableBootstrapContext;Lorg/springframework/core/env/ConfigurableEnvironment;)V 5 <appendix> member <vmtarget> ; # org/springframework/boot/SpringApplicationRunListeners$$Lambda+0x00000000150c4b10
instanceKlass org/springframework/boot/context/properties/source/ConfigurationPropertySource
instanceKlass org/springframework/boot/context/properties/source/SpringConfigurationPropertySources
instanceKlass jdk/internal/vm/ThreadContainers
instanceKlass jdk/internal/vm/StackableScope
instanceKlass java/util/concurrent/LinkedTransferQueue$DualNode
instanceKlass java/util/concurrent/ForkJoinPool$ManagedBlocker
instanceKlass java/util/concurrent/TransferQueue
instanceKlass java/util/concurrent/ThreadPoolExecutor$AbortPolicy
instanceKlass java/util/concurrent/RejectedExecutionHandler
instanceKlass java/util/concurrent/AbstractExecutorService
instanceKlass java/util/concurrent/Executors
instanceKlass  @bci java/lang/ProcessHandleImpl initReaper ()Ljava/util/concurrent/Executor; 45 <appendix> form vmentry <vmtarget> ; # java/lang/invoke/LambdaForm$DMH+0x00000000150c8800
instanceKlass  @bci java/lang/ProcessHandleImpl initReaper ()Ljava/util/concurrent/Executor; 45 <appendix> member <vmtarget> ; # java/lang/ProcessHandleImpl$$Lambda+0x000000001503fc70
instanceKlass  @cpi java/lang/ProcessHandleImpl 358 form vmentry <vmtarget> ; # java/lang/invoke/LambdaForm$DMH+0x00000000150c8400
# instanceKlass java/lang/invoke/LambdaForm$DMH+0x00000000150c8000
instanceKlass jdk/internal/util/random/RandomSupport
instanceKlass java/util/Random
instanceKlass java/util/random/RandomGenerator
instanceKlass java/lang/ProcessHandleImpl
instanceKlass java/lang/ProcessHandle
instanceKlass org/springframework/boot/system/ApplicationPid
instanceKlass org/springframework/boot/convert/CharSequenceToObjectConverter
instanceKlass org/springframework/boot/convert/LenientObjectToEnumConverterFactory
instanceKlass sun/reflect/generics/tree/ByteSignature
instanceKlass org/springframework/boot/convert/InputStreamSourceToByteArrayConverter
instanceKlass org/springframework/boot/convert/StringToFileConverter
instanceKlass org/springframework/boot/convert/NumberToDataSizeConverter
instanceKlass org/springframework/util/unit/DataSize
instanceKlass org/springframework/boot/convert/StringToDataSizeConverter
instanceKlass org/springframework/boot/convert/NumberToPeriodConverter
instanceKlass org/springframework/boot/convert/PeriodToStringConverter
instanceKlass org/springframework/boot/convert/StringToPeriodConverter
instanceKlass org/springframework/boot/convert/DurationToNumberConverter
instanceKlass org/springframework/boot/convert/NumberToDurationConverter
instanceKlass org/springframework/boot/convert/DurationToStringConverter
instanceKlass org/springframework/boot/convert/StringToDurationConverter
instanceKlass org/springframework/boot/convert/DelimitedStringToCollectionConverter
instanceKlass org/springframework/boot/convert/DelimitedStringToArrayConverter
instanceKlass org/springframework/boot/convert/CollectionToDelimitedStringConverter
instanceKlass org/springframework/boot/convert/ArrayToDelimitedStringConverter
instanceKlass org/springframework/boot/convert/IsoOffsetFormatter
instanceKlass org/springframework/boot/convert/InetAddressFormatter
instanceKlass  @bci org/springframework/format/support/FormattingConversionService getFieldType (Ljava/lang/Object;Ljava/lang/Class;)Ljava/lang/Class; 39 <appendix> member <vmtarget> ; # org/springframework/format/support/FormattingConversionService$$Lambda+0x00000000150c1080
instanceKlass sun/reflect/generics/tree/ArrayTypeSignature
instanceKlass sun/reflect/generics/tree/CharSignature
instanceKlass org/springframework/boot/convert/CharArrayFormatter
instanceKlass org/springframework/format/annotation/DurationFormat
instanceKlass org/springframework/format/annotation/DateTimeFormat
instanceKlass org/springframework/format/datetime/standard/MonthDayFormatter
instanceKlass java/time/MonthDay
instanceKlass org/springframework/format/datetime/standard/YearMonthFormatter
instanceKlass java/time/YearMonth
instanceKlass org/springframework/format/datetime/standard/MonthFormatter
instanceKlass org/springframework/format/datetime/standard/YearFormatter
instanceKlass org/springframework/format/datetime/standard/DurationFormatter
instanceKlass org/springframework/format/datetime/standard/PeriodFormatter
instanceKlass org/springframework/format/datetime/standard/InstantFormatter
instanceKlass java/time/OffsetTime
instanceKlass org/springframework/format/support/FormattingConversionService$ParserConverter
instanceKlass org/springframework/format/support/FormattingConversionService$PrinterConverter
instanceKlass org/springframework/format/datetime/standard/TemporalAccessorParser
instanceKlass org/springframework/format/datetime/standard/TemporalAccessorPrinter
instanceKlass java/time/format/DateTimeFormatterBuilder$LocalizedPrinterParser
instanceKlass org/springframework/format/datetime/standard/DateTimeConverters$InstantToLongConverter
instanceKlass org/springframework/format/datetime/standard/DateTimeConverters$LongToInstantConverter
instanceKlass org/springframework/format/datetime/standard/DateTimeConverters$CalendarToInstantConverter
instanceKlass org/springframework/format/datetime/standard/DateTimeConverters$CalendarToLocalDateTimeConverter
instanceKlass org/springframework/format/datetime/standard/DateTimeConverters$CalendarToLocalTimeConverter
instanceKlass org/springframework/format/datetime/standard/DateTimeConverters$CalendarToLocalDateConverter
instanceKlass org/springframework/format/datetime/standard/DateTimeConverters$CalendarToOffsetDateTimeConverter
instanceKlass org/springframework/format/datetime/standard/DateTimeConverters$CalendarToZonedDateTimeConverter
instanceKlass org/springframework/format/datetime/standard/DateTimeConverters$OffsetDateTimeToInstantConverter
instanceKlass org/springframework/format/datetime/standard/DateTimeConverters$OffsetDateTimeToZonedDateTimeConverter
instanceKlass org/springframework/format/datetime/standard/DateTimeConverters$OffsetDateTimeToLocalDateTimeConverter
instanceKlass org/springframework/format/datetime/standard/DateTimeConverters$OffsetDateTimeToLocalTimeConverter
instanceKlass org/springframework/format/datetime/standard/DateTimeConverters$OffsetDateTimeToLocalDateConverter
instanceKlass org/springframework/format/datetime/standard/DateTimeConverters$ZonedDateTimeToInstantConverter
instanceKlass java/time/OffsetDateTime
instanceKlass org/springframework/format/datetime/standard/DateTimeConverters$ZonedDateTimeToOffsetDateTimeConverter
instanceKlass org/springframework/format/datetime/standard/DateTimeConverters$ZonedDateTimeToLocalDateTimeConverter
instanceKlass org/springframework/format/datetime/standard/DateTimeConverters$ZonedDateTimeToLocalTimeConverter
instanceKlass org/springframework/format/datetime/standard/DateTimeConverters$ZonedDateTimeToLocalDateConverter
instanceKlass org/springframework/format/datetime/standard/DateTimeConverters$LocalDateTimeToLocalTimeConverter
instanceKlass org/springframework/format/datetime/standard/DateTimeConverters$LocalDateTimeToLocalDateConverter
instanceKlass org/springframework/format/datetime/DateFormatterRegistrar$LongToCalendarConverter
instanceKlass org/springframework/format/datetime/DateFormatterRegistrar$LongToDateConverter
instanceKlass org/springframework/format/datetime/DateFormatterRegistrar$CalendarToLongConverter
instanceKlass org/springframework/format/datetime/DateFormatterRegistrar$CalendarToDateConverter
instanceKlass org/springframework/format/datetime/DateFormatterRegistrar$DateToCalendarConverter
instanceKlass org/springframework/format/datetime/DateFormatterRegistrar$DateToLongConverter
instanceKlass org/springframework/format/datetime/DateFormatterRegistrar
instanceKlass org/springframework/format/datetime/standard/DateTimeConverters
instanceKlass org/springframework/format/datetime/standard/DateTimeFormatterFactory
instanceKlass org/springframework/format/datetime/standard/DateTimeFormatterRegistrar
instanceKlass org/springframework/format/FormatterRegistrar
instanceKlass org/springframework/format/support/FormattingConversionService$AnnotationParserConverter
instanceKlass org/springframework/format/support/FormattingConversionService$AnnotationPrinterConverter
instanceKlass org/springframework/util/NumberUtils
instanceKlass  @bci org/springframework/core/GenericTypeResolver getSingleGeneric (Lorg/springframework/core/ResolvableType;)Ljava/lang/Class; 15 <appendix> member <vmtarget> ; # org/springframework/core/GenericTypeResolver$$Lambda+0x00000000150b8ed0
instanceKlass org/springframework/format/annotation/NumberFormat
instanceKlass org/springframework/core/GenericTypeResolver
instanceKlass org/springframework/context/support/EmbeddedValueResolutionSupport
instanceKlass org/springframework/format/AnnotationFormatterFactory
instanceKlass org/springframework/core/convert/support/OptionalToObjectConverter
instanceKlass org/springframework/core/convert/support/ObjectToOptionalConverter
instanceKlass org/springframework/core/convert/support/FallbackObjectToStringConverter
instanceKlass org/springframework/core/convert/support/IdToEntityConverter
instanceKlass org/springframework/core/convert/support/ObjectToObjectConverter
instanceKlass java/time/ZonedDateTime
instanceKlass java/time/chrono/ChronoZonedDateTime
instanceKlass java/util/Calendar
instanceKlass org/springframework/core/convert/support/ZonedDateTimeToCalendarConverter
instanceKlass org/springframework/core/convert/support/ZoneIdToTimeZoneConverter
instanceKlass org/springframework/core/convert/support/StringToTimeZoneConverter
instanceKlass org/springframework/core/convert/support/InstantToDateConverter
instanceKlass java/util/Date
instanceKlass org/springframework/core/convert/support/DateToInstantConverter
instanceKlass org/springframework/core/convert/support/ByteBufferConverter
instanceKlass  @bci org/springframework/core/convert/TypeDescriptor <init> (Lorg/springframework/core/ResolvableType;Ljava/lang/Class;[Ljava/lang/annotation/Annotation;)V 27 <appendix> member <vmtarget> ; # org/springframework/core/convert/TypeDescriptor$$Lambda+0x00000000150b5e18
instanceKlass java/lang/invoke/TypeConvertingMethodAdapter$1
instanceKlass java/lang/classfile/constantpool/IntegerEntry
instanceKlass sun/invoke/util/BytecodeDescriptor
instanceKlass java/lang/invoke/InnerClassLambdaMetafactory$4
instanceKlass java/lang/invoke/InnerClassLambdaMetafactory$SerializationSupport
instanceKlass org/springframework/core/annotation/AnnotatedElementAdapter
instanceKlass org/springframework/core/convert/TypeDescriptor$AnnotatedElementSupplier
instanceKlass org/springframework/core/convert/TypeDescriptor
instanceKlass org/springframework/core/convert/support/StreamConverter
instanceKlass org/springframework/core/convert/support/ObjectToCollectionConverter
instanceKlass org/springframework/core/convert/support/CollectionToObjectConverter
instanceKlass org/springframework/core/convert/support/StringToCollectionConverter
instanceKlass org/springframework/core/convert/support/ObjectToArrayConverter
instanceKlass org/springframework/core/convert/support/ArrayToObjectConverter
instanceKlass org/springframework/core/convert/support/StringToArrayConverter
instanceKlass org/springframework/core/convert/support/CollectionToStringConverter
instanceKlass org/springframework/core/convert/support/ArrayToStringConverter
instanceKlass org/springframework/core/convert/support/MapToMapConverter
instanceKlass org/springframework/core/convert/support/CollectionToCollectionConverter
instanceKlass org/springframework/core/convert/support/ArrayToArrayConverter
instanceKlass org/springframework/core/convert/support/CollectionToArrayConverter
instanceKlass org/springframework/core/convert/support/ArrayToCollectionConverter
instanceKlass org/springframework/core/convert/support/StringToPatternConverter
instanceKlass java/util/UUID
instanceKlass org/springframework/core/convert/support/StringToUUIDConverter
instanceKlass org/springframework/core/convert/support/PropertiesToStringConverter
instanceKlass org/springframework/core/convert/support/StringToPropertiesConverter
instanceKlass java/util/Currency
instanceKlass org/springframework/core/convert/support/StringToCurrencyConverter
instanceKlass org/springframework/core/convert/support/StringToCharsetConverter
instanceKlass org/springframework/core/convert/support/StringToLocaleConverter
instanceKlass org/springframework/core/convert/support/IntegerToEnumConverterFactory
instanceKlass sun/reflect/generics/tree/Wildcard
instanceKlass sun/reflect/generics/tree/BottomSignature
instanceKlass org/springframework/core/convert/support/AbstractConditionalEnumConverter
instanceKlass org/springframework/core/convert/support/StringToEnumConverterFactory
instanceKlass org/springframework/core/convert/support/StringToBooleanConverter
instanceKlass org/springframework/core/convert/support/CharacterToNumberFactory
instanceKlass org/springframework/core/convert/support/NumberToCharacterConverter
instanceKlass org/springframework/core/convert/support/StringToCharacterConverter
instanceKlass org/springframework/core/convert/support/GenericConversionService$ConverterAdapter
instanceKlass org/springframework/core/convert/support/ObjectToStringConverter
instanceKlass org/springframework/core/convert/support/StringToNumberConverterFactory
instanceKlass java/util/concurrent/ConcurrentLinkedDeque$Node
instanceKlass  @bci org/springframework/core/convert/support/GenericConversionService$Converters getMatchableConverters (Lorg/springframework/core/convert/converter/GenericConverter$ConvertiblePair;)Lorg/springframework/core/convert/support/GenericConversionService$ConvertersForPair; 5 <appendix> argL0 ; # org/springframework/core/convert/support/GenericConversionService$Converters$$Lambda+0x00000000150b08a8
instanceKlass org/springframework/core/convert/support/GenericConversionService$ConvertersForPair
instanceKlass org/springframework/core/convert/converter/GenericConverter$ConvertiblePair
instanceKlass org/springframework/core/convert/support/GenericConversionService$ConverterFactoryAdapter
instanceKlass org/springframework/core/convert/converter/ConditionalGenericConverter
instanceKlass org/springframework/core/convert/support/NumberToNumberConverterFactory
instanceKlass org/springframework/core/convert/converter/ConditionalConverter
instanceKlass org/springframework/core/convert/support/GenericConversionService$Converters
instanceKlass org/springframework/core/convert/support/GenericConversionService$NoOpConverter
instanceKlass org/springframework/format/Formatter
instanceKlass org/springframework/core/convert/converter/ConverterFactory
instanceKlass org/springframework/core/convert/converter/Converter
instanceKlass org/springframework/format/Parser
instanceKlass org/springframework/format/Printer
instanceKlass org/springframework/core/convert/converter/GenericConverter
instanceKlass org/springframework/core/convert/support/GenericConversionService
instanceKlass org/springframework/context/EmbeddedValueResolverAware
instanceKlass org/springframework/format/FormatterRegistry
instanceKlass javax/naming/spi/NamingManager
instanceKlass com/sun/naming/internal/VersionHelper$InputStreamEnumeration
instanceKlass javax/naming/NamingEnumeration
instanceKlass com/sun/naming/internal/VersionHelper
instanceKlass com/sun/naming/internal/ResourceManager
instanceKlass org/springframework/jndi/JndiAccessor
instanceKlass org/springframework/util/PlaceholderParser
instanceKlass org/springframework/util/PropertyPlaceholderHelper
instanceKlass org/springframework/util/PropertyPlaceholderHelper$PlaceholderResolver
instanceKlass org/springframework/util/SystemPropertyUtils
instanceKlass org/springframework/core/SpringProperties
instanceKlass org/springframework/core/env/AbstractPropertyResolver
instanceKlass org/springframework/boot/origin/OriginLookup
instanceKlass org/springframework/boot/context/properties/source/ConfigurationPropertySources
instanceKlass org/springframework/core/env/MutablePropertySources
instanceKlass javax/naming/InitialContext
instanceKlass javax/naming/Context
instanceKlass org/springframework/core/env/PropertySources
instanceKlass org/springframework/core/env/AbstractEnvironment
instanceKlass org/springframework/web/context/ConfigurableWebEnvironment
instanceKlass org/springframework/boot/web/server/servlet/context/ServletWebServerApplicationContextFactory
instanceKlass org/springframework/boot/web/server/reactive/context/ReactiveWebServerApplicationContextFactory
instanceKlass  @bci org/springframework/boot/DefaultApplicationContextFactory createEnvironment (Lorg/springframework/boot/WebApplicationType;)Lorg/springframework/core/env/ConfigurableEnvironment; 2 <appendix> argL0 ; # org/springframework/boot/DefaultApplicationContextFactory$$Lambda+0x00000000150a4a48
instanceKlass org/springframework/core/env/CommandLineArgs
instanceKlass org/springframework/core/env/SimpleCommandLineArgsParser
instanceKlass org/springframework/boot/DefaultApplicationArguments
instanceKlass java/util/logging/LogManager$CloseOnReset
instanceKlass java/util/logging/ErrorManager
instanceKlass jdk/internal/logger/SimpleConsoleLogger$Formatting
instanceKlass sun/util/logging/PlatformLogger
instanceKlass sun/util/logging/PlatformLogger$ConfigurableBridge$LoggerConfiguration
instanceKlass  @bci java/util/logging/SimpleFormatter <init> ()V 5 <appendix> argL0 ; # java/util/logging/SimpleFormatter$$Lambda+0x00000000150362e0
instanceKlass java/util/logging/Formatter
instanceKlass jdk/internal/logger/BootstrapLogger$BootstrapExecutors
instanceKlass jdk/internal/logger/BootstrapLogger$RedirectedLoggers
instanceKlass java/util/concurrent/CopyOnWriteArrayList$COWIterator
instanceKlass jdk/internal/logger/BootstrapLogger$DetectBackend
instanceKlass jdk/internal/logger/BootstrapLogger
instanceKlass sun/util/logging/PlatformLogger$ConfigurableBridge
instanceKlass sun/util/logging/PlatformLogger$Bridge
instanceKlass java/lang/System$Logger
instanceKlass  @bci java/util/stream/MatchOps makeRef (Ljava/util/function/Predicate;Ljava/util/stream/MatchOps$MatchKind;)Ljava/util/stream/TerminalOp; 20 <appendix> member <vmtarget> ; # java/util/stream/MatchOps$$Lambda+0x800000004
instanceKlass java/util/stream/MatchOps$BooleanTerminalSink
instanceKlass java/util/stream/MatchOps$MatchOp
instanceKlass java/util/stream/MatchOps
instanceKlass java/util/stream/Streams
instanceKlass java/util/stream/Stream$Builder
instanceKlass java/util/stream/Streams$AbstractStreamBuilderImpl
instanceKlass java/util/stream/ReferencePipeline$7$1FlatMap
instanceKlass  @bci java/util/logging/Level$KnownLevel findByName (Ljava/lang/String;Ljava/util/function/Function;)Ljava/util/Optional; 29 <appendix> argL0 ; # java/util/logging/Level$KnownLevel$$Lambda+0x800000022
instanceKlass  @bci java/util/logging/Level findLevel (Ljava/lang/String;)Ljava/util/logging/Level; 13 <appendix> argL0 ; # java/util/logging/Level$$Lambda+0x80000001f
instanceKlass java/util/Hashtable$Enumerator
instanceKlass java/util/Collections$3
instanceKlass java/util/logging/LogManager$VisitedLoggers
instanceKlass java/nio/file/Paths
instanceKlass java/util/logging/Logger$ConfigurationData
instanceKlass java/util/logging/Logger$LoggerBundle
instanceKlass java/util/logging/Logger
instanceKlass java/lang/System$LoggerFinder
instanceKlass java/util/logging/LogManager$LoggingProviderAccess
instanceKlass sun/util/logging/internal/LoggingProviderImpl$LogManagerAccess
instanceKlass java/lang/Shutdown$Lock
instanceKlass java/lang/Shutdown
instanceKlass java/lang/ApplicationShutdownHooks$1
instanceKlass java/lang/ApplicationShutdownHooks
instanceKlass java/util/Collections$SynchronizedMap
instanceKlass java/util/logging/LogManager$LogNode
instanceKlass java/util/logging/LogManager$LoggerContext
instanceKlass  @bci java/util/logging/Level$KnownLevel add (Ljava/util/logging/Level;)V 49 <appendix> argL0 ; # java/util/logging/Level$KnownLevel$$Lambda+0x800000021
instanceKlass  @bci java/util/logging/Level$KnownLevel add (Ljava/util/logging/Level;)V 19 <appendix> argL0 ; # java/util/logging/Level$KnownLevel$$Lambda+0x800000020
instanceKlass java/util/logging/Level
instanceKlass java/util/logging/Handler
instanceKlass  @bci org/springframework/boot/logging/logback/LogbackLoggingSystem getLoggerContext ()Lch/qos/logback/classic/LoggerContext; 11 <appendix> member <vmtarget> ; # org/springframework/boot/logging/logback/LogbackLoggingSystem$$Lambda+0x00000000150a7db0
instanceKlass org/springframework/boot/logging/AbstractLoggingSystem$LogLevels
instanceKlass org/springframework/boot/logging/LoggerConfigurationComparator
instanceKlass ch/qos/logback/classic/spi/LoggerContextListener
instanceKlass org/springframework/boot/logging/logback/LogbackConfigurator
instanceKlass org/springframework/boot/logging/LoggingSystemProperties
instanceKlass  @bci org/springframework/core/annotation/TypeMappedAnnotation createIfPossible (Lorg/springframework/core/annotation/AnnotationTypeMapping;Ljava/lang/Object;Ljava/lang/annotation/Annotation;ILorg/springframework/core/annotation/IntrospectionFailureLogger;)Lorg/springframework/core/annotation/TypeMappedAnnotation; 3 <appendix> argL0 ; # org/springframework/core/annotation/TypeMappedAnnotation$$Lambda+0x00000000150a3400
instanceKlass org/springframework/core/annotation/AnnotationUtils
instanceKlass org/springframework/core/annotation/ValueExtractor
instanceKlass  @bci org/springframework/core/annotation/AnnotationTypeMappings <init> (Lorg/springframework/core/annotation/RepeatableContainers;Lorg/springframework/core/annotation/AnnotationFilter;Ljava/lang/Class;Ljava/util/Set;)V 36 <appendix> argL0 ; # org/springframework/core/annotation/AnnotationTypeMappings$$Lambda+0x00000000150a2878
instanceKlass  @bci org/springframework/core/type/classreading/ClassFileAnnotationMetadata of (Ljava/lang/classfile/ClassModel;Ljava/lang/ClassLoader;)Lorg/springframework/core/type/classreading/ClassFileAnnotationMetadata; 46 <appendix> form vmentry <vmtarget> ; # java/lang/invoke/LambdaForm$DMH+0x00000000150a4000
instanceKlass  @bci sun/reflect/annotation/AnnotationParser parseEnumArray (ILjava/lang/Class;Ljava/nio/ByteBuffer;Ljdk/internal/reflect/ConstantPool;Ljava/lang/Class;)Ljava/lang/Object; 16 <appendix> member <vmtarget> ; # sun/reflect/annotation/AnnotationParser$$Lambda+0x0000000015034840
instanceKlass org/springframework/core/annotation/AliasFor
instanceKlass org/springframework/core/annotation/AnnotationTypeMapping$MirrorSets
instanceKlass org/springframework/core/annotation/AnnotationTypeMapping$MirrorSets$MirrorSet
instanceKlass org/springframework/core/annotation/AnnotationTypeMapping
instanceKlass  @bci org/springframework/core/annotation/AnnotationTypeMappings forAnnotationType (Ljava/lang/Class;Lorg/springframework/core/annotation/RepeatableContainers;Lorg/springframework/core/annotation/AnnotationFilter;Ljava/util/Set;)Lorg/springframework/core/annotation/AnnotationTypeMappings; 12 <appendix> member <vmtarget> ; # org/springframework/core/annotation/AnnotationTypeMappings$$Lambda+0x00000000150a1708
instanceKlass org/springframework/core/annotation/AnnotationTypeMappings$Cache
instanceKlass org/springframework/core/annotation/AnnotationTypeMappings
instanceKlass  @bci org/springframework/core/annotation/RepeatableContainers$StandardRepeatableContainers getRepeatedAnnotationsMethod (Ljava/lang/Class;)Ljava/lang/reflect/Method; 4 <appendix> argL0 ; # org/springframework/core/annotation/RepeatableContainers$StandardRepeatableContainers$$Lambda+0x00000000150a1088
instanceKlass  @bci org/springframework/core/annotation/AttributeMethods forAnnotationType (Ljava/lang/Class;)Lorg/springframework/core/annotation/AttributeMethods; 12 <appendix> argL0 ; # org/springframework/core/annotation/AttributeMethods$$Lambda+0x00000000150a0e40
instanceKlass  @bci org/springframework/core/annotation/AttributeMethods <clinit> ()V 31 <appendix> argL0 ; # org/springframework/core/annotation/AttributeMethods$$Lambda+0x00000000150a0ba0
instanceKlass org/springframework/core/annotation/AttributeMethods
instanceKlass org/springframework/beans/factory/aot/BeanFactoryInitializationAotProcessor
instanceKlass org/springframework/boot/logging/logback/LogbackLoggingSystem$Factory
instanceKlass org/springframework/boot/logging/log4j2/Log4J2LoggingSystem$Factory
instanceKlass java/util/logging/LogManager
instanceKlass org/springframework/boot/logging/java/JavaLoggingSystem$Factory
instanceKlass  @bci org/springframework/boot/logging/LoggingSystemFactory fromSpringFactories ()Lorg/springframework/boot/logging/LoggingSystemFactory; 4 <appendix> argL0 ; # org/springframework/boot/logging/LoggingSystemFactory$$Lambda+0x000000001509f1c8
instanceKlass org/springframework/boot/logging/DelegatingLoggingSystemFactory
instanceKlass org/springframework/boot/logging/LoggingSystemFactory
instanceKlass org/springframework/boot/logging/LoggingSystem
instanceKlass org/springframework/aop/SpringProxy
instanceKlass org/springframework/aop/support/AopUtils
instanceKlass org/springframework/context/event/GenericApplicationListenerAdapter
instanceKlass org/springframework/context/event/AbstractApplicationEventMulticaster$CachedListenerRetriever
instanceKlass org/springframework/context/event/AbstractApplicationEventMulticaster$ListenerCacheKey
instanceKlass org/springframework/core/ResolvableTypeProvider
instanceKlass org/springframework/aop/framework/Advised
instanceKlass org/springframework/aop/TargetClassAware
instanceKlass org/springframework/aop/framework/AopProxyUtils
instanceKlass  @bci org/springframework/boot/context/event/EventPublishingRunListener refreshApplicationListeners ()V 16 <appendix> member <vmtarget> ; # org/springframework/boot/context/event/EventPublishingRunListener$$Lambda+0x000000001509aae8
instanceKlass  @bci org/springframework/boot/SpringApplicationRunListeners starting (Lorg/springframework/boot/bootstrap/ConfigurableBootstrapContext;Ljava/lang/Class;)V 10 <appendix> member <vmtarget> ; # org/springframework/boot/SpringApplicationRunListeners$$Lambda+0x000000001509a8a8
instanceKlass  @bci org/springframework/boot/SpringApplicationRunListeners starting (Lorg/springframework/boot/bootstrap/ConfigurableBootstrapContext;Ljava/lang/Class;)V 4 <appendix> member <vmtarget> ; # org/springframework/boot/SpringApplicationRunListeners$$Lambda+0x000000001509a668
instanceKlass org/springframework/boot/SpringApplicationRunListeners
# instanceKlass java/lang/invoke/LambdaForm$MH+0x000000001509cc00
# instanceKlass java/lang/invoke/LambdaForm$MH+0x000000001509c800
instanceKlass java/util/stream/Nodes$ArrayNode
instanceKlass  @bci org/springframework/core/io/support/SpringFactoriesLoader$FactoryInstantiator resolveArgs (Lorg/springframework/core/io/support/SpringFactoriesLoader$ArgumentResolver;)[Ljava/lang/Object; 22 <appendix> member <vmtarget> ; # org/springframework/core/io/support/SpringFactoriesLoader$FactoryInstantiator$$Lambda+0x000000001509a1c8
instanceKlass  @cpi org/springframework/core/io/support/SpringFactoriesLoader$FactoryInstantiator 192 form vmentry <vmtarget> ; # java/lang/invoke/LambdaForm$DMH+0x000000001509c400
instanceKlass org/springframework/util/ErrorHandler
instanceKlass org/springframework/boot/availability/AvailabilityState
instanceKlass org/springframework/boot/context/event/EventPublishingRunListener
instanceKlass org/springframework/boot/SpringApplicationRunListener
instanceKlass  @bci org/springframework/core/io/support/SpringFactoriesLoader$ArgumentResolver and (Lorg/springframework/core/io/support/SpringFactoriesLoader$ArgumentResolver;)Lorg/springframework/core/io/support/SpringFactoriesLoader$ArgumentResolver; 2 <appendix> member <vmtarget> ; # org/springframework/core/io/support/SpringFactoriesLoader$ArgumentResolver$$Lambda+0x0000000015098ff0
instanceKlass  @cpi org/springframework/core/io/support/SpringFactoriesLoader$ArgumentResolver 103 form vmentry <vmtarget> ; # java/lang/invoke/LambdaForm$DMH+0x000000001509c000
instanceKlass org/springframework/core/io/support/SpringFactoriesLoader$ArgumentResolver$1
instanceKlass  @bci org/springframework/core/io/support/SpringFactoriesLoader$ArgumentResolver ofSupplied (Ljava/lang/Class;Ljava/util/function/Supplier;)Lorg/springframework/core/io/support/SpringFactoriesLoader$ArgumentResolver; 2 <appendix> member <vmtarget> ; # org/springframework/core/io/support/SpringFactoriesLoader$ArgumentResolver$$Lambda+0x0000000015098b38
instanceKlass  @bci org/springframework/core/io/support/SpringFactoriesLoader$ArgumentResolver of (Ljava/lang/Class;Ljava/lang/Object;)Lorg/springframework/core/io/support/SpringFactoriesLoader$ArgumentResolver; 2 <appendix> member <vmtarget> ; # org/springframework/core/io/support/SpringFactoriesLoader$ArgumentResolver$$Lambda+0x0000000015098908
instanceKlass org/springframework/core/io/support/SpringFactoriesLoader$ArgumentResolver
instanceKlass  @bci org/springframework/boot/SpringApplication createBootstrapContext ()Lorg/springframework/boot/bootstrap/DefaultBootstrapContext; 13 <appendix> member <vmtarget> ; # org/springframework/boot/SpringApplication$$Lambda+0x00000000150984c0
instanceKlass org/springframework/context/event/AbstractApplicationEventMulticaster$DefaultListenerRetriever
instanceKlass org/springframework/context/event/AbstractApplicationEventMulticaster
instanceKlass org/springframework/beans/factory/BeanFactoryAware
instanceKlass org/springframework/beans/factory/BeanClassLoaderAware
instanceKlass org/springframework/context/event/ApplicationEventMulticaster
instanceKlass org/springframework/boot/bootstrap/DefaultBootstrapContext
instanceKlass org/springframework/boot/SpringApplication$Startup
instanceKlass  @bci org/springframework/boot/SpringApplication findMainClass (Ljava/util/stream/Stream;)Ljava/util/Optional; 16 <appendix> argL0 ; # org/springframework/boot/SpringApplication$$Lambda+0x0000000015093ca8
instanceKlass  @bci org/springframework/boot/SpringApplication findMainClass (Ljava/util/stream/Stream;)Ljava/util/Optional; 1 <appendix> argL0 ; # org/springframework/boot/SpringApplication$$Lambda+0x0000000015093a50
instanceKlass  @bci org/springframework/boot/SpringApplication deduceMainApplicationClass ()Ljava/lang/Class; 7 <appendix> member <vmtarget> ; # org/springframework/boot/SpringApplication$$Lambda+0x0000000015093800
instanceKlass org/springframework/boot/logging/DeferredLog$Lines
instanceKlass org/springframework/boot/logging/DeferredLogs
instanceKlass  @bci org/springframework/boot/support/EnvironmentPostProcessorApplicationListener <init> ()V 1 <appendix> argL0 ; # org/springframework/boot/support/EnvironmentPostProcessorApplicationListener$$Lambda+0x00000000150930f0
instanceKlass org/springframework/boot/support/EnvironmentPostProcessorsFactory
instanceKlass org/springframework/boot/logging/DeferredLogFactory
instanceKlass org/springframework/boot/support/EnvironmentPostProcessorApplicationListener
instanceKlass org/springframework/boot/support/AnsiOutputApplicationListener
instanceKlass  @bci org/springframework/util/MultiValueMapAdapter add (Ljava/lang/Object;Ljava/lang/Object;)V 5 <appendix> argL0 ; # org/springframework/util/MultiValueMapAdapter$$Lambda+0x0000000015096978
instanceKlass org/springframework/util/MultiValueMapAdapter
instanceKlass org/springframework/core/ResolvableType$DefaultVariableResolver
instanceKlass sun/reflect/generics/reflectiveObjects/ParameterizedTypeImpl
instanceKlass sun/reflect/generics/tree/TypeVariableSignature
instanceKlass org/springframework/core/ResolvableType$TypeVariablesVariableResolver
instanceKlass org/springframework/core/ResolvableType$SyntheticParameterizedType
instanceKlass org/springframework/core/SerializableTypeWrapper$SerializableTypeProxy
instanceKlass java/lang/reflect/WildcardType
instanceKlass java/lang/reflect/ParameterizedType
instanceKlass org/springframework/core/SerializableTypeWrapper
instanceKlass  @bci org/springframework/core/ResolvableType forClassWithGenerics (Ljava/lang/Class;[Lorg/springframework/core/ResolvableType;)Lorg/springframework/core/ResolvableType; 29 <appendix> member <vmtarget> ; # org/springframework/core/ResolvableType$$Lambda+0x00000000150952a8
instanceKlass sun/reflect/generics/reflectiveObjects/LazyReflectiveObjectGenerator
instanceKlass sun/reflect/generics/tree/ClassSignature
instanceKlass sun/reflect/generics/tree/Signature
instanceKlass sun/reflect/generics/tree/FormalTypeParameter
instanceKlass java/lang/reflect/TypeVariable
instanceKlass sun/reflect/generics/repository/AbstractRepository
instanceKlass org/springframework/core/ResolvableType$EmptyType
instanceKlass org/springframework/core/ResolvableType$VariableResolver
instanceKlass org/springframework/core/SerializableTypeWrapper$TypeProvider
instanceKlass org/springframework/core/ResolvableType
instanceKlass org/springframework/boot/context/properties/bind/Bindable
instanceKlass org/springframework/boot/context/properties/source/ConfigurationPropertyName$ElementsParser
instanceKlass org/springframework/boot/context/properties/source/ConfigurationPropertyName$Elements
instanceKlass org/springframework/boot/context/properties/source/ConfigurationPropertyName
instanceKlass org/springframework/boot/context/logging/LoggingApplicationListener
instanceKlass org/springframework/context/event/GenericApplicationListener
instanceKlass org/springframework/context/event/SmartApplicationListener
instanceKlass org/springframework/boot/context/FileEncodingApplicationListener
instanceKlass org/springframework/boot/builder/ParentContextCloserApplicationListener
instanceKlass org/springframework/boot/ClearCachesApplicationListener
instanceKlass org/springframework/core/NativeDetector
instanceKlass java/util/concurrent/CountDownLatch
instanceKlass org/springframework/boot/autoconfigure/preinitialize/BackgroundPreinitializingApplicationListener
instanceKlass org/springframework/core/DecoratingProxy
instanceKlass org/springframework/core/annotation/AbstractMergedAnnotation
instanceKlass java/lang/annotation/Target
instanceKlass jdk/internal/classfile/impl/StackMapDecoder$1
instanceKlass jdk/internal/classfile/impl/StackMapDecoder
instanceKlass jdk/internal/classfile/impl/StackCounter
instanceKlass  @bci java/lang/reflect/ProxyGenerator lambda$generateLookupAccessor$0 (Ljava/lang/classfile/MethodBuilder;)V 30 <appendix> member <vmtarget> ; # java/lang/reflect/ProxyGenerator$$Lambda+0x000000001502f550
instanceKlass  @bci java/lang/reflect/ProxyGenerator generateLookupAccessor (Ljava/lang/classfile/ClassBuilder;)V 10 <appendix> member <vmtarget> ; # java/lang/reflect/ProxyGenerator$$Lambda+0x000000001502f310
instanceKlass java/lang/classfile/constantpool/StringEntry
instanceKlass java/lang/classfile/constantpool/ConstantValueEntry
instanceKlass  @bci java/lang/reflect/ProxyGenerator generateStaticInitializer (Ljava/lang/classfile/ClassBuilder;)V 10 <appendix> member <vmtarget> ; # java/lang/reflect/ProxyGenerator$$Lambda+0x000000001502e968
instanceKlass java/lang/classfile/attribute/StackMapTableAttribute
instanceKlass java/lang/classfile/attribute/StackMapFrameInfo
instanceKlass java/lang/classfile/instruction/ExceptionCatch
instanceKlass  @bci java/lang/reflect/ProxyGenerator$ProxyMethod lambda$generateMethod$0 (Ljava/lang/classfile/MethodBuilder;)V 30 <appendix> member <vmtarget> ; # java/lang/reflect/ProxyGenerator$ProxyMethod$$Lambda+0x000000001502dbf8
instanceKlass java/lang/classfile/attribute/ExceptionsAttribute
instanceKlass  @bci java/lang/reflect/ProxyGenerator$ProxyMethod generateMethod (Ljava/lang/classfile/ClassBuilder;)V 42 <appendix> member <vmtarget> ; # java/lang/reflect/ProxyGenerator$ProxyMethod$$Lambda+0x000000001502d290
instanceKlass  @bci java/lang/reflect/ProxyGenerator generateConstructor (Ljava/lang/classfile/ClassBuilder;)V 8 <appendix> member <vmtarget> ; # java/lang/reflect/ProxyGenerator$$Lambda+0x000000001502d050
instanceKlass  @bci java/lang/reflect/ProxyGenerator generateClassFile ()[B 197 <appendix> member <vmtarget> ; # java/lang/reflect/ProxyGenerator$$Lambda+0x000000001502ce10
instanceKlass  @cpi org/springframework/boot/autoconfigure/condition/OnClassCondition$ThreadedOutcomesResolver 84 form vmentry <vmtarget> ; # java/lang/invoke/LambdaForm$DMH+0x0000000015090000
instanceKlass  @bci java/lang/reflect/ProxyGenerator proxyMethodsFor (Ljava/lang/String;)Ljava/util/List; 5 <appendix> argL0 ; # java/lang/reflect/ProxyGenerator$$Lambda+0x000000001502cbc8
instanceKlass java/lang/reflect/ProxyGenerator$ProxyMethod
instanceKlass java/lang/classfile/attribute/StackMapFrameInfo$ObjectVerificationTypeInfo
instanceKlass java/lang/classfile/attribute/StackMapFrameInfo$VerificationTypeInfo
instanceKlass java/util/StringJoiner
instanceKlass java/lang/classfile/ClassFile$Option
instanceKlass java/lang/reflect/ProxyGenerator
instanceKlass  @bci java/lang/WeakPairMap computeIfAbsent (Ljava/lang/Object;Ljava/lang/Object;Ljava/util/function/BiFunction;)Ljava/lang/Object; 18 <appendix> member <vmtarget> ; # java/lang/WeakPairMap$$Lambda+0x000000001502bf30
instanceKlass  @bci java/lang/Module implAddExportsOrOpens (Ljava/lang/String;Ljava/lang/Module;ZZ)V 151 <appendix> argL0 ; # java/lang/Module$$Lambda+0x000000001502bcf8
instanceKlass  @bci java/lang/module/ModuleDescriptor$Builder packages (Ljava/util/Set;)Ljava/lang/module/ModuleDescriptor$Builder; 17 <appendix> argL0 ; # java/lang/module/ModuleDescriptor$Builder$$Lambda+0x80000000e
instanceKlass java/lang/WeakPairMap$Pair$Lookup
instanceKlass java/lang/WeakPairMap$Pair
instanceKlass java/lang/WeakPairMap
instanceKlass java/lang/Module$ReflectionData
instanceKlass jdk/internal/module/Checks
instanceKlass java/lang/module/ModuleDescriptor$Builder
instanceKlass  @bci java/lang/reflect/Proxy$ProxyBuilder getDynamicModule (Ljava/lang/ClassLoader;)Ljava/lang/Module; 4 <appendix> argL0 ; # java/lang/reflect/Proxy$ProxyBuilder$$Lambda+0x000000001502b368
instanceKlass java/lang/PublicMethods
instanceKlass java/lang/reflect/Proxy$ProxyBuilder
instanceKlass  @bci java/lang/reflect/Proxy getProxyConstructor (Ljava/lang/ClassLoader;[Ljava/lang/Class;)Ljava/lang/reflect/Constructor; 18 <appendix> argL0 ; # java/lang/reflect/Proxy$$Lambda+0x000000001502a068
instanceKlass java/lang/ClassValue$Identity
instanceKlass java/lang/ClassValue$Entry
instanceKlass java/lang/ClassValue
instanceKlass java/lang/reflect/Proxy
instanceKlass sun/reflect/annotation/AnnotationInvocationHandler
instanceKlass java/lang/reflect/InvocationHandler
instanceKlass sun/reflect/annotation/ExceptionProxy
instanceKlass java/lang/annotation/Documented
instanceKlass java/lang/annotation/Inherited
instanceKlass java/lang/annotation/Retention
instanceKlass sun/reflect/annotation/AnnotationType
instanceKlass java/lang/reflect/GenericArrayType
instanceKlass java/lang/FunctionalInterface
instanceKlass sun/reflect/generics/visitor/Reifier
instanceKlass sun/reflect/generics/visitor/TypeTreeVisitor
instanceKlass sun/reflect/generics/factory/CoreReflectionFactory
instanceKlass sun/reflect/generics/factory/GenericsFactory
instanceKlass sun/reflect/generics/scope/AbstractScope
instanceKlass sun/reflect/generics/scope/Scope
instanceKlass sun/reflect/generics/tree/ClassTypeSignature
instanceKlass sun/reflect/generics/tree/SimpleClassTypeSignature
instanceKlass sun/reflect/generics/tree/FieldTypeSignature
instanceKlass sun/reflect/generics/tree/BaseType
instanceKlass sun/reflect/generics/tree/TypeSignature
instanceKlass sun/reflect/generics/tree/ReturnType
instanceKlass sun/reflect/generics/tree/TypeArgument
instanceKlass sun/reflect/generics/tree/TypeTree
instanceKlass sun/reflect/generics/tree/Tree
instanceKlass sun/reflect/generics/parser/SignatureParser
instanceKlass java/lang/Class$AnnotationData
instanceKlass org/springframework/core/annotation/AnnotationsScanner$1
instanceKlass org/springframework/core/annotation/MergedAnnotationSelectors$FirstDirectlyDeclared
instanceKlass org/springframework/core/annotation/MergedAnnotationSelectors$Nearest
instanceKlass org/springframework/core/annotation/MergedAnnotationSelector
instanceKlass org/springframework/core/annotation/MergedAnnotationSelectors
instanceKlass org/springframework/core/annotation/MergedAnnotation
instanceKlass org/springframework/core/annotation/TypeMappedAnnotations$MergedAnnotationFinder
instanceKlass org/springframework/core/annotation/Order
instanceKlass org/springframework/core/annotation/OrderUtils
instanceKlass org/springframework/core/annotation/AnnotationsScanner
instanceKlass org/springframework/core/annotation/AnnotationsProcessor
instanceKlass org/springframework/core/annotation/TypeMappedAnnotations
instanceKlass  @bci org/springframework/core/annotation/MergedAnnotations$Search <clinit> ()V 8 <appendix> argL0 ; # org/springframework/core/annotation/MergedAnnotations$Search$$Lambda+0x000000001508adf0
instanceKlass  @bci org/springframework/core/annotation/MergedAnnotations$Search <clinit> ()V 0 <appendix> argL0 ; # org/springframework/core/annotation/MergedAnnotations$Search$$Lambda+0x000000001508ab98
instanceKlass org/springframework/core/annotation/MergedAnnotations$Search
instanceKlass org/springframework/core/annotation/AnnotationFilter$2
instanceKlass org/springframework/core/annotation/AnnotationFilter$1
instanceKlass java/util/ComparableTimSort
instanceKlass org/springframework/core/annotation/PackagesAnnotationFilter
instanceKlass org/springframework/core/annotation/AnnotationFilter
instanceKlass org/springframework/core/annotation/RepeatableContainers
instanceKlass org/springframework/core/annotation/MergedAnnotations
instanceKlass org/springframework/core/PriorityOrdered
instanceKlass org/springframework/boot/web/server/context/ServerPortInfoApplicationContextInitializer
instanceKlass org/springframework/boot/io/ProtocolResolverApplicationContextInitializer
instanceKlass org/springframework/boot/context/ContextIdApplicationContextInitializer
instanceKlass org/springframework/boot/context/ConfigurationWarningsApplicationContextInitializer
instanceKlass  @bci org/springframework/boot/logging/LogLevel <clinit> ()V 97 <appendix> argL0 ; # org/springframework/boot/logging/LogLevel$$Lambda+0x0000000015088228
instanceKlass  @bci org/springframework/boot/logging/LogLevel <clinit> ()V 79 <appendix> argL0 ; # org/springframework/boot/logging/LogLevel$$Lambda+0x0000000015088000
instanceKlass  @bci org/springframework/boot/logging/LogLevel <clinit> ()V 61 <appendix> argL0 ; # org/springframework/boot/logging/LogLevel$$Lambda+0x0000000015081c50
instanceKlass  @bci org/springframework/boot/logging/LogLevel <clinit> ()V 43 <appendix> argL0 ; # org/springframework/boot/logging/LogLevel$$Lambda+0x0000000015081a28
instanceKlass  @bci org/springframework/boot/logging/LogLevel <clinit> ()V 25 <appendix> argL0 ; # org/springframework/boot/logging/LogLevel$$Lambda+0x0000000015081800
instanceKlass  @bci org/springframework/boot/logging/LogLevel <clinit> ()V 7 <appendix> argL0 ; # org/springframework/boot/logging/LogLevel$$Lambda+0x0000000015083cb8
instanceKlass  @cpi org/springframework/core/annotation/MergedAnnotationCollectors 269 form vmentry <vmtarget> ; # java/lang/invoke/LambdaForm$DMH+0x0000000015081400
instanceKlass org/springframework/boot/logging/LogLevel$LogMethod
instanceKlass org/springframework/boot/autoconfigure/logging/ConditionEvaluationReportLoggingListener
instanceKlass org/springframework/boot/autoconfigure/SharedMetadataReaderFactoryContextInitializer
instanceKlass org/springframework/beans/factory/aot/BeanRegistrationExcludeFilter
instanceKlass org/springframework/core/Ordered
instanceKlass org/springframework/context/ApplicationContextInitializer
instanceKlass org/springframework/util/ObjectUtils
instanceKlass org/springframework/boot/bootstrap/BootstrapRegistryInitializer
instanceKlass org/springframework/web/context/ConfigurableWebApplicationContext
instanceKlass org/springframework/web/context/WebApplicationContext
instanceKlass jakarta/servlet/GenericServlet
instanceKlass jakarta/servlet/ServletConfig
instanceKlass org/springframework/context/EnvironmentAware
instanceKlass org/springframework/context/ApplicationContextAware
instanceKlass org/springframework/beans/factory/Aware
instanceKlass jakarta/servlet/Servlet
instanceKlass  @bci org/springframework/util/ReflectionUtils <clinit> ()V 8 <appendix> argL0 ; # org/springframework/util/ReflectionUtils$$Lambda+0x0000000015086410
instanceKlass org/springframework/util/ReflectionUtils$FieldFilter
instanceKlass  @bci org/springframework/util/ReflectionUtils <clinit> ()V 0 <appendix> argL0 ; # org/springframework/util/ReflectionUtils$$Lambda+0x0000000015085fd0
instanceKlass  @cpi org/springframework/context/annotation/ConfigurationClassParser 1059 form vmentry <vmtarget> ; # java/lang/invoke/LambdaForm$DMH+0x0000000015081000
instanceKlass org/springframework/util/ReflectionUtils$MethodFilter
instanceKlass org/springframework/util/ReflectionUtils
instanceKlass  @bci org/springframework/core/io/support/SpringFactoriesLoader$FactoryInstantiator forClass (Ljava/lang/Class;)Lorg/springframework/core/io/support/SpringFactoriesLoader$FactoryInstantiator; 15 <appendix> member <vmtarget> ; # org/springframework/core/io/support/SpringFactoriesLoader$FactoryInstantiator$$Lambda+0x0000000015085988
instanceKlass org/springframework/core/KotlinDetector
instanceKlass org/springframework/core/io/support/SpringFactoriesLoader$FactoryInstantiator
instanceKlass  @bci org/springframework/core/io/support/SpringFactoriesLoader instantiateFactory (Ljava/lang/String;Ljava/lang/Class;Lorg/springframework/core/io/support/SpringFactoriesLoader$ArgumentResolver;Lorg/springframework/core/io/support/SpringFactoriesLoader$FailureHandler;)Ljava/lang/Object; 18 <appendix> member <vmtarget> ; # org/springframework/core/io/support/SpringFactoriesLoader$$Lambda+0x0000000015085330
instanceKlass org/springframework/boot/webmvc/WebMvcWebApplicationTypeDeducer
instanceKlass java/util/IdentityHashMap$EntryIterator$Entry
instanceKlass java/util/IdentityHashMap$IdentityHashMapIterator
instanceKlass org/springframework/util/ClassUtils
instanceKlass org/springframework/core/log/LogMessage
instanceKlass org/springframework/boot/WebApplicationType$Deducer
instanceKlass java/util/stream/Node$Builder
instanceKlass java/util/stream/AbstractSpinedBuffer
instanceKlass java/util/stream/Node$OfDouble
instanceKlass java/util/stream/Node$OfLong
instanceKlass java/util/stream/Node$OfInt
instanceKlass java/util/stream/Node$OfPrimitive
instanceKlass java/util/stream/Nodes$EmptyNode
instanceKlass java/util/stream/Node
instanceKlass java/util/stream/Nodes
instanceKlass  @bci java/util/stream/ReferencePipeline toArray ()[Ljava/lang/Object; 1 <appendix> argL0 ; # java/util/stream/ReferencePipeline$$Lambda+0x0000000015023320
instanceKlass java/util/function/IntFunction
instanceKlass java/util/stream/DistinctOps
instanceKlass java/util/ArrayList$ArrayListSpliterator
instanceKlass  @bci org/springframework/core/io/support/SpringFactoriesLoader loadFactoriesResource (Ljava/lang/ClassLoader;Ljava/lang/String;)Ljava/util/Map; 63 <appendix> argL0 ; # org/springframework/core/io/support/SpringFactoriesLoader$$Lambda+0x000000001507f100
instanceKlass  @bci org/springframework/core/io/support/SpringFactoriesLoader lambda$loadFactoriesResource$0 (Ljava/util/Map;Ljava/lang/Object;Ljava/lang/Object;)V 53 <appendix> member <vmtarget> ; # org/springframework/core/io/support/SpringFactoriesLoader$$Lambda+0x000000001507eec0
instanceKlass  @bci org/springframework/core/io/support/SpringFactoriesLoader lambda$loadFactoriesResource$0 (Ljava/util/Map;Ljava/lang/Object;Ljava/lang/Object;)V 36 <appendix> argL0 ; # org/springframework/core/io/support/SpringFactoriesLoader$$Lambda+0x000000001507ec78
instanceKlass  @bci org/springframework/core/io/support/SpringFactoriesLoader lambda$loadFactoriesResource$0 (Ljava/util/Map;Ljava/lang/Object;Ljava/lang/Object;)V 17 <appendix> member <vmtarget> ; # org/springframework/core/io/support/SpringFactoriesLoader$$Lambda+0x000000001507ea28
instanceKlass  @bci org/springframework/core/io/support/SpringFactoriesLoader loadFactoriesResource (Ljava/lang/ClassLoader;Ljava/lang/String;)Ljava/util/Map; 51 <appendix> member <vmtarget> ; # org/springframework/core/io/support/SpringFactoriesLoader$$Lambda+0x000000001507e7e8
instanceKlass java/net/URLDecoder
instanceKlass org/springframework/util/MultiValueMap
instanceKlass org/springframework/util/CollectionUtils
instanceKlass org/springframework/util/ResourceUtils
instanceKlass org/springframework/util/PropertiesPersister
instanceKlass org/springframework/core/io/support/PropertiesLoaderUtils
instanceKlass org/springframework/core/io/AbstractResource
instanceKlass  @bci org/springframework/core/io/support/SpringFactoriesLoader forResourceLocation (Ljava/lang/String;Ljava/lang/ClassLoader;)Lorg/springframework/core/io/support/SpringFactoriesLoader; 42 <appendix> member <vmtarget> ; # org/springframework/core/io/support/SpringFactoriesLoader$$Lambda+0x000000001507d0e8
instanceKlass org/springframework/util/ConcurrentReferenceHashMap$Entry
instanceKlass  @bci org/springframework/util/ConcurrentReferenceHashMap$Segment doTask (ILjava/lang/Object;Lorg/springframework/util/ConcurrentReferenceHashMap$Task;)Ljava/lang/Object; 112 <adapter> ; # java/lang/invoke/LambdaForm$MH+0x0000000015080c00
# instanceKlass java/lang/invoke/LambdaForm$DMH+0x0000000015080800
instanceKlass  @bci org/springframework/util/ConcurrentReferenceHashMap$Segment doTask (ILjava/lang/Object;Lorg/springframework/util/ConcurrentReferenceHashMap$Task;)Ljava/lang/Object; 112 <appendix> form vmentry <vmtarget> ; # java/lang/invoke/LambdaForm$DMH+0x0000000015080400
instanceKlass  @bci org/springframework/util/ConcurrentReferenceHashMap$Segment doTask (ILjava/lang/Object;Lorg/springframework/util/ConcurrentReferenceHashMap$Task;)Ljava/lang/Object; 112 <appendix> member <vmtarget> ; # org/springframework/util/ConcurrentReferenceHashMap$Segment$$Lambda+0x000000001507c7c0
instanceKlass  @cpi org/springframework/util/ConcurrentReferenceHashMap$Segment 256 form vmentry <vmtarget> ; # java/lang/invoke/LambdaForm$DMH+0x0000000015080000
instanceKlass org/springframework/util/ConcurrentReferenceHashMap$Entries
instanceKlass  @bci org/springframework/core/io/support/SpringFactoriesLoader forResourceLocation (Ljava/lang/String;Ljava/lang/ClassLoader;)Lorg/springframework/core/io/support/SpringFactoriesLoader; 24 <appendix> argL0 ; # org/springframework/core/io/support/SpringFactoriesLoader$$Lambda+0x000000001507bad0
instanceKlass org/springframework/util/StringUtils
instanceKlass org/springframework/util/ConcurrentReferenceHashMap$Reference
instanceKlass org/springframework/util/ConcurrentReferenceHashMap$ReferenceManager
instanceKlass org/springframework/util/ConcurrentReferenceHashMap$Task
instanceKlass  @bci org/springframework/core/io/support/SpringFactoriesLoader$FailureHandler handleMessage (Ljava/util/function/BiConsumer;)Lorg/springframework/core/io/support/SpringFactoriesLoader$FailureHandler; 1 <appendix> member <vmtarget> ; # org/springframework/core/io/support/SpringFactoriesLoader$FailureHandler$$Lambda+0x0000000015078cd0
instanceKlass  @bci org/springframework/core/io/support/SpringFactoriesLoader$FailureHandler throwing (Ljava/util/function/BiFunction;)Lorg/springframework/core/io/support/SpringFactoriesLoader$FailureHandler; 1 <appendix> member <vmtarget> ; # org/springframework/core/io/support/SpringFactoriesLoader$FailureHandler$$Lambda+0x0000000015078a90
instanceKlass  @bci org/springframework/core/io/support/SpringFactoriesLoader$FailureHandler throwing ()Lorg/springframework/core/io/support/SpringFactoriesLoader$FailureHandler; 0 <appendix> argL0 ; # org/springframework/core/io/support/SpringFactoriesLoader$FailureHandler$$Lambda+0x0000000015078858
instanceKlass org/springframework/core/io/support/SpringFactoriesLoader$FailureHandler
instanceKlass org/springframework/core/io/Resource
instanceKlass org/springframework/core/io/InputStreamSource
instanceKlass org/springframework/core/io/support/SpringFactoriesLoader
instanceKlass org/springframework/util/Assert
instanceKlass org/springframework/boot/ApplicationProperties
instanceKlass org/springframework/core/metrics/DefaultApplicationStartup$DefaultStartupStep$DefaultTags
instanceKlass org/springframework/core/metrics/StartupStep$Tags
instanceKlass org/springframework/core/metrics/DefaultApplicationStartup$DefaultStartupStep
instanceKlass org/springframework/core/metrics/StartupStep
instanceKlass org/springframework/core/metrics/DefaultApplicationStartup
instanceKlass org/springframework/core/metrics/ApplicationStartup
instanceKlass org/springframework/context/ConfigurableApplicationContext
instanceKlass org/springframework/context/Lifecycle
instanceKlass org/springframework/boot/DefaultApplicationContextFactory
instanceKlass org/springframework/boot/ApplicationContextFactory
instanceKlass org/springframework/boot/SpringApplicationShutdownHook$ApplicationContextClosedListener
instanceKlass org/springframework/boot/SpringApplicationShutdownHook$Handlers
instanceKlass org/springframework/boot/SpringApplicationShutdownHandlers
instanceKlass org/springframework/boot/SpringApplicationShutdownHook
instanceKlass org/apache/commons/logging/impl/Slf4jLogFactory$Slf4jLocationAwareLog
instanceKlass ch/qos/logback/classic/util/LoggerNameUtil
instanceKlass  @bci org/apache/commons/logging/impl/Slf4jLogFactory getInstance (Ljava/lang/String;)Lorg/apache/commons/logging/Log; 5 <appendix> argL0 ; # org/apache/commons/logging/impl/Slf4jLogFactory$$Lambda+0x0000000015074fb0
instanceKlass  @bci org/apache/commons/logging/LogFactory newStandardFactory (Ljava/lang/ClassLoader;)Lorg/apache/commons/logging/LogFactory; 36 <appendix> argL0 ; # org/apache/commons/logging/LogFactory$$Lambda+0x0000000015074d88
instanceKlass org/slf4j/helpers/BasicMarker
instanceKlass org/slf4j/helpers/Reporter
instanceKlass ch/qos/logback/core/util/StatusPrinter2
instanceKlass ch/qos/logback/core/util/StatusPrinter
instanceKlass ch/qos/logback/core/status/StatusUtil
instanceKlass ch/qos/logback/core/spi/AppenderAttachableImpl
instanceKlass ch/qos/logback/core/util/ReentryGuard$ReentryGuardImpl
instanceKlass ch/qos/logback/core/util/ReentryGuard
instanceKlass ch/qos/logback/core/util/ReentryGuardFactory
instanceKlass ch/qos/logback/core/pattern/Converter
instanceKlass java/util/concurrent/atomic/AtomicReference
instanceKlass ch/qos/logback/core/util/CachingDateFormatter$CacheTuple
instanceKlass  @bci java/time/format/DateTimeFormatter <clinit> ()V 1075 <appendix> argL0 ; # java/time/format/DateTimeFormatter$$Lambda+0x80000001b
instanceKlass  @bci java/time/format/DateTimeFormatter <clinit> ()V 1067 <appendix> argL0 ; # java/time/format/DateTimeFormatter$$Lambda+0x80000001a
instanceKlass java/time/Period
instanceKlass java/time/chrono/ChronoPeriod
instanceKlass java/time/format/DateTimeFormatterBuilder$TextPrinterParser
instanceKlass java/time/format/DateTimeTextProvider$1
instanceKlass java/time/format/DateTimeTextProvider
instanceKlass java/util/Collections$1
instanceKlass java/util/AbstractMap$SimpleImmutableEntry
instanceKlass java/time/format/DateTimeTextProvider$LocaleStore
instanceKlass java/time/format/DateTimeFormatterBuilder$InstantPrinterParser
instanceKlass java/time/format/DateTimeFormatterBuilder$StringLiteralPrinterParser
instanceKlass java/time/format/DateTimeFormatterBuilder$ZoneIdPrinterParser
instanceKlass java/time/format/DateTimeFormatterBuilder$OffsetIdPrinterParser
instanceKlass java/time/format/DecimalStyle
instanceKlass java/time/format/DateTimeFormatterBuilder$CharLiteralPrinterParser
instanceKlass java/time/format/DateTimeFormatter
instanceKlass java/time/format/DateTimeFormatterBuilder$CompositePrinterParser
instanceKlass java/time/format/DateTimeFormatterBuilder$NumberPrinterParser
instanceKlass java/time/format/DateTimeFormatterBuilder$DateTimePrinterParser
instanceKlass java/time/temporal/JulianFields
instanceKlass java/time/temporal/IsoFields
instanceKlass  @bci java/time/format/DateTimeFormatterBuilder <clinit> ()V 0 <appendix> argL0 ; # java/time/format/DateTimeFormatterBuilder$$Lambda+0x80000001c
instanceKlass java/time/temporal/TemporalQuery
instanceKlass java/time/format/DateTimeFormatterBuilder
instanceKlass java/time/Year
instanceKlass java/time/chrono/AbstractChronology
instanceKlass java/time/chrono/Chronology
instanceKlass java/time/LocalTime
instanceKlass java/time/Instant
instanceKlass java/time/temporal/ValueRange
instanceKlass java/time/Duration
instanceKlass java/time/temporal/TemporalAmount
instanceKlass java/time/temporal/TemporalUnit
instanceKlass java/time/temporal/TemporalField
instanceKlass java/time/LocalDate
instanceKlass java/time/chrono/ChronoLocalDate
instanceKlass java/time/zone/ZoneOffsetTransition
instanceKlass java/util/concurrent/atomic/AtomicReferenceArray
instanceKlass java/time/LocalDateTime
instanceKlass java/time/chrono/ChronoLocalDateTime
instanceKlass java/time/temporal/TemporalAdjuster
instanceKlass java/time/temporal/Temporal
instanceKlass java/time/zone/ZoneOffsetTransitionRule
instanceKlass java/time/zone/ZoneRules
instanceKlass java/time/zone/Ser
instanceKlass java/io/Externalizable
instanceKlass java/util/Arrays$ArrayItr
instanceKlass java/time/zone/ZoneRulesProvider
instanceKlass sun/util/calendar/ZoneInfoFile$ZoneOffsetTransitionRule
instanceKlass jdk/internal/util/ByteArray
instanceKlass sun/util/calendar/ZoneInfoFile
instanceKlass java/util/TimeZone
instanceKlass java/time/ZoneId
instanceKlass java/time/temporal/TemporalAccessor
instanceKlass ch/qos/logback/core/util/CachingDateFormatter
instanceKlass ch/qos/logback/core/util/SimpleTimeBasedGuard
instanceKlass java/util/concurrent/atomic/AtomicBoolean
instanceKlass ch/qos/logback/core/util/COWArrayList
instanceKlass ch/qos/logback/core/spi/FilterAttachableImpl
instanceKlass ch/qos/logback/core/Appender
instanceKlass ch/qos/logback/core/spi/FilterAttachable
instanceKlass ch/qos/logback/core/encoder/Encoder
instanceKlass ch/qos/logback/core/Layout
instanceKlass  @bci ch/qos/logback/classic/util/ContextInitializer printDuration (JLch/qos/logback/classic/spi/Configurator;Lch/qos/logback/classic/spi/Configurator$ExecutionStatus;)V 31 <adapter> ; # java/lang/invoke/LambdaForm$MH+0x000000001506d800
instanceKlass  @bci ch/qos/logback/classic/util/ContextInitializer printDuration (JLch/qos/logback/classic/spi/Configurator;Lch/qos/logback/classic/spi/Configurator$ExecutionStatus;)V 31 <appendix> form vmentry <vmtarget> ; # java/lang/invoke/LambdaForm$MH+0x000000001506d400
# instanceKlass java/lang/invoke/LambdaForm$BMH+0x000000001506d000
instanceKlass  @bci ch/qos/logback/classic/util/ContextInitializer printDuration (JLch/qos/logback/classic/spi/Configurator;Lch/qos/logback/classic/spi/Configurator$ExecutionStatus;)V 31 <appendix> form names 6 function resolvedHandle form vmentry <vmtarget> ; # java/lang/invoke/LambdaForm$DMH+0x000000001506cc00
instanceKlass  @bci ch/qos/logback/classic/util/ContextInitializer printDuration (JLch/qos/logback/classic/spi/Configurator;Lch/qos/logback/classic/spi/Configurator$ExecutionStatus;)V 31 <appendix> argL0 form vmentry <vmtarget> ; # java/lang/invoke/LambdaForm$DMH+0x000000001506c800
instanceKlass java/lang/StringConcatHelper$StringConcatBase
instanceKlass java/lang/invoke/StringConcatFactory$InlineHiddenClassStrategy$6
instanceKlass java/lang/invoke/StringConcatFactory$InlineHiddenClassStrategy$3$4
instanceKlass java/lang/invoke/StringConcatFactory$InlineHiddenClassStrategy$4
instanceKlass java/lang/invoke/StringConcatFactory$InlineHiddenClassStrategy$3$1
instanceKlass jdk/internal/classfile/impl/BytecodeHelpers$1
instanceKlass java/lang/invoke/StringConcatFactory$InlineHiddenClassStrategy$7
instanceKlass java/lang/invoke/StringConcatFactory$InlineHiddenClassStrategy$3$2
instanceKlass java/lang/invoke/StringConcatFactory$InlineHiddenClassStrategy$5
instanceKlass java/lang/invoke/StringConcatFactory$InlineHiddenClassStrategy$3$3
instanceKlass java/lang/invoke/StringConcatFactory$InlineHiddenClassStrategy$3
instanceKlass java/lang/invoke/StringConcatFactory$InlineHiddenClassStrategy$2
instanceKlass java/lang/invoke/StringConcatFactory$InlineHiddenClassStrategy$1
instanceKlass java/lang/invoke/StringConcatFactory$InlineHiddenClassStrategy
instanceKlass ch/qos/logback/core/spi/ContextAwareBase
instanceKlass jdk/internal/foreign/MemorySessionImpl
instanceKlass java/lang/foreign/MemorySegment$Scope
instanceKlass ch/qos/logback/classic/util/ClassicEnvUtil
instanceKlass ch/qos/logback/core/status/StatusListener
instanceKlass ch/qos/logback/core/util/StatusListenerConfigHelper
instanceKlass ch/qos/logback/core/status/StatusBase
instanceKlass java/util/Formatter$Flags
instanceKlass java/util/Formattable
instanceKlass java/util/Formatter$FormatSpecifier
instanceKlass java/util/Formatter$Conversion
instanceKlass java/util/Formatter$FormatString
instanceKlass java/util/Formatter
instanceKlass ch/qos/logback/core/util/VersionUtil
instanceKlass ch/qos/logback/classic/ClassicConstants
instanceKlass ch/qos/logback/classic/util/ClassicVersionUtil
instanceKlass ch/qos/logback/core/CoreConstants
instanceKlass  @bci org/apache/tomcat/util/res/StringManager <init> (Ljava/lang/String;Ljava/util/Locale;)V 5 <appendix> form vmentry <vmtarget> ; # java/lang/invoke/LambdaForm$MH+0x000000001506c000
instanceKlass ch/qos/logback/core/util/CoreVersionUtil
instanceKlass ch/qos/logback/core/util/OptionHelper
instanceKlass ch/qos/logback/core/util/Loader
instanceKlass ch/qos/logback/classic/spi/Configurator
instanceKlass ch/qos/logback/core/spi/ContextAwareImpl
instanceKlass ch/qos/logback/classic/util/ContextInitializer$1
instanceKlass ch/qos/logback/core/spi/ContextAware
instanceKlass ch/qos/logback/classic/util/ContextInitializer
instanceKlass org/slf4j/MDC
instanceKlass ch/qos/logback/classic/util/LogbackMDCAdapter
instanceKlass ch/qos/logback/classic/Level
instanceKlass ch/qos/logback/classic/spi/ILoggingEvent
instanceKlass ch/qos/logback/core/spi/DeferredProcessingAware
instanceKlass org/slf4j/spi/LoggingEventBuilder
instanceKlass ch/qos/logback/classic/Logger
instanceKlass ch/qos/logback/core/spi/AppenderAttachable
instanceKlass org/slf4j/spi/LoggingEventAware
instanceKlass org/slf4j/spi/LocationAwareLogger
instanceKlass ch/qos/logback/classic/spi/LoggerContextVO
instanceKlass ch/qos/logback/core/spi/LogbackLock
instanceKlass ch/qos/logback/core/helpers/CyclicBuffer
instanceKlass ch/qos/logback/core/BasicStatusManager
instanceKlass java/util/concurrent/ExecutorService
instanceKlass java/util/concurrent/Executor
instanceKlass ch/qos/logback/core/status/Status
instanceKlass ch/qos/logback/core/status/StatusManager
instanceKlass ch/qos/logback/core/ContextBase
instanceKlass ch/qos/logback/core/spi/LifeCycle
instanceKlass ch/qos/logback/core/Context
instanceKlass ch/qos/logback/core/spi/PropertyContainer
instanceKlass ch/qos/logback/classic/spi/LogbackServiceProvider
instanceKlass org/slf4j/helpers/Util
instanceKlass org/slf4j/helpers/NOPMDCAdapter
instanceKlass org/slf4j/helpers/NOPLoggerFactory
instanceKlass org/slf4j/helpers/NOP_FallbackServiceProvider
instanceKlass org/slf4j/helpers/ThreadLocalMapOfStacks
instanceKlass org/slf4j/helpers/BasicMDCAdapter
instanceKlass org/slf4j/Marker
instanceKlass org/slf4j/helpers/BasicMarkerFactory
instanceKlass java/util/concurrent/LinkedBlockingQueue$Node
instanceKlass java/util/concurrent/locks/AbstractQueuedSynchronizer$ConditionObject
instanceKlass java/util/concurrent/locks/Condition
instanceKlass java/util/concurrent/BlockingQueue
instanceKlass org/slf4j/Logger
instanceKlass org/slf4j/helpers/SubstituteLoggerFactory
instanceKlass org/slf4j/ILoggerFactory
instanceKlass org/slf4j/spi/MDCAdapter
instanceKlass org/slf4j/helpers/SubstituteServiceProvider
instanceKlass org/slf4j/event/LoggingEvent
instanceKlass org/slf4j/spi/SLF4JServiceProvider
instanceKlass org/slf4j/LoggerFactory
instanceKlass org/slf4j/IMarkerFactory
instanceKlass org/slf4j/MarkerFactory
instanceKlass org/apache/commons/logging/Log
instanceKlass  @bci org/apache/logging/log4j/util/SortedArrayStringMap <clinit> ()V 0 <appendix> argL0 ; # org/apache/logging/log4j/util/SortedArrayStringMap$$Lambda+0x000000001505dd70
instanceKlass  @cpi org/apache/logging/log4j/util/SortedArrayStringMap 405 form vmentry <vmtarget> ; # java/lang/invoke/LambdaForm$DMH+0x000000001505d400
instanceKlass org/apache/logging/log4j/util/TriConsumer
instanceKlass org/apache/logging/log4j/util/SortedArrayStringMap
instanceKlass org/apache/logging/log4j/util/IndexedStringMap
instanceKlass org/apache/logging/log4j/util/IndexedReadOnlyStringMap
instanceKlass org/apache/logging/log4j/util/StringMap
instanceKlass org/apache/logging/log4j/util/ReadOnlyStringMap
instanceKlass org/apache/logging/slf4j/MDCContextMap
instanceKlass org/apache/logging/log4j/spi/CleanableThreadContextMap
instanceKlass org/apache/logging/log4j/spi/ThreadContextMap2
instanceKlass java/lang/invoke/StringConcatFactory
instanceKlass java/util/TimSort
instanceKlass java/util/Arrays$LegacyMergeSort
instanceKlass  @bci org/apache/logging/log4j/util/PropertiesUtil$Environment get (Ljava/lang/String;)Ljava/lang/String; 35 <appendix> argL0 ; # org/apache/logging/log4j/util/PropertiesUtil$Environment$$Lambda+0x000000001505eb30
instanceKlass  @bci org/apache/logging/log4j/util/PropertiesUtil$Environment get (Ljava/lang/String;)Ljava/lang/String; 25 <appendix> member <vmtarget> ; # org/apache/logging/log4j/util/PropertiesUtil$Environment$$Lambda+0x000000001505e8e0
instanceKlass java/util/stream/SortedOps
instanceKlass org/apache/logging/log4j/util/PropertySource$Comparator
instanceKlass  @bci java/util/regex/Pattern union (Ljava/util/regex/Pattern$CharPredicate;Ljava/util/regex/Pattern$CharPredicate;Z)Ljava/util/regex/Pattern$CharPredicate; 6 <appendix> member <vmtarget> ; # java/util/regex/Pattern$$Lambda+0x800000030
instanceKlass  @bci java/util/regex/Pattern Range (II)Ljava/util/regex/Pattern$CharPredicate; 23 <appendix> member <vmtarget> ; # java/util/regex/Pattern$$Lambda+0x800000028
instanceKlass  @bci java/util/regex/Pattern Single (I)Ljava/util/regex/Pattern$BmpCharPredicate; 1 <appendix> member <vmtarget> ; # java/util/regex/Pattern$$Lambda+0x800000027
instanceKlass org/apache/logging/log4j/util/PropertySource$Util
instanceKlass org/apache/logging/log4j/util/Cast
instanceKlass org/apache/logging/log4j/util/LazyUtil$1
instanceKlass org/apache/logging/log4j/util/LazyUtil
instanceKlass org/springframework/boot/logging/log4j2/SpringBootPropertySource
instanceKlass org/apache/logging/log4j/util/SystemPropertiesPropertySource
instanceKlass java/util/ServiceLoader$ProviderImpl
instanceKlass java/util/ServiceLoader$Provider
instanceKlass org/apache/logging/log4j/util/EnvironmentPropertySource
instanceKlass sun/net/www/MessageHeader
instanceKlass sun/net/www/protocol/jar/JarFileFactory
instanceKlass sun/net/www/protocol/jar/URLJarFile$URLJarFileCloseController
instanceKlass java/net/URLConnection
instanceKlass java/util/stream/ForEachOps$ForEachOp
instanceKlass java/util/stream/ForEachOps
instanceKlass  @bci org/apache/logging/log4j/util/PropertiesUtil$Environment <init> (Lorg/apache/logging/log4j/util/PropertySource;)V 99 <appendix> member <vmtarget> ; # org/apache/logging/log4j/util/PropertiesUtil$Environment$$Lambda+0x000000001505b360
instanceKlass  @bci org/apache/logging/log4j/util/ServiceLoaderUtil safeStream (Ljava/lang/Class;Ljava/util/ServiceLoader;Lorg/apache/logging/log4j/Logger;)Ljava/util/stream/Stream; 71 <appendix> member <vmtarget> ; # org/apache/logging/log4j/util/ServiceLoaderUtil$$Lambda+0x000000001505b100
instanceKlass org/apache/logging/log4j/util/OsgiServiceLocator
instanceKlass  @bci org/apache/logging/log4j/util/StackLocator getCallerClass (I)Ljava/lang/Class; 15 <appendix> argL0 ; # org/apache/logging/log4j/util/StackLocator$$Lambda+0x000000001505aca8
instanceKlass java/lang/classfile/constantpool/InterfaceMethodRefEntry
instanceKlass  @cpi org/springframework/boot/autoconfigure/condition/OnPropertyCondition 278 form vmentry <vmtarget> ; # java/lang/invoke/LambdaForm$DMH+0x000000001505d000
instanceKlass java/util/stream/SliceOps
# instanceKlass java/lang/invoke/LambdaForm$MH+0x000000001505cc00
instanceKlass java/lang/StackStreamFactory$FrameBuffer
instanceKlass java/lang/StackStreamFactory
instanceKlass  @bci org/apache/logging/log4j/util/StackLocator getCallerClass (I)Ljava/lang/Class; 4 <appendix> member <vmtarget> ; # org/apache/logging/log4j/util/StackLocator$$Lambda+0x000000001505aa60
instanceKlass  @cpi org/apache/logging/log4j/util/StackLocator 271 form vmentry <vmtarget> ; # java/lang/invoke/LambdaForm$DMH+0x000000001505c800
instanceKlass org/apache/logging/log4j/util/StackLocator
instanceKlass org/apache/logging/log4j/util/StackLocatorUtil
instanceKlass java/util/Spliterators$AbstractSpliterator
instanceKlass org/apache/logging/log4j/util/ServiceLoaderUtil
instanceKlass java/util/Collections$SynchronizedCollection
instanceKlass java/util/Properties$EntrySet
instanceKlass  @bci org/apache/logging/log4j/util/PropertiesUtil$Environment <init> (Lorg/apache/logging/log4j/util/PropertySource;)V 34 <appendix> argL0 ; # org/apache/logging/log4j/util/PropertiesUtil$Environment$$Lambda+0x0000000015059f38
instanceKlass org/apache/logging/log4j/util/BiConsumer
instanceKlass org/apache/logging/log4j/util/PropertiesUtil$Environment
instanceKlass java/util/LinkedHashMap$LinkedHashIterator
instanceKlass org/apache/logging/log4j/util/PropertiesPropertySource
instanceKlass  @bci java/util/regex/CharPredicates ASCII_WORD ()Ljava/util/regex/Pattern$BmpCharPredicate; 0 <appendix> argL0 ; # java/util/regex/CharPredicates$$Lambda+0x0000000015014808
instanceKlass  @bci java/util/regex/CharPredicates ASCII_SPACE ()Ljava/util/regex/Pattern$BmpCharPredicate; 0 <appendix> argL0 ; # java/util/regex/CharPredicates$$Lambda+0x800000025
instanceKlass  @bci java/util/regex/CharPredicates ASCII_DIGIT ()Ljava/util/regex/Pattern$BmpCharPredicate; 0 <appendix> argL0 ; # java/util/regex/CharPredicates$$Lambda+0x800000024
instanceKlass org/apache/logging/log4j/util/LazyUtil$SafeLazy
instanceKlass org/apache/logging/log4j/util/Lazy
instanceKlass  @bci org/apache/logging/log4j/util/PropertiesUtil <clinit> ()V 6 <appendix> argL0 ; # org/apache/logging/log4j/util/PropertiesUtil$$Lambda+0x0000000015058f40
instanceKlass org/apache/logging/log4j/util/PropertySource
instanceKlass org/apache/logging/log4j/util/PropertiesUtil
instanceKlass org/apache/logging/log4j/util/LoaderUtil$ThreadContextClassLoaderGetter
instanceKlass  @bci org/apache/logging/log4j/util/LoaderUtil <clinit> ()V 23 <appendix> argL0 ; # org/apache/logging/log4j/util/LoaderUtil$$Lambda+0x00000000150586c0
instanceKlass  @cpi org/apache/logging/log4j/util/LoaderUtil 455 form vmentry <vmtarget> ; # java/lang/invoke/LambdaForm$DMH+0x000000001505c400
# instanceKlass java/lang/invoke/LambdaForm$DMH+0x000000001505c000
instanceKlass org/apache/logging/log4j/util/LazyBoolean
instanceKlass java/util/function/BooleanSupplier
instanceKlass java/security/Permission
instanceKlass java/security/Guard
instanceKlass org/apache/logging/log4j/util/LoaderUtil
instanceKlass org/apache/logging/log4j/spi/LoggerRegistry
instanceKlass org/apache/logging/slf4j/SLF4JLoggerContext
instanceKlass org/apache/logging/log4j/spi/LoggerContext
instanceKlass org/apache/logging/slf4j/SLF4JLoggerContextFactory
instanceKlass java/util/concurrent/ConcurrentLinkedQueue$Node
instanceKlass java/util/concurrent/locks/ReentrantReadWriteLock$WriteLock
instanceKlass java/util/concurrent/locks/ReentrantReadWriteLock$ReadLock
instanceKlass java/util/concurrent/locks/ReentrantReadWriteLock
instanceKlass org/apache/logging/log4j/message/EntryMessage
instanceKlass org/apache/logging/log4j/message/ExitMessage
instanceKlass org/apache/logging/log4j/message/FlowMessage
instanceKlass org/apache/logging/log4j/status/StatusConsoleListener
instanceKlass  @bci java/util/regex/Pattern negate (Ljava/util/regex/Pattern$CharPredicate;)Ljava/util/regex/Pattern$CharPredicate; 1 <appendix> member <vmtarget> ; # java/util/regex/Pattern$$Lambda+0x80000002f
instanceKlass  @bci java/util/regex/CharPredicates forUnicodeBlock (Ljava/lang/String;)Ljava/util/regex/Pattern$CharPredicate; 6 <appendix> member <vmtarget> ; # java/util/regex/CharPredicates$$Lambda+0x00000000150112a8
instanceKlass java/lang/Character$Subset
instanceKlass java/util/regex/CharPredicates
instanceKlass java/util/regex/Pattern$TreeInfo
instanceKlass java/util/regex/Pattern$BitClass
instanceKlass java/util/regex/Pattern$BmpCharPredicate
instanceKlass java/util/regex/IntHashSet
instanceKlass java/util/regex/Matcher
instanceKlass java/util/regex/MatchResult
instanceKlass  @bci java/util/regex/Pattern DOT ()Ljava/util/regex/Pattern$CharPredicate; 0 <appendix> argL0 ; # java/util/regex/Pattern$$Lambda+0x0000000015010410
instanceKlass java/util/regex/Pattern$CharPredicate
instanceKlass java/util/regex/ASCII
instanceKlass java/util/regex/Pattern$Node
instanceKlass java/util/regex/Pattern
instanceKlass  @bci org/apache/logging/log4j/status/StatusLogger$PropertiesUtilsDouble normalizeProperties ([Ljava/util/Properties;)Ljava/util/Map; 31 <appendix> member <vmtarget> ; # org/apache/logging/log4j/status/StatusLogger$PropertiesUtilsDouble$$Lambda+0x000000001504b828
instanceKlass  @cpi org/springframework/core/annotation/MergedAnnotationCollectors 260 form vmentry <vmtarget> ; # java/lang/invoke/LambdaForm$DMH+0x0000000015048c00
instanceKlass java/util/Collections$UnmodifiableMap$UnmodifiableEntrySet$UnmodifiableEntry
instanceKlass java/util/Collections$UnmodifiableMap$UnmodifiableEntrySet$1
instanceKlass java/util/TreeMap$Entry
instanceKlass java/lang/ProcessEnvironment$CheckedEntry
instanceKlass java/lang/ProcessEnvironment$CheckedEntrySet$1
instanceKlass java/lang/ProcessEnvironment$EntryComparator
instanceKlass java/lang/ProcessEnvironment$NameComparator
instanceKlass org/apache/logging/log4j/status/StatusLogger$PropertiesUtilsDouble
instanceKlass org/apache/logging/log4j/status/StatusLogger$Config
instanceKlass org/apache/logging/log4j/status/StatusLogger$InstanceHolder
instanceKlass java/util/RegularEnumSet$EnumSetIterator
instanceKlass  @bci org/apache/logging/log4j/util/Strings <clinit> ()V 0 <appendix> argL0 ; # org/apache/logging/log4j/util/Strings$$Lambda+0x000000001504acb8
instanceKlass org/apache/logging/log4j/util/Strings
instanceKlass org/apache/logging/log4j/Level
instanceKlass  @bci org/apache/logging/log4j/spi/AbstractLogger <clinit> ()V 142 <appendix> argL0 ; # org/apache/logging/log4j/spi/AbstractLogger$$Lambda+0x000000001504a000
instanceKlass org/apache/logging/log4j/internal/DefaultLogBuilder
instanceKlass org/apache/logging/log4j/BridgeAware
instanceKlass org/apache/logging/log4j/message/DefaultFlowMessageFactory
instanceKlass org/apache/logging/log4j/message/FlowMessageFactory
instanceKlass org/apache/logging/log4j/message/AbstractMessageFactory
instanceKlass  @bci org/apache/logging/log4j/MarkerManager getMarker (Ljava/lang/String;)Lorg/apache/logging/log4j/Marker; 4 <appendix> argL0 ; # org/apache/logging/log4j/MarkerManager$$Lambda+0x00000000150568b0
instanceKlass org/apache/logging/log4j/MarkerManager$Log4jMarker
instanceKlass org/apache/logging/log4j/util/StringBuilderFormattable
instanceKlass org/apache/logging/log4j/Marker
instanceKlass org/apache/logging/log4j/MarkerManager
instanceKlass org/apache/logging/log4j/status/StatusListener
instanceKlass java/util/concurrent/locks/ReadWriteLock
instanceKlass org/apache/logging/log4j/LogBuilder
instanceKlass org/apache/logging/log4j/message/Message
instanceKlass org/apache/logging/log4j/message/MessageFactory2
instanceKlass org/apache/logging/log4j/message/MessageFactory
instanceKlass org/apache/logging/log4j/spi/AbstractLogger
instanceKlass org/apache/logging/log4j/spi/LocationAwareLogger
instanceKlass org/apache/logging/log4j/spi/ExtendedLogger
instanceKlass org/apache/logging/log4j/spi/ThreadContextMap
instanceKlass org/apache/logging/log4j/spi/LoggerContextFactory
instanceKlass org/apache/logging/log4j/Logger
instanceKlass org/apache/logging/log4j/spi/Provider
instanceKlass  @bci org/apache/commons/logging/LogFactory isClassAvailable (Ljava/lang/String;Ljava/lang/ClassLoader;)Z 2 <appendix> member <vmtarget> ; # org/apache/commons/logging/LogFactory$$Lambda+0x000000001504dc88
instanceKlass java/util/ServiceLoader$2
instanceKlass java/util/ServiceLoader$1
instanceKlass java/util/ServiceLoader$LazyClassPathLookupIterator
instanceKlass java/util/Spliterators$1Adapter
instanceKlass java/util/Spliterators$ArraySpliterator
instanceKlass java/util/ServiceLoader$ModuleServicesLookupIterator
instanceKlass java/util/ServiceLoader
instanceKlass  @bci org/apache/commons/logging/LogFactory getFactory ()Lorg/apache/commons/logging/LogFactory; 240 <appendix> argL0 ; # org/apache/commons/logging/LogFactory$$Lambda+0x000000001504da60
instanceKlass  @bci org/apache/commons/logging/LogFactory getFactory ()Lorg/apache/commons/logging/LogFactory; 196 <appendix> argL0 ; # org/apache/commons/logging/LogFactory$$Lambda+0x000000001504d838
instanceKlass jdk/internal/loader/URLClassPath$1
instanceKlass java/lang/CompoundEnumeration
instanceKlass jdk/internal/loader/BuiltinClassLoader$1
instanceKlass java/util/Collections$EmptyEnumeration
instanceKlass jdk/internal/jimage/ImageLocation
instanceKlass jdk/internal/jimage/decompressor/Decompressor
instanceKlass jdk/internal/jimage/ImageStringsReader
instanceKlass jdk/internal/jimage/ImageStrings
instanceKlass jdk/internal/jimage/ImageHeader
instanceKlass jdk/internal/jimage/NativeImageBuffer$1
instanceKlass jdk/internal/jimage/NativeImageBuffer
instanceKlass jdk/internal/jimage/BasicImageReader$1
instanceKlass jdk/internal/jimage/BasicImageReader
instanceKlass jdk/internal/jimage/ImageReader
instanceKlass jdk/internal/jimage/ImageReaderFactory$1
instanceKlass jdk/internal/jimage/ImageReaderFactory
instanceKlass jdk/internal/module/SystemModuleFinders$SystemImage
instanceKlass jdk/internal/module/SystemModuleFinders$SystemModuleReader
instanceKlass java/lang/module/ModuleReader
instanceKlass jdk/internal/loader/BuiltinClassLoader$2
instanceKlass jdk/internal/module/Resources
instanceKlass  @bci org/apache/commons/logging/LogFactory getResources (Ljava/lang/ClassLoader;Ljava/lang/String;)Ljava/util/Enumeration; 2 <appendix> member <vmtarget> ; # org/apache/commons/logging/LogFactory$$Lambda+0x000000001504d608
instanceKlass org/apache/commons/logging/impl/WeakHashtable$Referenced
instanceKlass  @bci org/apache/commons/logging/LogFactory getContextClassLoaderInternal ()Ljava/lang/ClassLoader; 0 <appendix> argL0 ; # org/apache/commons/logging/LogFactory$$Lambda+0x000000001504cf68
instanceKlass java/security/AccessControlContext
instanceKlass java/security/AccessController
instanceKlass jdk/internal/event/Event
instanceKlass  @bci org/apache/commons/logging/LogFactory getSystemProperty (Ljava/lang/String;Ljava/lang/String;)Ljava/lang/String; 2 <appendix> member <vmtarget> ; # org/apache/commons/logging/LogFactory$$Lambda+0x000000001504c960
instanceKlass  @cpi tools/jackson/databind/ext/javatime/deser/InstantDeserializer 704 form vmentry <vmtarget> ; # java/lang/invoke/LambdaForm$DMH+0x0000000015048800
instanceKlass java/lang/invoke/VarHandle$AccessDescriptor
instanceKlass java/security/PrivilegedAction
instanceKlass sun/net/NetHooks
instanceKlass sun/net/spi/DefaultProxySelector$NonProxyInfo
instanceKlass org/apache/commons/logging/LogFactory
instanceKlass sun/net/NetProperties
instanceKlass java/net/Proxy
instanceKlass java/net/ProxySelector
instanceKlass  @bci sun/nio/ch/NioSocketImpl closerFor (Ljava/io/FileDescriptor;)Ljava/lang/Runnable; 1 <appendix> member <vmtarget> ; # sun/nio/ch/NioSocketImpl$$Lambda+0x0000000015009238
instanceKlass org/springframework/boot/env/PropertySourceInfo
instanceKlass  @cpi sun/nio/ch/NioSocketImpl 895 form vmentry <vmtarget> ; # java/lang/invoke/LambdaForm$DMH+0x0000000015048400
instanceKlass org/springframework/core/env/PropertySource
instanceKlass org/springframework/core/OrderComparator
instanceKlass org/springframework/context/ApplicationContext
instanceKlass org/springframework/core/io/support/ResourcePatternResolver
instanceKlass org/springframework/core/io/ResourceLoader
instanceKlass  @cpi org/apache/tomcat/util/http/CookieProcessorBase 133 form vmentry <vmtarget> ; # java/lang/invoke/LambdaForm$DMH+0x0000000015048000
instanceKlass org/springframework/context/ApplicationEventPublisher
instanceKlass org/springframework/context/MessageSource
instanceKlass jdk/net/ExtendedSocketOptions$2
instanceKlass jdk/net/ExtendedSocketOptions$PlatformSocketOptions
instanceKlass org/springframework/beans/factory/ListableBeanFactory
instanceKlass jdk/net/ExtendedSocketOptions$ExtSocketOption
instanceKlass java/net/SocketOption
instanceKlass jdk/net/ExtendedSocketOptions
instanceKlass org/springframework/core/env/EnvironmentCapable
instanceKlass sun/net/ext/ExtendedSocketOptions
instanceKlass java/net/Inet6Address$Inet6AddressHolder
instanceKlass jdk/internal/lang/stable/StableValueImpl
instanceKlass java/lang/StableValue
instanceKlass sun/nio/ch/Net$1
instanceKlass org/springframework/context/ApplicationListener
instanceKlass java/net/ProtocolFamily
instanceKlass java/util/EventListener
instanceKlass sun/nio/ch/Net
instanceKlass org/springframework/beans/factory/config/BeanFactoryPostProcessor
instanceKlass java/net/SocksConsts
instanceKlass sun/net/PlatformSocketImpl
instanceKlass org/springframework/core/env/ConfigurableEnvironment
instanceKlass org/springframework/core/env/ConfigurablePropertyResolver
instanceKlass java/net/SocketImpl
instanceKlass java/net/SocketOptions
instanceKlass java/net/InetSocketAddress$InetSocketAddressHolder
instanceKlass java/net/InetAddress$PlatformResolver
instanceKlass java/net/spi/InetAddressResolver
instanceKlass java/net/spi/InetAddressResolver$LookupPolicy
instanceKlass java/net/Inet4AddressImpl
instanceKlass java/net/Inet6AddressImpl
instanceKlass java/net/InetAddressImpl
instanceKlass java/util/concurrent/ConcurrentSkipListMap$Node
instanceKlass java/util/concurrent/ConcurrentSkipListMap$Index
instanceKlass java/util/concurrent/ConcurrentNavigableMap
instanceKlass java/util/NavigableMap
instanceKlass java/util/SortedMap
instanceKlass java/util/NavigableSet
instanceKlass java/util/SortedSet
instanceKlass java/net/InetAddress$InetAddressHolder
instanceKlass java/security/Security$2
instanceKlass jdk/internal/access/JavaSecurityPropertiesAccess
instanceKlass java/util/concurrent/ConcurrentHashMap$MapEntry
instanceKlass org/springframework/core/convert/support/ConfigurableConversionService
instanceKlass org/springframework/core/convert/converter/ConverterRegistry
instanceKlass org/springframework/core/convert/ConversionService
instanceKlass org/springframework/core/OrderComparator$OrderSourceProvider
instanceKlass org/springframework/beans/factory/config/ConfigurableBeanFactory
instanceKlass org/springframework/beans/factory/config/SingletonBeanRegistry
instanceKlass org/springframework/beans/factory/HierarchicalBeanFactory
instanceKlass org/springframework/beans/factory/BeanFactory
instanceKlass sun/nio/ch/IOStatus
instanceKlass sun/nio/ch/Util$BufferCache
instanceKlass sun/nio/ch/Util
instanceKlass jdk/internal/misc/Blocker
instanceKlass sun/nio/ch/NativeThread
instanceKlass java/util/Properties$LineReader
instanceKlass java/util/EventObject
instanceKlass sun/nio/ch/SelChImpl
instanceKlass java/nio/channels/NetworkChannel
instanceKlass sun/nio/ch/Streams
instanceKlass java/nio/channels/Channels
instanceKlass sun/nio/ch/FileChannelImpl$Closer
instanceKlass sun/nio/ch/NativeThreadSet
instanceKlass java/nio/channels/spi/AbstractInterruptibleChannel$1
instanceKlass sun/nio/ch/Interruptible
instanceKlass org/springframework/core/env/Environment
instanceKlass org/springframework/core/env/PropertyResolver
instanceKlass org/springframework/boot/ApplicationArguments
instanceKlass sun/nio/ch/IOUtil
instanceKlass sun/nio/ch/NativeDispatcher
instanceKlass org/springframework/boot/bootstrap/ConfigurableBootstrapContext
instanceKlass org/springframework/boot/bootstrap/BootstrapContext
instanceKlass java/nio/channels/ScatteringByteChannel
instanceKlass java/nio/channels/GatheringByteChannel
instanceKlass java/nio/channels/SeekableByteChannel
instanceKlass java/nio/channels/ByteChannel
instanceKlass java/nio/channels/WritableByteChannel
instanceKlass java/nio/channels/ReadableByteChannel
instanceKlass java/nio/channels/spi/AbstractInterruptibleChannel
instanceKlass java/nio/channels/InterruptibleChannel
instanceKlass java/nio/channels/Channel
instanceKlass org/springframework/boot/bootstrap/BootstrapRegistry
instanceKlass java/util/Collections$EmptyIterator
instanceKlass sun/nio/fs/WindowsChannelFactory$Flags
instanceKlass sun/nio/fs/WindowsChannelFactory$1
instanceKlass sun/nio/fs/WindowsChannelFactory
instanceKlass sun/nio/fs/WindowsSecurityDescriptor
instanceKlass java/nio/file/attribute/FileAttribute
instanceKlass org/springframework/boot/SpringApplication
instanceKlass sun/nio/fs/WindowsLinkSupport
instanceKlass java/net/URI$Parser
instanceKlass java/nio/file/FileSystems$DefaultFileSystemHolder
instanceKlass java/nio/file/FileSystems
instanceKlass java/security/Security$SecPropLoader
instanceKlass java/security/Security
instanceKlass sun/security/util/SecurityProperties
instanceKlass jdk/internal/util/Exceptions
instanceKlass java/net/InetAddress$1
instanceKlass jdk/internal/access/JavaNetInetAddressAccess
instanceKlass java/net/InetAddress
instanceKlass java/net/SocketAddress
instanceKlass jdk/internal/misc/MethodFinder
instanceKlass com/tugas/deploy/DeployApplication
instanceKlass java/io/FileInputStream$1
instanceKlass java/lang/invoke/VarForm
instanceKlass java/lang/invoke/VarHandleGuards
instanceKlass sun/nio/cs/SingleByte
instanceKlass java/lang/invoke/VarHandles
instanceKlass sun/nio/cs/MS1252$Holder
instanceKlass sun/nio/cs/ArrayDecoder
instanceKlass jdk/internal/invoke/MhUtil
instanceKlass sun/launcher/LauncherHelper
instanceKlass java/net/Socket
instanceKlass sun/usagetracker/UsageTrackerClient
instanceKlass jdk/internal/util/EnvUtils
instanceKlass jdk/internal/vm/PostVMInitHook
instanceKlass java/io/Reader
instanceKlass com/intellij/rt/execution/application/AppMainV2
instanceKlass  @bci jdk/internal/reflect/DirectConstructorHandleAccessor invokeImpl ([Ljava/lang/Object;)Ljava/lang/Object; 88 <adapter> ; # java/lang/invoke/LambdaForm$MH+0x0000000015042400
# instanceKlass java/lang/invoke/LambdaForm$MH+0x0000000015042000
# instanceKlass java/lang/invoke/LambdaForm$MH+0x0000000015041c00
# instanceKlass java/lang/invoke/LambdaForm$MH+0x0000000015041800
instanceKlass  @bci org/springframework/boot/autoconfigure/AutoConfigurationSorter$AutoConfigurationClass getAnnotationMetadata ()Lorg/springframework/core/type/AnnotationMetadata; 47 <appendix> form vmentry <vmtarget> ; # java/lang/invoke/LambdaForm$MH+0x0000000015041400
# instanceKlass java/lang/invoke/LambdaForm$MH+0x0000000015041000
instanceKlass  @cpi org/springframework/beans/factory/support/DefaultListableBeanFactory 1974 form vmentry <vmtarget> ; # java/lang/invoke/LambdaForm$DMH+0x0000000015040400
instanceKlass com/intellij/rt/execution/application/AppMainV2$Agent
instanceKlass java/security/PermissionCollection
instanceKlass java/security/SecureClassLoader$1
instanceKlass java/util/zip/Checksum$1
instanceKlass java/util/zip/CRC32
instanceKlass java/util/zip/Checksum
instanceKlass sun/nio/ByteBuffered
instanceKlass java/lang/Package$VersionInfo
instanceKlass java/lang/NamedPackage
instanceKlass jdk/internal/loader/Resource
instanceKlass java/util/jar/Attributes
instanceKlass  @bci java/util/zip/ZipFile$Source initCEN (ILjava/util/zip/ZipCoder;)V 507 <appendix> argL0 ; # java/util/zip/ZipFile$Source$$Lambda+0x00000000150024c8
instanceKlass java/lang/invoke/TypeConvertingMethodAdapter
instanceKlass java/lang/invoke/InnerClassLambdaMetafactory$6
instanceKlass java/lang/invoke/InnerClassLambdaMetafactory$3
instanceKlass java/lang/classfile/Interfaces
instanceKlass java/util/ImmutableCollections$Access$1
instanceKlass jdk/internal/access/JavaUtilCollectionAccess
instanceKlass java/util/ImmutableCollections$Access
instanceKlass java/lang/invoke/InnerClassLambdaMetafactory$1
instanceKlass sun/security/util/Debug
instanceKlass sun/security/util/SignatureFileVerifier
instanceKlass java/util/zip/ZipFile$InflaterCleanupAction
instanceKlass java/util/zip/Inflater$InflaterZStreamRef
instanceKlass java/util/zip/Inflater
instanceKlass java/util/zip/ZipEntry
instanceKlass java/nio/Bits$1
instanceKlass jdk/internal/misc/VM$BufferPool
instanceKlass java/nio/Bits
instanceKlass sun/nio/ch/DirectBuffer
instanceKlass jdk/internal/perf/PerfCounter$CoreCounters
instanceKlass jdk/internal/perf/Perf
instanceKlass jdk/internal/perf/PerfCounter
instanceKlass java/util/Locale$LocaleCache
instanceKlass jdk/internal/util/ReferencedKeyMap$1
instanceKlass sun/util/locale/BaseLocale$1InterningCache
instanceKlass sun/util/locale/LocaleUtils
instanceKlass java/util/Locale
instanceKlass java/nio/file/attribute/FileTime
instanceKlass java/util/zip/ZipUtils
instanceKlass java/util/zip/ZipFile$Source$End
instanceKlass java/io/RandomAccessFile$2
instanceKlass jdk/internal/access/JavaIORandomAccessFileAccess
instanceKlass java/io/RandomAccessFile
instanceKlass java/io/DataInput
instanceKlass java/io/DataOutput
instanceKlass sun/nio/fs/WindowsNativeDispatcher$CompletionStatus
instanceKlass sun/nio/fs/WindowsNativeDispatcher$AclInformation
instanceKlass sun/nio/fs/WindowsNativeDispatcher$Account
instanceKlass sun/nio/fs/WindowsNativeDispatcher$DiskFreeSpace
instanceKlass sun/nio/fs/WindowsNativeDispatcher$VolumeInformation
instanceKlass sun/nio/fs/WindowsNativeDispatcher$FirstStream
instanceKlass sun/nio/fs/WindowsNativeDispatcher$FirstFile
instanceKlass java/util/Enumeration
instanceKlass java/util/concurrent/ConcurrentHashMap$Traverser
instanceKlass sun/nio/fs/WindowsNativeDispatcher
instanceKlass sun/nio/fs/NativeBuffer$Deallocator
instanceKlass sun/nio/fs/NativeBuffer
instanceKlass java/lang/ThreadLocal$ThreadLocalMap
instanceKlass java/lang/ThreadLocal
instanceKlass sun/nio/fs/NativeBuffers
instanceKlass sun/nio/fs/WindowsFileAttributes
instanceKlass java/nio/file/attribute/DosFileAttributes
instanceKlass sun/nio/fs/AbstractBasicFileAttributeView
instanceKlass sun/nio/fs/DynamicFileAttributeView
instanceKlass sun/nio/fs/WindowsFileAttributeViews
instanceKlass sun/nio/fs/Util
instanceKlass java/nio/file/attribute/BasicFileAttributeView
instanceKlass java/nio/file/attribute/FileAttributeView
instanceKlass java/nio/file/attribute/AttributeView
instanceKlass java/nio/file/Files
instanceKlass java/nio/file/CopyOption
instanceKlass java/nio/file/attribute/BasicFileAttributes
instanceKlass sun/nio/fs/WindowsPath
instanceKlass java/util/zip/ZipFile$Source$Key
instanceKlass sun/nio/fs/WindowsPathParser
instanceKlass java/nio/file/FileSystem
instanceKlass java/nio/file/OpenOption
instanceKlass java/nio/file/spi/FileSystemProvider
instanceKlass sun/nio/fs/DefaultFileSystemProvider
instanceKlass java/util/zip/ZipFile$Source
instanceKlass java/lang/ref/Cleaner$Cleanable
instanceKlass jdk/internal/ref/CleanerImpl$CleanableList$Node
instanceKlass jdk/internal/ref/CleanerImpl$CleanableList
instanceKlass jdk/internal/ref/CleanerImpl
instanceKlass java/lang/ref/Cleaner$1
instanceKlass java/lang/ref/Cleaner
instanceKlass jdk/internal/ref/CleanerFactory$1
instanceKlass java/util/concurrent/ThreadFactory
instanceKlass jdk/internal/ref/CleanerFactory
instanceKlass java/util/zip/ZipFile$CleanableResource
instanceKlass java/util/zip/ZipCoder
instanceKlass java/lang/Runtime$Version
instanceKlass java/util/jar/JavaUtilJarAccessImpl
instanceKlass jdk/internal/access/JavaUtilJarAccess
instanceKlass jdk/internal/loader/FileURLMapper
instanceKlass java/util/zip/ZipFile$1
instanceKlass jdk/internal/access/JavaUtilZipFileAccess
instanceKlass java/util/BitSet
instanceKlass java/util/zip/ZipFile
instanceKlass java/util/zip/ZipConstants
instanceKlass java/nio/charset/CoderResult
instanceKlass java/nio/charset/CharsetDecoder
instanceKlass java/lang/Readable
instanceKlass jdk/internal/loader/URLClassPath$Loader
instanceKlass sun/net/util/URLUtil
instanceKlass sun/instrument/TransformerManager$TransformerInfo
instanceKlass sun/instrument/TransformerManager
instanceKlass jdk/internal/loader/NativeLibraries$2
instanceKlass jdk/internal/loader/NativeLibrary
instanceKlass java/util/ArrayDeque$DeqIterator
instanceKlass jdk/internal/loader/NativeLibraries$NativeLibraryContext$1
instanceKlass jdk/internal/loader/NativeLibraries$NativeLibraryContext
instanceKlass jdk/internal/loader/NativeLibraries$1
instanceKlass jdk/internal/loader/NativeLibraries$LibraryPaths
instanceKlass jdk/internal/reflect/Reflection$1Holder
instanceKlass sun/instrument/InstrumentationImpl
instanceKlass java/lang/instrument/Instrumentation
instanceKlass jdk/internal/vm/ContinuationSupport
instanceKlass jdk/internal/module/ModuleBootstrap$SafeModuleFinder
instanceKlass java/lang/ModuleLayer$Controller
instanceKlass java/util/concurrent/CopyOnWriteArrayList
instanceKlass jdk/internal/module/ServicesCatalog$ServiceProvider
instanceKlass jdk/internal/loader/AbstractClassLoaderValue$Memoizer
instanceKlass java/util/ArrayList$Itr
instanceKlass java/util/Collections$UnmodifiableCollection$1
instanceKlass java/util/SequencedMap
instanceKlass java/util/SequencedSet
instanceKlass java/lang/module/ModuleFinder$1
instanceKlass java/nio/file/Path
instanceKlass java/nio/file/Watchable
instanceKlass java/lang/module/Resolver
instanceKlass java/util/Collections$2
instanceKlass java/util/stream/FindOps$FindOp
instanceKlass  @bci java/util/stream/FindOps$FindSink$OfRef <clinit> ()V 6 <appendix> argL0 ; # java/util/stream/FindOps$FindSink$OfRef$$Lambda+0x800000048
instanceKlass  @bci java/util/stream/FindOps$FindSink$OfRef <clinit> ()V 0 <appendix> argL0 ; # java/util/stream/FindOps$FindSink$OfRef$$Lambda+0x800000049
instanceKlass java/util/stream/FindOps$FindSink
instanceKlass java/util/stream/FindOps
instanceKlass  @bci jdk/internal/module/DefaultRoots exportsAPI (Ljava/lang/module/ModuleDescriptor;)Z 9 <appendix> argL0 ; # jdk/internal/module/DefaultRoots$$Lambda+0x80000004f
instanceKlass java/util/stream/Sink$ChainedReference
instanceKlass java/util/stream/ReduceOps$AccumulatingSink
instanceKlass java/util/stream/TerminalSink
instanceKlass java/util/stream/Sink
instanceKlass java/util/stream/ReduceOps$Box
instanceKlass java/util/stream/ReduceOps$ReduceOp
instanceKlass java/util/stream/TerminalOp
instanceKlass java/util/stream/ReduceOps
instanceKlass  @bci java/util/stream/Collectors castingIdentity ()Ljava/util/function/Function; 0 <appendix> argL0 ; # java/util/stream/Collectors$$Lambda+0x800000042
instanceKlass  @bci java/util/stream/Collectors toSet ()Ljava/util/stream/Collector; 14 <appendix> argL0 ; # java/util/stream/Collectors$$Lambda+0x800000040
instanceKlass java/util/function/BinaryOperator
instanceKlass  @bci java/util/stream/Collectors toSet ()Ljava/util/stream/Collector; 9 <appendix> argL0 ; # java/util/stream/Collectors$$Lambda+0x800000038
instanceKlass java/util/function/BiConsumer
instanceKlass  @bci java/util/stream/Collectors toSet ()Ljava/util/stream/Collector; 4 <appendix> argL0 ; # java/util/stream/Collectors$$Lambda+0x800000045
instanceKlass java/util/stream/Collector
instanceKlass java/util/Collections$UnmodifiableCollection
instanceKlass java/util/stream/Collectors
instanceKlass  @bci jdk/internal/module/DefaultRoots compute (Ljava/lang/module/ModuleFinder;Ljava/lang/module/ModuleFinder;)Ljava/util/Set; 42 <appendix> argL0 ; # jdk/internal/module/DefaultRoots$$Lambda+0x80000004c
instanceKlass  @bci jdk/internal/module/DefaultRoots compute (Ljava/lang/module/ModuleFinder;Ljava/lang/module/ModuleFinder;)Ljava/util/Set; 32 <appendix> member <vmtarget> ; # jdk/internal/module/DefaultRoots$$Lambda+0x800000050
instanceKlass  @bci jdk/internal/module/DefaultRoots compute (Ljava/lang/module/ModuleFinder;Ljava/lang/module/ModuleFinder;)Ljava/util/Set; 21 <appendix> argL0 ; # jdk/internal/module/DefaultRoots$$Lambda+0x80000004d
instanceKlass  @bci jdk/internal/module/DefaultRoots compute (Ljava/lang/module/ModuleFinder;Ljava/lang/module/ModuleFinder;)Ljava/util/Set; 11 <appendix> argL0 ; # jdk/internal/module/DefaultRoots$$Lambda+0x80000004e
instanceKlass java/lang/invoke/LambdaProxyClassArchive
instanceKlass java/lang/invoke/InfoFromMemberName
instanceKlass java/lang/invoke/MethodHandleInfo
instanceKlass java/lang/invoke/AbstractValidatingLambdaMetafactory
instanceKlass java/lang/invoke/BootstrapMethodInvoker
instanceKlass java/util/function/Predicate
instanceKlass java/lang/invoke/LambdaMetafactory
# instanceKlass java/lang/invoke/LambdaForm$MH+0x0000000015040000
instanceKlass jdk/internal/util/ModifiedUtf
instanceKlass java/lang/StringCoding
instanceKlass jdk/internal/classfile/impl/ClassReaderImpl
instanceKlass java/lang/classfile/ClassReader
instanceKlass jdk/internal/classfile/impl/ClassHierarchyImpl$CachedClassHierarchyResolver$1
instanceKlass java/lang/classfile/ClassHierarchyResolver$ClassHierarchyInfo
instanceKlass jdk/internal/classfile/impl/ClassHierarchyImpl$CachedClassHierarchyResolver
instanceKlass jdk/internal/classfile/impl/ClassHierarchyImpl$ClassLoadingClassHierarchyResolver$1
instanceKlass jdk/internal/classfile/impl/ClassHierarchyImpl$ClassLoadingClassHierarchyResolver
instanceKlass java/lang/classfile/ClassHierarchyResolver
instanceKlass jdk/internal/classfile/impl/ClassHierarchyImpl
instanceKlass jdk/internal/classfile/impl/RawBytecodeHelper$1
instanceKlass jdk/internal/classfile/impl/RawBytecodeHelper
instanceKlass jdk/internal/classfile/impl/StackMapGenerator$Frame
instanceKlass jdk/internal/classfile/impl/StackMapGenerator
instanceKlass jdk/internal/classfile/impl/AnnotationReader
instanceKlass java/lang/classfile/CustomAttribute
instanceKlass jdk/internal/classfile/impl/TerminalFieldBuilder
instanceKlass java/lang/classfile/FieldBuilder
instanceKlass java/lang/invoke/InvokerBytecodeGenerator$2
instanceKlass jdk/internal/classfile/impl/BytecodeHelpers
instanceKlass java/lang/classfile/constantpool/MethodRefEntry
instanceKlass sun/invoke/empty/Empty
instanceKlass sun/invoke/util/VerifyType
instanceKlass jdk/internal/classfile/impl/DirectCodeBuilder$8
instanceKlass java/lang/classfile/instruction/LabelTarget
instanceKlass java/lang/classfile/Label
instanceKlass jdk/internal/classfile/impl/BufWriterImpl
instanceKlass java/lang/classfile/BufWriter
instanceKlass java/lang/classfile/instruction/LocalVariableType
instanceKlass java/lang/classfile/instruction/LocalVariable
instanceKlass java/lang/classfile/instruction/CharacterRange
instanceKlass java/lang/classfile/PseudoInstruction
instanceKlass java/lang/classfile/CodeElement
instanceKlass jdk/internal/classfile/impl/TerminalCodeBuilder
instanceKlass jdk/internal/classfile/impl/LabelContext
instanceKlass java/lang/classfile/CodeBuilder
instanceKlass java/lang/invoke/InvokerBytecodeGenerator$4$1
instanceKlass java/lang/classfile/constantpool/FieldRefEntry
instanceKlass java/lang/classfile/constantpool/MemberRefEntry
instanceKlass java/lang/classfile/constantpool/NameAndTypeEntry
instanceKlass jdk/internal/classfile/impl/TerminalMethodBuilder
instanceKlass jdk/internal/classfile/impl/MethodInfo
instanceKlass java/lang/classfile/MethodBuilder
instanceKlass java/lang/invoke/InvokerBytecodeGenerator$4
instanceKlass java/lang/classfile/attribute/SourceFileAttribute
instanceKlass java/lang/classfile/Superclass
instanceKlass jdk/internal/classfile/impl/AttributeHolder
instanceKlass java/lang/classfile/ClassBuilder
instanceKlass java/lang/classfile/ClassFileBuilder
instanceKlass jdk/internal/classfile/impl/AbstractDirectBuilder
instanceKlass java/lang/invoke/InvokerBytecodeGenerator$1
instanceKlass jdk/internal/classfile/impl/ClassFileImpl
instanceKlass java/lang/classfile/ClassFile
instanceKlass java/lang/invoke/InvokerBytecodeGenerator$3
instanceKlass java/util/function/Consumer
instanceKlass java/lang/classfile/constantpool/ClassEntry
instanceKlass java/lang/classfile/constantpool/LoadableConstantEntry
instanceKlass jdk/internal/classfile/impl/Util
instanceKlass jdk/internal/classfile/impl/EntryMap
instanceKlass jdk/internal/classfile/impl/BootstrapMethodEntryImpl
instanceKlass java/lang/classfile/BootstrapMethodEntry
instanceKlass jdk/internal/classfile/impl/SplitConstantPool
instanceKlass java/lang/invoke/LambdaFormBuffer
instanceKlass java/lang/invoke/LambdaFormEditor$TransformKey
instanceKlass java/lang/invoke/LambdaFormEditor
instanceKlass java/lang/invoke/Invokers$Holder
instanceKlass java/lang/invoke/DelegatingMethodHandle$Holder
instanceKlass java/lang/invoke/DirectMethodHandle$2
instanceKlass java/lang/invoke/ClassSpecializer$Factory
instanceKlass java/lang/invoke/ClassSpecializer$SpeciesData
instanceKlass java/lang/invoke/ClassSpecializer$1
instanceKlass jdk/internal/vm/annotation/Stable
instanceKlass java/lang/invoke/ClassSpecializer
instanceKlass java/lang/invoke/InvokerBytecodeGenerator$8
instanceKlass jdk/internal/classfile/impl/AbstractAttributeMapper
instanceKlass java/lang/classfile/AttributeMapper
instanceKlass java/lang/classfile/Attributes
instanceKlass jdk/internal/classfile/impl/Util$Writable
instanceKlass jdk/internal/classfile/impl/AbstractElement
instanceKlass java/lang/classfile/attribute/RuntimeVisibleAnnotationsAttribute
instanceKlass java/lang/classfile/FieldElement
instanceKlass java/lang/classfile/MethodElement
instanceKlass java/lang/classfile/ClassElement
instanceKlass java/lang/classfile/Attribute
instanceKlass java/lang/classfile/ClassFileElement
instanceKlass java/lang/classfile/constantpool/Utf8Entry
instanceKlass java/lang/classfile/constantpool/AnnotationConstantValueEntry
instanceKlass java/lang/classfile/constantpool/PoolEntry
instanceKlass jdk/internal/classfile/impl/AbstractPoolEntry
instanceKlass jdk/internal/classfile/impl/TemporaryConstantPool
instanceKlass java/lang/classfile/constantpool/ConstantPoolBuilder
instanceKlass java/lang/classfile/constantpool/ConstantPool
instanceKlass java/lang/classfile/Annotation
instanceKlass java/lang/classfile/AnnotationElement
instanceKlass java/lang/invoke/InvokerBytecodeGenerator
instanceKlass java/lang/invoke/LambdaForm$Holder
instanceKlass java/lang/invoke/LambdaForm$Name
instanceKlass java/lang/reflect/Array
instanceKlass java/lang/invoke/Invokers
instanceKlass sun/invoke/util/ValueConversions
instanceKlass java/lang/invoke/DirectMethodHandle$Holder
instanceKlass java/lang/constant/DynamicConstantDesc
instanceKlass jdk/internal/constant/DirectMethodHandleDescImpl$1
instanceKlass jdk/internal/constant/DirectMethodHandleDescImpl
instanceKlass java/lang/constant/DirectMethodHandleDesc
instanceKlass java/lang/constant/MethodHandleDesc$1
instanceKlass java/lang/constant/MethodHandleDesc
instanceKlass jdk/internal/constant/MethodTypeDescImpl
instanceKlass java/lang/constant/MethodTypeDesc
instanceKlass jdk/internal/constant/ConstantUtils
instanceKlass jdk/internal/constant/ArrayClassDescImpl
instanceKlass jdk/internal/constant/ClassOrInterfaceDescImpl
instanceKlass java/lang/constant/ClassDesc
instanceKlass java/lang/constant/ConstantDescs
instanceKlass sun/invoke/util/Wrapper$Format
instanceKlass java/lang/invoke/MethodHandleImpl$1
instanceKlass jdk/internal/access/JavaLangInvokeAccess
instanceKlass java/lang/invoke/LambdaForm$NamedFunction
instanceKlass jdk/internal/reflect/MethodHandleAccessorFactory$LazyStaticHolder
instanceKlass java/lang/invoke/MethodTypeForm
instanceKlass jdk/internal/util/StrongReferenceKey
instanceKlass jdk/internal/util/ReferenceKey
instanceKlass jdk/internal/util/ReferencedKeyMap
instanceKlass java/lang/invoke/MethodType$1
instanceKlass sun/reflect/annotation/AnnotationParser
instanceKlass java/lang/PublicMethods$Key
instanceKlass java/lang/PublicMethods$MethodList
instanceKlass java/util/EnumMap$1
instanceKlass java/util/stream/StreamOpFlag$MaskBuilder
instanceKlass java/util/stream/Stream
instanceKlass java/util/stream/BaseStream
instanceKlass java/util/stream/PipelineHelper
instanceKlass java/util/stream/StreamSupport
instanceKlass java/util/Spliterators$IteratorSpliterator
instanceKlass java/util/Spliterator
instanceKlass java/util/Spliterators
instanceKlass jdk/internal/module/DefaultRoots
instanceKlass jdk/internal/loader/BuiltinClassLoader$LoadedModule
instanceKlass java/lang/Module$EnableNativeAccess
instanceKlass jdk/internal/loader/BootLoader
instanceKlass java/util/Optional
instanceKlass jdk/internal/module/ModuleResolution
instanceKlass jdk/internal/module/ModuleHashes$Builder
instanceKlass java/util/ImmutableCollections$Set12$1
instanceKlass java/util/ImmutableCollections$ListItr
instanceKlass java/util/ListIterator
instanceKlass java/util/ImmutableCollections$SetN$SetNIterator
instanceKlass jdk/internal/module/Builder
instanceKlass jdk/internal/module/SystemModules$all
instanceKlass jdk/internal/module/SystemModules
instanceKlass jdk/internal/module/SystemModulesMap
instanceKlass jdk/internal/module/SystemModuleFinders
instanceKlass jdk/internal/loader/AbstractClassLoaderValue
instanceKlass jdk/internal/module/ServicesCatalog
instanceKlass java/util/Deque
instanceKlass java/util/Queue
instanceKlass sun/net/util/IPAddressUtil$MASKS
instanceKlass sun/net/util/IPAddressUtil
instanceKlass java/net/URLStreamHandler
instanceKlass java/lang/StringUTF16
instanceKlass sun/net/www/ParseUtil
instanceKlass java/net/URL$1
instanceKlass jdk/internal/access/JavaNetURLAccess
instanceKlass java/net/URL$DefaultFactory
instanceKlass java/net/URLStreamHandlerFactory
instanceKlass jdk/internal/loader/URLClassPath
instanceKlass java/util/concurrent/ConcurrentHashMap$CollectionView
instanceKlass jdk/internal/loader/ClassLoaderHelper
instanceKlass jdk/internal/loader/NativeLibraries
instanceKlass java/security/Principal
instanceKlass java/lang/ClassLoader$ParallelLoaders
instanceKlass java/security/cert/Certificate
instanceKlass jdk/internal/loader/ArchivedClassLoaders
instanceKlass java/net/URI$1
instanceKlass jdk/internal/access/JavaNetUriAccess
instanceKlass jdk/internal/module/ArchivedBootLayer
instanceKlass jdk/internal/module/ModuleBootstrap$Counters
instanceKlass jdk/internal/module/ModuleLoaderMap$Modules
instanceKlass jdk/internal/module/ModuleLoaderMap
instanceKlass jdk/internal/module/ModulePatcher
instanceKlass jdk/internal/util/DecimalDigits
instanceKlass java/io/FileSystem
instanceKlass java/io/DefaultFileSystem
instanceKlass java/io/File
instanceKlass java/lang/module/ModuleDescriptor$1
instanceKlass jdk/internal/access/JavaLangModuleAccess
instanceKlass sun/invoke/util/VerifyAccess
instanceKlass java/util/KeyValueHolder
instanceKlass java/util/ImmutableCollections$MapN$MapNIterator
instanceKlass java/lang/invoke/MethodHandles$Lookup
instanceKlass java/lang/invoke/MemberName$Factory
instanceKlass java/lang/invoke/MethodHandles
instanceKlass jdk/internal/module/ModuleBootstrap
instanceKlass java/util/HexFormat
instanceKlass jdk/internal/util/ClassFileDumper
instanceKlass java/lang/CharacterData
instanceKlass java/lang/invoke/MethodHandleStatics
instanceKlass java/util/Collections
instanceKlass java/lang/Thread$ThreadIdentifiers
instanceKlass sun/io/Win32ErrorMode
instanceKlass jdk/internal/misc/OSEnvironment
instanceKlass jdk/internal/misc/Signal$NativeHandler
instanceKlass java/util/Hashtable$Entry
instanceKlass jdk/internal/misc/Signal
instanceKlass java/lang/Terminator$1
instanceKlass jdk/internal/misc/Signal$Handler
instanceKlass java/lang/Terminator
instanceKlass java/nio/ByteOrder
instanceKlass java/nio/Buffer$2
instanceKlass jdk/internal/access/JavaNioAccess
instanceKlass java/nio/Buffer$1
instanceKlass jdk/internal/misc/ScopedMemoryAccess
instanceKlass java/nio/charset/CodingErrorAction
instanceKlass java/nio/charset/CharsetEncoder
instanceKlass java/io/Writer
instanceKlass java/io/OutputStream
instanceKlass java/io/Flushable
instanceKlass java/io/FileDescriptor$1
instanceKlass jdk/internal/access/JavaIOFileDescriptorAccess
instanceKlass java/io/FileDescriptor
instanceKlass jdk/internal/util/StaticProperty
instanceKlass jdk/internal/reflect/MethodHandleAccessorFactory
instanceKlass jdk/internal/reflect/Reflection
instanceKlass java/lang/reflect/Modifier
instanceKlass java/lang/Class$Atomic
instanceKlass java/lang/Class$ReflectionData
instanceKlass java/nio/charset/StandardCharsets
instanceKlass sun/nio/cs/HistoricallyNamedCharset
instanceKlass java/util/Arrays
instanceKlass jdk/internal/util/Preconditions$3
instanceKlass jdk/internal/util/Preconditions$2
instanceKlass jdk/internal/util/Preconditions$4
instanceKlass java/util/function/BiFunction
instanceKlass jdk/internal/util/Preconditions$1
instanceKlass jdk/internal/util/Preconditions
instanceKlass java/nio/charset/spi/CharsetProvider
instanceKlass java/nio/charset/Charset
instanceKlass java/util/HashMap$HashIterator
instanceKlass java/util/concurrent/locks/LockSupport
instanceKlass java/util/concurrent/ConcurrentHashMap$Node
instanceKlass java/util/concurrent/ConcurrentHashMap$CounterCell
instanceKlass java/util/concurrent/locks/ReentrantLock
instanceKlass java/util/concurrent/locks/Lock
instanceKlass java/lang/Runtime
instanceKlass java/lang/VersionProps
instanceKlass java/lang/StringConcatHelper
instanceKlass jdk/internal/util/ArraysSupport
instanceKlass java/lang/StringLatin1
instanceKlass java/lang/StrictMath
instanceKlass jdk/internal/util/SystemProps$Raw
instanceKlass jdk/internal/util/SystemProps
instanceKlass java/lang/System$1
instanceKlass jdk/internal/access/JavaLangAccess
instanceKlass java/lang/ref/ReferenceQueue$Lock
instanceKlass java/lang/ref/ReferenceQueue
instanceKlass java/lang/ref/Reference$1
instanceKlass jdk/internal/access/JavaLangRefAccess
instanceKlass java/lang/Math
instanceKlass java/io/ObjectStreamClass
instanceKlass jdk/internal/reflect/ReflectionFactory
instanceKlass jdk/internal/access/SharedSecrets
instanceKlass java/lang/reflect/ReflectAccess
instanceKlass jdk/internal/access/JavaLangReflectAccess
instanceKlass java/util/Objects
instanceKlass jdk/internal/misc/CDS
instanceKlass java/lang/Module$ArchivedData
instanceKlass jdk/internal/misc/VM
instanceKlass java/lang/String$CaseInsensitiveComparator
instanceKlass java/util/Comparator
instanceKlass java/io/ObjectStreamField
instanceKlass jdk/internal/math/FDBigInteger
instanceKlass java/lang/ModuleLayer
instanceKlass java/util/ImmutableCollections
instanceKlass jdk/internal/module/ModuleLoaderMap$Mapper
instanceKlass java/util/function/Function
instanceKlass java/lang/module/ResolvedModule
instanceKlass java/lang/module/Configuration
instanceKlass java/util/HashMap$Node
instanceKlass java/util/Map$Entry
instanceKlass java/util/Collections$UnmodifiableMap
instanceKlass jdk/internal/module/ModuleHashes
instanceKlass jdk/internal/module/ModuleTarget
instanceKlass java/lang/module/ModuleDescriptor$Opens
instanceKlass jdk/internal/module/SystemModuleFinders$2
instanceKlass jdk/internal/module/ModuleHashes$HashSupplier
instanceKlass jdk/internal/module/SystemModuleFinders$1
instanceKlass java/util/function/Supplier
instanceKlass java/net/URI
instanceKlass java/lang/module/ModuleDescriptor$Provides
instanceKlass java/lang/module/ModuleDescriptor$Exports
instanceKlass java/lang/module/ModuleDescriptor$Requires
instanceKlass java/lang/module/ModuleDescriptor$Version
instanceKlass java/lang/module/ModuleDescriptor
instanceKlass java/lang/module/ModuleReference
instanceKlass java/util/Set
instanceKlass jdk/internal/module/SystemModuleFinders$SystemModuleFinder
instanceKlass java/lang/module/ModuleFinder
instanceKlass jdk/internal/module/ArchivedModuleGraph
instanceKlass sun/util/locale/BaseLocale
instanceKlass java/util/jar/Attributes$Name
instanceKlass java/lang/Character$CharacterCache
instanceKlass java/lang/Short$ShortCache
instanceKlass java/lang/Byte$ByteCache
instanceKlass java/lang/Long$LongCache
instanceKlass java/lang/Integer$IntegerCache
instanceKlass jdk/internal/vm/FillerObject
instanceKlass jdk/internal/vm/vector/VectorSupport$VectorPayload
instanceKlass jdk/internal/vm/vector/VectorSupport
instanceKlass java/lang/reflect/RecordComponent
instanceKlass java/util/Iterator
instanceKlass java/lang/Void
instanceKlass java/lang/Number
instanceKlass java/lang/Character
instanceKlass java/lang/Boolean
instanceKlass java/util/concurrent/locks/AbstractOwnableSynchronizer
instanceKlass java/lang/LiveStackFrame
instanceKlass java/lang/ClassFrameInfo
instanceKlass java/lang/StackWalker$StackFrame
instanceKlass java/lang/StackStreamFactory$AbstractStackWalker
instanceKlass java/lang/StackWalker
instanceKlass java/nio/Buffer
instanceKlass java/lang/StackTraceElement
instanceKlass java/util/RandomAccess
instanceKlass java/util/List
instanceKlass java/util/SequencedCollection
instanceKlass java/util/AbstractCollection
instanceKlass java/util/Collection
instanceKlass java/lang/Iterable
instanceKlass java/util/concurrent/ConcurrentMap
instanceKlass java/util/AbstractMap
instanceKlass java/security/CodeSource
instanceKlass jdk/internal/loader/ClassLoaders
instanceKlass java/util/jar/Manifest
instanceKlass java/lang/Enum
instanceKlass java/net/URL
instanceKlass java/io/InputStream
instanceKlass java/io/Closeable
instanceKlass java/lang/AutoCloseable
instanceKlass jdk/internal/module/Modules
instanceKlass jdk/internal/misc/Unsafe
instanceKlass jdk/internal/misc/UnsafeConstants
instanceKlass java/lang/AbstractStringBuilder
instanceKlass java/lang/Appendable
instanceKlass java/lang/AssertionStatusDirectives
instanceKlass jdk/internal/foreign/abi/ABIDescriptor
instanceKlass jdk/internal/foreign/abi/NativeEntryPoint
instanceKlass java/lang/invoke/CallSite
instanceKlass java/lang/invoke/MethodType
instanceKlass java/lang/invoke/TypeDescriptor$OfMethod
instanceKlass java/lang/invoke/LambdaForm
instanceKlass java/lang/invoke/MethodHandleNatives
instanceKlass java/lang/invoke/MethodHandleImpl
instanceKlass java/lang/invoke/ResolvedMethodName
instanceKlass java/lang/invoke/MemberName
instanceKlass java/lang/invoke/VarHandle
instanceKlass java/lang/invoke/MethodHandle
instanceKlass jdk/internal/reflect/ConstructorAccessorImpl
instanceKlass jdk/internal/reflect/ConstructorAccessor
instanceKlass jdk/internal/reflect/CallerSensitive
instanceKlass java/lang/annotation/Annotation
instanceKlass jdk/internal/reflect/ConstantPool
instanceKlass jdk/internal/reflect/MethodAccessorImpl
instanceKlass jdk/internal/reflect/MethodAccessor
instanceKlass jdk/internal/vm/StackChunk
instanceKlass jdk/internal/vm/Continuation
instanceKlass jdk/internal/vm/ContinuationScope
instanceKlass java/lang/reflect/Parameter
instanceKlass java/lang/reflect/Member
instanceKlass java/lang/reflect/AccessibleObject
instanceKlass java/lang/Module
instanceKlass java/util/Map
instanceKlass java/util/Dictionary
instanceKlass java/lang/ThreadGroup
instanceKlass java/lang/Thread$UncaughtExceptionHandler
instanceKlass java/lang/Thread$Constants
instanceKlass java/lang/Thread$FieldHolder
instanceKlass java/lang/Thread
instanceKlass java/lang/Runnable
instanceKlass java/lang/ref/Reference
instanceKlass java/lang/Record
instanceKlass java/security/ProtectionDomain
instanceKlass java/lang/Throwable
instanceKlass java/lang/System
instanceKlass java/lang/ClassLoader
instanceKlass java/lang/Cloneable
instanceKlass java/lang/Class
instanceKlass java/lang/invoke/TypeDescriptor$OfField
instanceKlass java/lang/invoke/TypeDescriptor
instanceKlass java/lang/reflect/Type
instanceKlass java/lang/reflect/GenericDeclaration
instanceKlass java/lang/reflect/AnnotatedElement
instanceKlass java/lang/String
instanceKlass java/lang/constant/ConstantDesc
instanceKlass java/lang/constant/Constable
instanceKlass java/lang/CharSequence
instanceKlass java/lang/Comparable
instanceKlass java/io/Serializable
ciInstanceKlass java/lang/Object 1 1 115 100 1 10 12 1 1 10 7 12 1 1 1 10 100 12 1 1 1 10 12 1 1 8 1 10 12 1 1 10 100 12 1 1 1 10 12 1 10 12 1 1 100 1 8 1 10 12 1 10 7 12 1 1 1 7 1 10 12 1 7 1 10 12 1 1 8 1 3 8 1 100 1 5 0 1 1 1 1 1 1 1 1 1 1 1 1 1 1 1 1 100 1 1 1 1 1 1 1 1 1 1 1 1 1 100 1 1 1 1 1 1 3 1 1
ciInstanceKlass java/io/Serializable 1 0 7 100 1 100 1 1 1
ciInstanceKlass java/lang/System 1 1 591 10 100 12 1 1 1 10 7 12 1 1 1 10 12 1 1 10 12 1 9 12 1 1 10 7 12 1 1 1 11 7 12 1 1 1 10 100 12 1 1 1 10 12 1 1 100 1 8 1 10 12 1 9 12 1 1 9 12 1 1 10 7 12 1 1 1 10 7 12 1 1 1 10 12 1 1 10 12 1 10 7 12 1 1 1 10 12 1 10 12 1 1 7 1 10 12 1 1 100 1 8 1 10 10 12 1 1 100 1 8 1 10 10 7 12 1 1 10 12 10 100 12 1 1 10 7 12 1 1 1 100 1 8 1 10 10 100 12 1 1 1 10 100 12 1 1 1 100 1 10 100 12 1 1 1 10 12 1 1 10 7 12 1 1 1 10 12 1 1 10 12 1 10 12 1 8 1 10 12 1 1 10 12 1 1 8 1 10 12 1 7 1 7 1 10 12 1 9 7 12 1 1 1 10 7 12 1 1 1 10 12 1 10 12 1 10 7 12 1 1 1 100 1 8 1 10 9 12 1 1 9 12 1 10 12 1 10 100 12 1 1 10 12 1 10 12 1 1 100 1 10 8 1 10 12 1 1 10 12 1 10 12 1 1 10 12 1 1 8 1 11 7 12 1 1 10 12 11 12 1 1 11 7 12 1 1 1 11 7 12 1 1 11 12 1 1 7 1 11 12 1 10 12 1 8 1 10 12 1 1 8 1 8 1 8 1 8 1 11 12 1 10 12 1 1 10 12 1 10 12 1 8 1 10 12 1 1 8 1 9 12 1 8 1 10 7 12 1 1 8 1 7 1 9 7 12 1 1 1 10 12 1 7 1 9 12 10 9 12 7 1 10 12 9 12 1 1 8 1 10 12 1 1 8 1 9 12 1 10 7 12 1 1 10 12 1 10 12 1 1 11 7 12 1 1 10 12 10 7 12 1 1 1 9 12 1 1 100 1 100 1 8 1 10 12 1 1 10 12 1 8 1 8 1 10 8 1 8 1 8 1 8 1 8 1 10 8 1 10 7 12 1 1 1 10 7 12 1 1 1 10 12 1 1 7 1 10 10 12 1 10 12 1 9 12 1 1 1 1 1 1 1 1 1 1 1 1 100 1 1 100 1 1 1 1 1 1 1 1 1 1 3 1 1 1 1 1 1 1 1 1 1 1 1 1 1 1 1 1 1 1 1 1 1 1 1 1 1 1 1 1 1 1 1 1 1 1 1 1 1 1 1 1 1 1 1 1 1 1 1 1 1 1 100 1 1 1 1 1 1 1 1 1 1 1 1 1 1 1 1 1 1 1 1 1 1 1 1 1 100 1 100 1 1 1 1 1 1 1 1
staticfield java/lang/System in Ljava/io/InputStream; java/io/BufferedInputStream
staticfield java/lang/System out Ljava/io/PrintStream; java/io/PrintStream
staticfield java/lang/System err Ljava/io/PrintStream; java/io/PrintStream
instanceKlass java/security/Provider
instanceKlass org/springframework/core/SortedProperties
instanceKlass java/security/Security$1
ciInstanceKlass java/util/Properties 1 1 690 10 7 12 1 1 1 100 1 10 7 12 1 1 7 1 10 12 1 9 12 1 1 9 12 1 1 9 12 1 1 10 7 12 1 1 1 10 12 1 1 8 1 10 7 12 1 1 1 7 1 10 12 1 10 12 1 1 8 1 10 12 1 7 1 10 12 10 12 1 1 9 12 1 1 10 12 1 1 7 1 10 12 1 10 12 1 10 12 1 1 100 1 8 1 10 12 1 10 12 1 10 12 1 1 10 12 1 100 1 3 10 10 100 12 1 1 1 10 12 1 10 12 1 1 8 1 10 12 1 10 12 1 1 8 1 10 100 12 1 1 10 12 1 1 10 12 1 10 12 1 1 100 1 10 12 1 10 12 1 1 100 1 9 100 12 1 1 1 10 12 1 10 12 1 1 10 12 1 1 10 12 1 1 100 1 9 12 1 1 7 1 100 1 10 12 1 100 1 11 7 12 1 1 1 11 12 1 1 11 100 12 1 1 1 11 7 12 1 1 1 11 12 1 1 11 12 1 11 12 1 10 12 1 1 8 1 10 12 1 10 100 12 1 1 10 12 1 100 1 10 10 12 1 10 12 1 100 1 10 10 12 1 1 10 100 12 1 1 9 100 12 1 1 10 12 1 1 10 100 12 1 1 1 100 1 100 1 100 1 10 8 1 8 1 10 12 1 10 12 1 10 12 1 1 10 10 12 1 1 10 12 1 1 100 1 10 10 12 1 11 7 12 1 1 10 7 12 1 1 1 8 1 10 100 12 1 1 11 11 7 1 8 1 10 100 1 11 10 12 1 10 10 12 1 10 12 1 1 10 12 1 1 10 12 1 1 10 12 1 10 12 1 10 10 12 1 10 12 1 10 12 1 10 10 12 1 1 10 12 1 1 10 10 12 1 10 12 1 10 12 1 10 12 1 10 12 1 1 10 12 1 1 10 12 1 10 12 1 10 12 1 1 10 12 10 12 1 1 10 12 1 1 10 12 1 10 12 1 1 10 12 1 1 10 12 10 11 12 1 4 11 10 12 1 1 10 100 12 1 1 11 12 1 10 12 1 1 10 100 12 1 1 10 12 1 100 1 8 1 10 12 1 10 10 100 12 1 1 1 100 1 6 0 10 12 1 1 11 100 12 1 1 1 10 12 1 10 12 1 1 1 1 1 5 0 1 1 1 1 1 1 1 1 1 1 1 1 1 1 1 1 1 1 1 1 1 1 1 1 1 1 1 1 1 1 1 1 1 1 1 1 1 1 1 100 1 1 1 1 1 1 1 1 1 1 1 1 1 1 1 1 1 1 1 1 100 1 1 1 1 1 1 1 1 1 1 1 1 100 1 100 1 1 1 1 1 100 1 1 1 1 1 1 1 1 1 1 1 1 1 1 1 1 1 1 1 1 1 1 1 1 1 1 1 1 1 1 1 1 1 1 1 1 1 1 1 1 1 1 1 1 1 1 1 1 1 1 1 1 1 1 1 1 1 1 1 1 1 1 1 1 1 1 1 1 1 1 1 1 1 1 1 1 1 100 1 1 1 1 1 1 1 1 1 1 1 100 1 1
staticfield java/util/Properties UNSAFE Ljdk/internal/misc/Unsafe; jdk/internal/misc/Unsafe
instanceKlass java/util/Hashtable
ciInstanceKlass java/util/Dictionary 1 1 36 10 7 12 1 1 1 100 1 1 1 1 1 1 1 1 1 1 1 1 1 1 1 1 1 1 1 1 1 1 1 1 1 1 1 1
instanceKlass org/apache/commons/logging/impl/WeakHashtable
instanceKlass java/util/Properties
ciInstanceKlass java/util/Hashtable 1 1 516 100 1 10 7 12 1 1 1 9 7 12 1 1 1 100 1 100 1 10 8 1 10 12 1 1 10 12 1 10 12 1 1 10 12 1 10 7 12 1 1 1 8 1 10 12 1 9 12 1 1 7 1 9 12 1 1 4 10 7 12 1 1 1 9 12 1 4 10 12 1 11 100 12 1 1 1 10 12 1 1 10 12 1 1 9 12 1 10 12 1 1 100 1 10 9 12 1 1 10 7 12 1 1 1 9 12 1 1 10 12 1 10 12 1 3 9 12 1 9 12 1 3 10 12 1 10 12 1 10 12 1 1 11 12 1 1 11 100 12 1 1 1 11 100 12 1 1 1 11 12 1 100 1 11 12 1 11 12 1 10 12 1 1 10 12 1 1 10 12 1 9 12 1 1 9 12 9 12 1 1 10 100 1 100 1 10 12 1 10 8 1 10 10 12 1 8 1 10 8 1 10 7 12 1 1 1 7 1 10 12 1 10 12 1 7 1 10 12 1 10 12 1 1 100 1 10 100 1 10 10 12 1 1 11 12 1 1 11 12 1 100 1 10 10 10 100 12 1 1 11 100 12 1 1 1 100 1 10 11 100 12 1 1 11 100 12 1 10 12 1 10 12 1 1 10 100 12 1 1 10 12 1 1 10 12 1 1 10 12 1 1 10 100 12 1 1 1 8 10 100 12 1 1 100 1 8 1 10 4 4 10 12 1 1 10 12 1 8 1 4 10 12 10 100 12 1 1 1 100 1 11 100 12 1 1 1 10 100 12 1 1 1 10 12 1 10 12 1 1 10 100 1 100 1 1 1 1 1 1 5 0 1 1 1 1 1 3 1 3 1 3 1 1 1 1 1 1 1 1 1 1 1 1 1 1 1 1 1 1 1 1 1 1 1 1 1 100 1 1 1 1 1 1 1 1 1 1 1 1 1 1 1 1 1 1 1 1 1 1 1 1 1 1 1 1 1 100 1 1 1 1 1 1 1 1 1 1 1 1 1 1 100 1 1 1 1 1 1 1 1 1 1 1 1 1 1 1 1 1 1 1 1 1 1 1 1 1 1 1 1 1 1 1 1 1 1 1 1 1 1 1 1 1 1 1 1 100 1 1 1 100 1 1 1 1 1 100 1 1 1 1 1 1 1 1 1 1 1 1 1 1 1 1 1 1
ciInstanceKlass java/util/Map 1 1 263 11 7 12 1 1 1 11 12 1 1 10 7 12 1 1 11 12 1 1 11 100 12 1 1 1 11 100 12 1 1 1 11 12 1 1 7 1 11 12 1 11 12 1 100 1 100 1 10 12 1 1 11 100 12 1 1 1 11 100 12 1 1 1 11 12 1 11 12 1 10 12 1 1 11 12 1 11 7 12 1 9 7 12 1 1 1 100 1 10 12 7 1 7 1 10 12 1 7 1 10 7 1 11 12 1 11 12 1 1 11 12 1 1 100 1 11 12 1 1 1 1 1 1 1 1 1 1 1 1 1 1 1 1 1 1 1 1 1 1 1 1 1 1 1 1 1 1 1 1 1 1 1 1 1 1 1 1 1 1 1 1 1 1 1 1 1 1 1 1 1 1 1 1 1 1 1 1 1 1 1 1 1 1 1 1 1 1 1 1 1 1 1 1 1 1 1 1 1 1 1 1 1 1 1 1 1 1 1 1 1 1 1 1 1 1 1 1 1 1 1 1 1 1 1 1 1 1 1 1 1 1 1 1 1 1 1 1 1 1 1 1 1 1 100 1 1 1 1 1 1 1 1 1 1 1 1 1 1 1 1 1 1
ciInstanceKlass java/lang/String 1 1 1471 10 7 12 1 1 1 8 1 9 7 12 1 1 1 9 12 1 1 9 12 1 1 9 12 1 1 10 12 1 10 12 1 1 10 12 1 1 9 12 1 10 7 12 1 1 1 10 12 1 1 10 12 1 10 7 12 1 1 1 10 12 1 1 10 12 1 1 10 12 1 10 12 1 1 10 12 1 10 7 12 1 1 1 7 1 9 7 12 1 1 1 10 7 12 1 1 1 10 12 1 1 10 12 1 1 10 7 12 1 1 1 10 12 1 1 9 7 12 1 1 10 12 9 7 12 1 1 10 12 1 1 3 10 12 1 1 7 1 11 12 1 1 11 12 1 11 12 1 1 10 100 12 1 1 1 10 12 1 1 9 100 12 1 1 1 10 12 1 1 10 12 1 11 12 1 1 10 12 1 10 12 10 12 1 1 7 1 100 1 10 12 1 10 12 1 10 7 12 1 1 1 10 12 1 1 100 1 10 12 1 1 100 1 10 12 1 1 10 12 1 1 10 12 1 10 10 12 1 100 1 100 1 7 1 10 12 1 10 12 1 1 10 12 1 1 10 12 1 10 12 1 1 10 12 1 1 10 100 12 1 1 100 1 11 10 7 12 1 1 11 12 1 11 12 1 10 12 1 10 12 1 10 12 10 12 1 1 10 10 100 12 1 1 1 10 100 12 1 1 10 12 1 1 10 100 12 1 1 10 12 1 10 12 1 1 10 12 1 1 10 12 1 10 12 1 10 12 1 1 100 1 10 12 1 1 10 12 10 12 1 10 12 1 1 10 12 1 1 10 100 12 1 1 1 10 12 1 10 12 1 1 10 12 1 10 12 1 3 3 10 12 1 1 10 12 1 10 12 1 1 10 12 1 1 10 12 1 1 10 12 1 10 12 1 1 10 12 1 1 10 12 1 10 12 1 10 12 1 10 12 1 1 10 12 1 10 12 1 10 12 1 10 12 1 10 12 1 10 12 1 10 100 1 10 8 1 10 12 1 1 10 12 1 8 1 10 12 1 1 10 12 10 12 1 8 1 10 10 12 1 1 10 12 1 1 100 1 5 0 100 1 8 1 10 10 12 1 1 5 0 5 0 5 0 10 12 1 1 10 100 1 10 10 12 1 10 12 1 10 12 1 10 10 12 1 10 12 1 10 12 1 10 12 1 10 12 1 10 12 1 10 12 1 1 10 12 1 1 10 12 1 1 10 10 12 1 1 10 10 12 1 100 1 10 9 100 12 1 1 1 11 100 12 1 1 1 10 12 1 1 10 12 1 1 10 7 1 10 12 1 10 12 1 10 7 12 1 1 1 10 12 1 10 12 1 1 10 12 1 11 7 1 11 12 10 12 1 10 12 1 1 10 12 1 1 10 10 12 1 10 12 1 9 12 1 1 11 7 12 1 1 1 10 12 10 10 12 1 10 12 1 1 10 10 12 1 10 12 1 10 12 1 1 10 12 1 1 10 10 12 1 1 10 10 7 12 1 1 1 10 12 1 10 12 1 10 12 10 10 12 10 10 12 1 10 12 1 10 10 12 10 12 1 1 10 12 10 10 12 10 12 1 10 12 10 12 10 10 12 1 10 12 1 1 10 12 1 1 10 10 12 1 10 7 12 1 1 1 10 12 1 1 10 10 7 12 1 1 1 11 10 12 1 10 12 1 1 10 12 1 1 10 7 12 1 1 1 10 12 1 10 12 1 10 12 1 10 12 1 10 12 1 10 12 1 100 1 10 10 12 1 10 12 1 1 8 1 10 12 1 3 3 10 12 1 10 12 1 1 10 12 7 1 10 10 12 1 1 10 12 10 12 1 10 12 1 10 12 1 1 10 12 1 1 11 7 12 1 1 1 7 1 10 12 1 10 12 1 1 8 1 10 12 1 1 10 12 1 11 100 12 1 1 1 11 100 12 1 1 11 12 1 10 12 1 10 12 1 1 10 10 7 12 1 1 1 10 12 1 10 12 1 10 10 12 10 12 1 1 10 10 12 1 10 10 12 1 10 10 12 1 10 10 12 1 10 12 1 1 10 10 12 1 8 1 10 12 1 1 18 12 1 1 11 100 12 1 1 1 3 18 12 1 18 12 1 8 1 10 100 12 1 1 1 11 12 1 1 10 12 10 10 12 1 10 11 12 1 1 10 12 1 1 11 12 1 18 3 11 10 11 11 10 12 1 10 12 1 1 8 1 10 12 1 10 12 1 10 12 1 1 10 10 12 1 11 100 12 1 7 1 100 1 10 12 100 1 10 10 7 12 1 1 1 100 1 10 7 1 10 10 12 1 10 10 12 1 8 1 10 10 12 1 8 1 8 1 10 12 1 10 12 1 10 10 12 10 100 12 1 1 10 100 12 1 1 10 100 12 1 1 8 1 10 12 1 10 12 1 10 9 12 1 10 12 9 7 12 1 1 1 10 12 1 10 12 1 10 12 1 10 12 10 12 1 10 12 1 8 1 10 100 12 1 1 1 10 12 10 12 1 1 10 12 10 12 10 12 7 1 9 12 1 1 7 1 10 100 1 100 1 100 1 100 1 1 1 1 1 1 5 0 1 1 1 1 1 3 1 3 1 1 1 1 1 1 1 1 1 1 1 1 1 1 1 100 1 1 1 1 1 1 1 1 1 1 1 1 1 1 1 1 1 1 1 1 1 1 1 1 1 1 1 1 1 1 1 100 1 1 1 1 1 1 1 1 1 1 1 1 100 1 1 1 1 1 1 1 1 1 1 1 1 1 1 1 1 1 1 1 1 1 1 1 1 1 1 1 1 1 1 1 1 1 1 1 1 1 1 1 1 1 1 1 1 1 1 1 1 1 1 1 1 1 1 1 1 1 1 1 1 1 1 1 1 1 1 1 1 1 1 1 1 1 1 1 1 1 1 1 1 1 1 1 1 1 1 1 1 1 1 1 1 1 1 1 1 1 1 1 1 1 1 1 1 1 1 1 1 1 1 1 1 1 1 1 1 1 1 1 1 1 1 1 1 1 1 1 1 1 1 1 1 1 1 1 1 1 1 1 1 1 1 1 1 1 1 1 1 1 1 1 1 1 1 1 1 1 1 1 1 1 1 1 1 1 1 1 1 1 1 1 1 1 1 1 1 1 1 1 100 1 1 1 1 1 1 1 1 1 1 1 1 1 1 1 1 1 1 1 1 1 1 1 100 1 1 1 1 1 1 1 1 1 1 1 1 1 1 1 7 1 1 1 1 1 1 1 1 1 1 1 1 1 1 1 16 15 10 12 16 15 10 12 15 10 12 15 10 12 15 10 100 12 1 1 1 1 100 1 1 1 1 1 100 1 100 1 1 1
staticfield java/lang/String COMPACT_STRINGS Z 1
staticfield java/lang/String serialPersistentFields [Ljava/io/ObjectStreamField; 0 [Ljava/io/ObjectStreamField;
staticfield java/lang/String CASE_INSENSITIVE_ORDER Ljava/util/Comparator; java/lang/String$CaseInsensitiveComparator
ciInstanceKlass java/lang/Comparable 1 0 12 100 1 100 1 1 1 1 1 1 1 1
ciInstanceKlass java/lang/CharSequence 1 1 145 11 7 12 1 1 1 18 12 1 1 100 1 10 100 12 1 1 1 18 10 100 12 1 1 1 11 12 1 1 11 100 1 11 12 1 1 10 100 12 1 1 1 11 12 1 1 10 12 1 1 10 12 1 100 1 10 12 1 1 10 100 12 1 1 1 100 1 10 10 12 1 1 100 1 1 1 1 1 1 1 1 1 1 1 1 1 1 1 1 1 1 1 1 1 1 1 1 1 1 1 1 1 1 1 1 1 1 1 1 1 1 1 1 16 1 15 11 12 16 15 11 12 15 10 100 12 1 1 1 1 1 100 1 100 1 1 100 1 1 100 1 100 1 1
ciMethod java/lang/String charAt (I)C 530 0 203469 0 -1
ciInstanceKlass java/lang/constant/Constable 1 0 11 100 1 100 1 1 1 1 1 1 1
ciInstanceKlass java/lang/constant/ConstantDesc 1 0 37 100 1 100 1 1 1 1 100 1 1 1 1 100 1 100 1 100 1 100 1 100 1 100 1 100 1 100 1 100 1 1 100 1 100 1 1
ciInstanceKlass java/lang/AutoCloseable 1 0 12 100 1 100 1 1 1 1 100 1 1 1
ciInstanceKlass java/io/Closeable 1 0 14 100 1 100 1 100 1 1 1 1 100 1 1 1
ciInstanceKlass java/lang/Appendable 1 0 14 100 1 100 1 1 1 1 100 1 1 1 1 1
ciInstanceKlass java/util/Iterator 1 1 53 100 1 8 1 10 12 1 1 10 7 12 1 1 1 11 7 12 1 1 1 11 12 1 1 11 7 12 1 1 1 100 1 1 1 1 1 1 1 1 1 1 1 1 1 1 1 1 1 1 1 1 1
instanceKlass sun/nio/ch/NioSocketImpl$1
instanceKlass java/net/Socket$SocketInputStream
instanceKlass sun/nio/ch/ChannelInputStream
instanceKlass java/util/zip/ZipFile$ZipFileInputStream
instanceKlass java/io/FilterInputStream
instanceKlass java/io/FileInputStream
instanceKlass java/io/ByteArrayInputStream
ciInstanceKlass java/io/InputStream 1 1 197 100 1 10 7 12 1 1 1 100 1 10 10 7 12 1 1 1 10 7 12 1 1 1 10 12 1 100 1 100 1 3 10 12 1 1 100 1 8 1 10 12 1 10 7 12 1 1 1 3 100 1 8 1 10 10 7 12 1 1 1 7 1 10 11 7 12 1 1 1 10 12 1 1 11 12 1 1 11 7 12 1 1 1 11 12 1 1 7 1 10 7 12 1 1 1 5 0 10 12 1 10 12 1 1 100 1 10 8 1 10 8 1 8 1 10 12 1 1 10 100 12 1 1 1 100 1 5 0 10 12 1 100 1 100 1 1 1 1 3 1 3 1 1 1 1 1 1 1 1 1 1 1 1 1 1 1 1 1 1 1 1 1 1 1 1 1 1 1 1 1 1 1 1 1 1 1 1 1 1 1 1 1 1 1 1 1 1 1 1 1 1 1 1 1 1 1
instanceKlass org/springframework/core/DecoratingClassLoader
instanceKlass java/security/SecureClassLoader
ciInstanceKlass java/lang/ClassLoader 1 1 1076 9 7 12 1 1 1 10 7 12 1 1 1 9 12 1 1 10 7 12 1 1 1 7 1 10 12 1 1 10 12 1 1 9 12 1 1 10 12 1 1 100 1 10 12 1 10 12 1 1 10 7 12 1 1 1 100 1 8 1 10 12 1 10 7 1 10 7 1 7 1 7 1 10 12 1 10 12 1 9 12 1 1 10 10 7 12 1 1 1 9 12 1 1 9 12 1 9 12 1 1 9 12 1 9 12 1 1 9 12 1 1 7 1 10 12 1 9 12 1 1 10 12 1 1 10 7 12 1 1 1 9 12 1 9 12 1 1 9 12 1 10 12 1 1 9 12 10 12 1 1 7 1 10 8 1 10 12 1 1 10 12 1 10 7 1 7 1 10 7 12 1 1 1 10 7 12 1 1 1 8 1 10 12 1 10 12 1 10 12 1 1 10 12 1 1 10 12 1 1 10 12 1 1 10 12 1 1 10 12 1 100 1 10 12 1 10 100 12 1 1 1 10 12 1 1 10 12 1 10 12 1 10 12 1 10 12 1 10 12 1 1 10 10 12 1 10 12 1 10 10 12 1 1 10 12 1 1 100 1 8 1 10 8 1 10 12 1 10 12 1 100 1 8 1 10 12 1 1 10 12 1 1 10 10 12 1 1 10 12 1 1 10 12 1 1 10 7 1 10 12 1 10 12 1 1 10 12 1 1 10 12 1 1 10 12 1 1 10 12 1 1 10 12 1 1 10 12 1 1 10 7 12 1 1 1 10 12 1 10 12 1 10 12 1 1 10 12 1 10 12 1 10 12 1 10 12 1 1 10 12 1 10 12 1 1 8 1 9 12 1 10 12 1 1 8 1 8 1 10 7 12 1 1 100 1 10 10 12 10 12 1 10 12 1 10 12 1 10 12 1 1 10 7 12 1 1 10 12 1 10 7 1 7 1 10 12 1 1 10 12 1 10 7 1 10 12 1 100 1 18 12 1 10 100 12 1 1 1 10 100 12 1 1 1 10 7 12 1 1 10 12 1 10 12 1 100 1 10 12 1 8 1 10 10 12 1 1 10 12 1 10 12 1 1 100 1 10 12 1 1 10 100 12 1 1 10 12 1 10 7 12 1 1 10 12 1 8 1 100 1 10 10 12 1 9 12 1 10 7 12 1 1 10 12 1 100 1 8 1 10 12 1 10 8 1 8 1 10 12 1 1 10 12 1 1 10 12 1 1 10 100 12 1 1 100 1 100 1 10 12 1 1 100 1 100 1 10 100 12 1 1 10 12 1 10 12 1 10 12 1 10 12 1 10 12 1 1 10 12 1 8 1 7 1 18 12 1 1 10 12 1 1 10 12 1 10 12 1 10 12 1 8 1 10 12 1 10 12 1 18 12 1 11 100 12 1 1 1 100 1 10 12 1 1 10 12 1 10 11 12 1 1 10 18 10 12 1 1 11 100 12 1 18 12 1 11 12 1 1 10 12 1 10 12 1 1 10 12 1 1 100 1 8 1 10 10 12 1 8 1 8 1 10 100 12 1 1 10 12 1 100 1 10 10 12 1 8 1 8 1 8 1 10 12 1 10 12 1 10 12 1 1 10 12 1 1 10 12 1 10 100 12 1 1 1 11 100 12 1 1 100 1 10 11 10 12 1 10 12 1 10 12 1 1 9 100 12 1 1 9 12 1 1 9 12 9 12 1 9 12 1 9 12 1 8 10 12 1 1 10 7 12 1 1 1 10 12 1 1 10 12 1 1 10 12 1 1 8 1 10 12 1 1 8 10 12 1 1 8 8 10 12 1 10 12 1 10 12 1 11 12 1 1 10 100 12 1 1 1 100 1 10 12 1 10 12 1 10 12 1 1 1 1 1 1 1 1 1 1 1 1 1 1 1 1 1 1 1 1 1 1 1 1 1 1 100 1 1 1 1 1 1 1 1 1 1 1 1 1 1 1 1 1 1 1 1 1 1 1 1 1 100 1 1 1 1 1 1 1 1 1 1 1 1 1 1 1 1 1 1 1 1 1 1 1 1 1 1 1 1 1 1 1 1 1 1 1 1 1 1 1 1 1 1 1 100 1 1 1 1 1 1 1 1 1 1 1 1 1 1 1 1 1 1 1 1 1 100 1 1 1 1 1 1 1 1 1 1 1 1 1 1 1 1 1 1 1 1 1 1 1 1 1 1 1 1 1 1 1 1 1 1 1 1 1 1 1 1 1 1 1 1 100 1 1 1 1 1 1 1 1 1 1 1 1 1 1 1 1 1 1 1 1 1 1 1 1 1 1 1 1 1 1 1 1 1 1 1 1 1 1 1 1 1 1 1 1 1 1 1 1 1 1 1 16 1 15 10 12 16 1 16 15 10 12 16 1 16 1 15 10 12 16 15 10 12 16 15 10 12 16 15 10 100 12 1 1 1 1 1 100 1 100 1 1
staticfield java/lang/ClassLoader nocerts [Ljava/security/cert/Certificate; 0 [Ljava/security/cert/Certificate;
staticfield java/lang/ClassLoader $assertionsDisabled Z 1
instanceKlass org/springframework/context/support/AbstractApplicationContext$1
instanceKlass java/util/logging/LogManager$Cleaner
instanceKlass com/intellij/rt/execution/application/AppMainV2$1
instanceKlass jdk/internal/misc/InnocuousThread
instanceKlass java/lang/ref/Finalizer$FinalizerThread
instanceKlass java/lang/ref/Reference$ReferenceHandler
instanceKlass java/lang/BaseVirtualThread
ciInstanceKlass java/lang/Thread 1 1 761 9 7 12 1 1 1 9 7 12 1 1 1 9 12 1 9 12 1 10 12 1 1 9 12 1 1 10 100 12 1 1 10 12 1 10 100 12 1 1 100 1 8 1 10 12 1 1 9 12 1 1 9 12 1 9 12 1 1 7 1 10 12 1 1 10 12 1 100 1 10 12 10 12 1 1 9 12 1 1 10 12 1 100 1 10 12 1 10 12 1 1 10 12 1 1 10 12 1 10 12 1 1 100 1 8 1 10 9 100 12 1 1 1 10 12 1 1 10 3 8 1 100 1 5 0 10 7 12 1 1 1 9 12 1 10 12 1 1 10 7 1 100 1 8 1 10 10 12 1 10 12 1 1 10 12 1 1 10 7 12 1 1 10 12 1 10 12 1 10 7 12 1 1 5 0 9 12 1 10 7 12 1 1 1 10 12 1 1 9 12 1 1 10 100 12 1 1 10 100 12 1 1 1 10 12 1 10 12 1 1 9 12 1 1 10 7 12 1 1 9 12 1 8 1 9 100 12 1 1 1 5 0 100 1 10 100 1 10 100 1 10 7 1 10 8 1 10 12 1 1 10 7 12 1 10 12 1 10 12 1 100 1 8 1 10 10 12 1 10 12 1 1 10 100 12 1 1 1 10 100 12 1 1 1 10 12 1 7 1 9 12 1 1 100 1 10 10 12 1 9 12 1 1 10 12 1 1 10 12 1 1 10 12 1 10 12 1 9 12 1 1 10 10 12 1 1 10 12 1 1 11 7 12 1 1 10 7 12 1 1 9 12 1 1 9 12 1 1 10 100 12 1 1 10 12 1 1 10 12 1 10 7 12 1 1 10 12 1 100 1 10 9 12 1 1 10 12 1 11 100 12 1 1 11 12 1 10 12 1 10 12 1 10 12 1 9 12 1 10 10 12 1 10 12 1 1 9 12 1 9 12 10 12 1 8 1 10 12 1 10 12 1 10 12 1 10 12 1 10 12 1 1 10 12 1 10 12 1 1 10 100 12 1 1 10 12 1 10 12 1 10 12 1 10 12 1 1 9 7 12 1 1 1 8 1 10 9 12 1 10 12 1 7 1 8 1 10 10 12 1 8 1 10 12 1 1 9 12 8 1 10 10 12 1 10 12 1 8 1 10 12 1 10 8 1 9 12 1 1 10 12 1 1 10 10 12 1 10 12 1 100 10 7 12 1 1 1 10 12 1 1 10 12 1 1 10 100 12 1 1 1 11 100 12 1 1 1 10 12 1 1 9 12 1 10 12 1 10 12 1 1 11 100 12 1 1 1 10 12 1 1 1 1 3 1 3 1 3 1 3 1 1 1 1 1 1 1 1 1 1 1 1 1 1 1 1 1 1 1 1 1 1 1 1 1 1 1 100 1 1 1 1 1 1 1 1 1 1 1 1 1 1 1 1 1 1 100 1 1 1 1 1 1 1 1 1 1 1 1 1 1 1 100 1 1 1 1 1 1 1 1 1 1 1 1 1 1 1 1 1 1 1 1 1 1 1 1 1 1 1 1 1 1 1 1 1 1 1 1 1 1 1 1 1 1 1 1 1 1 1 1 1 1 1 1 1 1 1 1 1 1 1 1 1 1 1 1 1 1 1 1 1 1 100 100 1 1 1 1 1 1 1 1 1 1 1 1 1 1 1 1 1 1 1 1 1 1 1 100 1 100 1 100 1 1 1 1 100 1 1 1 1 1 1 1 1 1 1 1 1
staticfield java/lang/Thread NEW_THREAD_BINDINGS Ljava/lang/Object; java/lang/Class
staticfield java/lang/Thread EMPTY_STACK_TRACE [Ljava/lang/StackTraceElement; 0 [Ljava/lang/StackTraceElement;
ciInstanceKlass java/lang/Runnable 1 0 11 100 1 100 1 1 1 1 1 1 1
ciMethod java/lang/System arraycopy (Ljava/lang/Object;ILjava/lang/Object;II)V 256 0 128 0 -1
ciInstanceKlass java/lang/Class 1 1 1652 10 7 12 1 1 1 10 7 12 1 1 9 12 1 1 9 12 1 1 9 12 1 1 9 12 1 1 9 12 1 1 10 12 1 1 8 1 10 12 1 8 1 8 1 10 12 1 1 10 7 12 1 1 1 10 12 1 7 1 10 10 12 1 10 12 1 1 10 12 1 1 10 12 1 1 10 7 12 1 1 10 12 1 10 12 1 10 12 1 1 10 12 1 8 1 10 12 1 8 1 10 12 1 8 1 8 1 10 12 1 1 10 7 12 1 1 1 18 12 1 1 11 7 12 1 1 1 8 1 8 1 8 1 10 7 12 1 1 1 11 12 1 1 8 1 10 12 1 10 10 12 1 1 10 12 1 8 1 10 12 1 1 8 1 10 12 1 10 12 1 1 11 7 12 1 1 1 11 100 12 1 1 1 11 8 1 18 8 1 10 12 1 10 7 12 1 1 10 12 1 1 10 7 12 1 1 1 10 12 1 1 10 12 1 1 10 7 12 1 1 1 10 7 12 1 10 12 1 1 10 7 1 10 12 1 8 1 10 8 1 8 1 8 1 8 1 8 1 8 1 8 1 8 1 9 100 12 1 1 9 100 1 9 100 1 9 100 1 9 100 1 9 100 1 9 100 1 9 100 1 9 100 1 9 12 1 1 100 1 8 1 10 12 1 10 12 1 1 100 1 10 12 1 1 10 7 12 1 1 1 10 7 12 1 1 1 7 1 100 1 10 10 12 1 1 10 12 1 1 100 1 10 100 12 1 1 1 10 12 1 1 10 12 1 1 10 12 9 12 1 1 10 12 1 9 12 1 1 9 12 1 1 10 12 1 1 10 7 1 10 12 1 10 12 1 1 10 9 12 1 10 12 1 8 1 10 12 1 1 10 12 1 1 10 12 1 10 12 1 10 12 1 1 9 7 12 1 1 1 10 12 1 10 7 12 1 1 10 12 1 10 12 1 10 12 1 10 12 1 9 100 12 1 1 1 9 12 1 10 12 1 10 12 1 1 9 12 1 1 10 7 10 12 1 1 10 100 12 1 1 10 12 1 10 12 1 1 10 100 12 1 1 1 10 12 1 10 12 1 1 10 12 1 10 12 1 10 12 1 1 10 7 1 10 10 12 1 1 10 12 1 1 10 12 10 10 12 1 1 100 1 8 1 10 10 12 1 1 10 12 1 100 1 11 12 1 10 12 1 10 12 1 10 100 12 1 1 10 10 12 1 1 8 1 10 12 1 8 1 9 12 1 10 12 1 10 12 1 10 12 1 10 12 100 1 9 12 1 10 12 1 9 12 1 10 12 1 10 12 1 10 12 1 10 10 12 1 10 12 1 10 12 1 10 12 1 10 12 1 10 12 1 7 1 10 10 12 1 10 12 1 11 100 12 1 1 11 12 1 1 10 12 1 1 10 12 1 1 10 12 1 1 10 12 1 1 10 12 1 1 10 12 1 1 7 1 10 10 12 1 1 10 12 1 1 10 12 1 1 10 10 12 1 10 12 1 1 10 12 1 1 10 12 1 1 10 12 1 1 10 12 10 12 1 1 10 7 12 1 1 1 10 12 1 10 12 1 1 10 12 1 10 100 12 1 1 1 10 12 1 1 10 10 12 1 1 100 1 10 10 12 1 1 10 100 12 1 1 1 100 1 100 1 10 12 1 1 10 12 1 10 10 12 1 1 10 12 1 10 12 1 10 12 1 10 100 12 1 1 1 11 7 12 1 1 10 12 1 10 12 1 9 100 12 1 1 8 1 10 12 1 10 12 1 10 12 1 10 12 1 1 9 12 1 9 12 1 1 10 7 12 1 1 9 12 1 10 12 1 1 10 10 12 1 10 7 12 1 1 1 10 7 12 1 1 10 7 12 1 1 9 12 1 1 10 12 1 9 12 1 10 12 1 10 12 1 1 9 12 1 1 9 12 1 10 12 1 10 12 1 1 9 12 1 100 1 10 10 12 1 1 7 1 10 100 11 100 1 9 12 1 1 9 12 1 10 12 1 9 12 1 1 9 12 1 10 12 1 10 12 1 1 9 12 1 7 1 10 10 12 1 1 10 10 12 1 10 12 10 10 12 1 9 12 1 10 12 1 1 10 12 1 8 10 7 8 1 18 8 1 8 1 10 12 1 9 12 1 9 12 1 1 10 12 1 7 1 7 1 10 12 1 9 12 1 1 10 10 12 1 9 12 1 8 1 10 12 1 10 10 12 1 1 100 1 100 1 9 12 1 100 1 8 1 10 10 7 12 1 1 1 10 12 11 7 12 1 1 1 10 12 1 10 12 1 1 10 8 1 10 12 1 8 1 10 12 1 1 9 7 12 1 1 11 12 100 1 11 7 12 1 1 9 12 1 10 100 12 1 1 1 10 7 12 1 1 10 12 1 1 9 12 1 9 10 12 1 1 10 12 1 1 10 12 1 1 10 12 1 1 10 12 1 1 11 12 1 11 12 1 1 11 7 12 1 1 11 12 1 100 1 11 12 1 10 100 12 1 1 1 10 12 1 11 12 1 10 100 12 1 1 1 10 12 1 10 100 12 1 1 1 11 12 1 11 12 1 1 10 12 1 10 12 1 1 9 12 1 1 10 12 1 10 100 12 1 1 1 10 12 1 1 10 12 1 10 12 1 10 12 1 10 7 12 1 1 1 10 12 1 8 1 10 12 1 10 12 1 10 12 1 8 1 8 1 10 7 12 1 1 10 7 12 1 1 100 1 10 12 10 7 12 1 1 1 10 7 12 1 1 1 10 12 1 1 10 12 1 18 12 1 1 11 12 1 1 18 11 12 1 18 12 1 11 12 1 10 12 1 10 12 1 10 12 1 10 12 10 12 1 8 1 10 12 1 7 1 9 12 1 1 100 1 100 1 100 1 100 1 1 1 3 1 3 1 3 1 1 1 1 1 1 1 1 1 5 0 1 1 1 1 1 1 1 1 1 1 1 1 1 1 1 1 1 1 1 1 1 1 1 1 1 1 1 100 1 1 1 1 1 1 1 1 1 1 1 100 1 1 1 1 1 100 1 1 1 1 1 1 1 1 1 1 1 1 1 1 1 1 1 1 1 1 1 1 1 1 1 1 1 1 1 1 1 1 1 1 100 1 1 1 1 1 1 1 1 1 1 1 1 1 1 1 1 1 1 1 1 1 1 1 1 1 1 1 1 1 1 1 100 1 1 1 1 1 1 1 1 1 1 1 1 1 1 1 1 1 1 1 1 1 1 1 1 1 1 1 1 1 1 1 1 1 1 1 1 1 1 1 1 1 1 1 1 1 1 1 1 1 1 1 1 1 1 1 1 1 1 1 1 1 100 1 100 1 1 1 1 1 1 1 1 1 1 1 1 1 1 1 1 1 1 1 1 1 1 1 1 1 1 1 1 1 1 1 1 1 1 1 1 1 1 1 1 1 1 1 1 1 1 1 1 1 1 1 1 1 1 1 1 1 1 1 1 1 1 1 1 1 1 1 1 1 1 1 1 1 1 1 1 1 1 1 1 1 1 1 1 1 1 1 1 1 1 1 1 1 1 1 1 1 1 1 1 1 1 1 1 1 1 1 1 1 1 1 1 1 1 1 1 1 1 1 1 16 15 10 12 16 15 11 12 16 1 15 10 12 16 16 15 10 12 16 15 16 1 15 10 12 16 15 10 7 12 1 1 1 1 1 100 1 1 1 1 1 1 1 1 100 1 1 100 1 100 1 1 100 1 100 1 1
staticfield java/lang/Class EMPTY_CLASS_ARRAY [Ljava/lang/Class; 0 [Ljava/lang/Class;
staticfield java/lang/Class serialPersistentFields [Ljava/io/ObjectStreamField; 0 [Ljava/io/ObjectStreamField;
ciInstanceKlass java/lang/reflect/AnnotatedElement 1 1 165 11 7 12 1 1 1 11 12 1 1 100 1 10 100 12 1 1 1 10 12 1 1 10 12 1 1 10 12 1 10 100 12 1 1 1 11 12 1 1 11 100 12 1 1 10 100 12 1 1 1 10 12 1 10 100 12 1 1 1 18 12 1 1 11 100 12 1 1 18 12 1 18 12 1 1 10 100 12 1 1 1 11 100 12 1 1 1 100 1 10 100 12 1 1 1 1 1 1 1 1 1 1 1 1 1 1 1 1 1 1 1 1 1 1 1 1 1 1 100 1 1 1 1 1 1 1 1 1 1 1 16 15 16 1 16 1 15 11 12 16 16 1 15 10 100 12 1 1 1 16 1 15 10 100 12 1 1 1 1 100 1 100 1 1
ciInstanceKlass java/lang/reflect/Type 1 1 17 11 100 12 1 1 1 100 1 1 1 1 1 1 1 1 1
ciInstanceKlass java/lang/invoke/TypeDescriptor 1 0 17 100 1 100 1 1 1 1 1 1 100 1 100 1 1 1 1
ciInstanceKlass java/lang/invoke/TypeDescriptor$OfField 1 0 21 100 1 100 1 100 1 1 1 1 1 1 1 1 1 1 1 1 1 1 1
ciInstanceKlass java/lang/reflect/GenericDeclaration 1 0 30 100 1 100 1 100 1 1 1 1 1 1 1 1 100 1 8 1 1 12 10 1 1 1 8 1 1 1 8 1
ciMethod java/lang/Class isInstance (Ljava/lang/Object;)Z 256 0 128 0 -1
ciMethod java/lang/Class cast (Ljava/lang/Object;)Ljava/lang/Object; 314 0 7621 0 -1
ciMethod java/lang/Class getComponentType ()Ljava/lang/Class; 256 0 128 0 -1
ciInstanceKlass java/lang/Module 1 1 1076 10 7 12 1 1 1 9 7 12 1 1 1 10 7 12 1 1 1 9 12 1 9 12 1 1 9 12 1 1 10 12 1 1 10 12 1 10 12 1 1 10 7 12 1 1 1 7 1 10 7 12 1 1 1 10 12 1 1 11 7 12 1 1 1 10 12 1 1 10 12 1 8 1 10 7 12 1 1 1 10 7 12 1 1 1 10 7 12 1 1 1 10 12 1 1 10 12 1 9 12 1 1 10 7 12 1 1 1 9 7 12 1 1 1 100 1 10 8 1 10 12 1 1 10 12 1 10 12 8 1 10 7 12 1 1 1 10 100 12 1 1 1 10 100 12 1 1 1 8 1 10 12 1 8 1 9 12 1 100 1 8 1 10 12 1 10 8 1 8 1 8 1 10 7 12 1 1 1 8 1 10 100 12 1 1 1 8 1 10 12 1 9 12 1 1 11 12 1 9 7 12 1 1 10 7 12 1 1 1 10 100 12 1 1 1 10 12 1 1 8 1 10 12 1 1 10 12 1 10 12 1 1 9 7 12 1 1 1 10 12 1 1 10 12 1 1 9 12 1 10 12 1 10 12 1 9 12 1 1 11 7 12 1 1 10 12 1 1 9 12 1 9 12 1 10 12 1 10 12 1 100 1 8 1 10 10 12 1 1 10 12 1 8 1 10 12 1 1 8 1 8 1 10 12 1 1 10 12 1 10 12 1 1 10 12 1 18 12 1 1 10 12 1 1 11 12 1 9 12 1 11 12 7 1 10 12 1 18 12 1 11 12 1 1 11 12 1 1 11 12 1 10 12 1 1 10 12 1 1 9 12 1 10 12 10 7 12 1 1 10 7 1 18 12 1 1 11 100 12 1 1 1 18 12 1 11 12 1 1 10 100 12 1 1 1 11 12 1 1 10 7 12 1 1 11 12 1 1 10 12 1 1 7 1 11 12 1 7 1 7 1 10 12 1 10 7 12 1 1 1 10 7 12 1 1 1 10 11 7 12 1 8 1 10 12 1 10 12 1 1 10 7 12 1 1 10 12 1 10 12 1 7 1 10 12 1 10 11 12 1 10 12 11 12 1 1 11 7 12 1 1 11 12 1 1 10 12 1 1 9 12 1 1 100 1 10 10 12 1 1 11 100 1 10 12 1 1 11 12 1 10 11 10 12 1 11 10 12 1 1 10 12 1 1 10 12 1 1 10 7 12 1 1 10 12 1 10 12 1 1 10 10 12 1 1 10 12 1 18 12 1 11 12 1 18 12 1 10 12 1 10 12 1 10 12 7 1 10 12 1 10 12 1 10 12 1 9 12 1 7 1 10 10 10 10 12 1 10 12 1 10 12 1 10 12 1 1 10 12 1 1 10 12 1 9 12 1 10 12 1 100 1 8 1 10 12 1 1 10 12 1 10 100 12 1 1 100 1 10 12 1 1 100 1 8 1 100 1 9 100 12 1 1 1 11 100 12 1 1 10 12 1 1 11 12 1 1 18 12 1 1 11 12 1 1 100 1 10 12 1 10 12 1 1 100 1 100 1 10 12 8 1 10 12 1 1 10 12 1 1 10 100 12 1 1 10 12 1 1 10 12 1 10 12 10 12 1 1 100 1 10 10 12 1 1 10 100 12 1 1 1 100 1 10 100 12 1 1 1 10 100 12 1 1 8 1 18 12 1 1 100 1 100 1 9 12 1 1 9 12 1 9 12 1 11 100 12 1 1 1 100 1 11 12 1 1 100 1 10 12 1 8 1 10 12 1 10 12 10 12 1 8 1 10 10 100 12 1 1 10 12 1 1 7 1 10 10 12 1 10 7 12 1 1 9 12 1 9 12 1 9 12 1 9 12 1 9 12 1 10 12 10 12 1 100 1 1 1 1 1 1 1 1 1 1 1 1 1 1 1 1 1 1 1 1 1 1 1 1 1 1 1 1 1 1 1 1 1 1 1 1 1 1 1 1 1 1 1 1 1 1 1 1 1 1 1 1 1 1 1 1 1 1 1 1 1 1 1 1 1 1 1 1 1 1 1 1 1 1 1 1 1 1 1 1 1 1 1 1 1 1 1 1 1 1 1 1 1 1 1 1 1 1 1 1 1 1 1 1 1 1 1 1 100 100 1 1 1 1 1 1 1 1 1 1 1 1 1 1 1 1 1 1 1 1 1 1 1 1 1 1 100 1 100 1 1 1 1 1 1 1 1 1 1 1 1 1 1 1 1 1 1 100 1 1 1 1 1 1 1 1 1 1 1 1 1 1 1 1 1 1 1 1 1 1 1 1 1 1 1 16 15 10 12 16 15 10 12 16 1 16 15 10 12 16 16 15 10 16 1 15 10 12 16 1 15 10 12 16 1 16 1 15 10 12 16 15 10 7 12 1 1 1 15 10 100 12 1 1 1 1 1 1 1 1 1 1 1 1 1 100 1 100 1 1
staticfield java/lang/Module ALL_UNNAMED_MODULE Ljava/lang/Module; java/lang/Module
staticfield java/lang/Module ALL_UNNAMED_MODULE_SET Ljava/util/Set; java/util/ImmutableCollections$Set12
staticfield java/lang/Module EVERYONE_MODULE Ljava/lang/Module; java/lang/Module
staticfield java/lang/Module EVERYONE_SET Ljava/util/Set; java/util/ImmutableCollections$Set12
staticfield java/lang/Module $assertionsDisabled Z 1
ciInstanceKlass java/lang/Math 1 1 480 7 1 7 1 10 100 12 1 1 1 10 7 12 1 1 1 10 12 1 10 12 1 10 12 1 10 12 1 10 12 1 6 0 6 0 10 12 1 10 12 1 10 12 1 10 12 1 10 12 1 10 12 1 1 10 12 1 10 12 1 10 12 1 10 12 1 10 12 1 10 7 12 1 1 1 100 1 3 3 3 10 12 1 1 100 1 5 0 5 0 5 0 5 0 5 0 9 100 12 1 1 1 10 100 12 1 1 1 100 1 8 1 10 12 1 8 1 10 12 1 1 10 12 1 1 100 1 5 0 5 0 100 1 3 5 0 3 5 0 10 12 1 10 12 1 10 12 1 10 12 1 10 12 1 8 1 10 12 1 8 1 10 12 1 1 10 12 1 1 9 12 1 1 9 12 1 100 1 100 1 10 10 12 1 1 8 1 10 12 1 10 12 1 1 10 10 12 1 10 12 1 10 12 1 10 12 1 1 8 1 8 1 10 12 1 1 10 12 1 10 12 10 12 10 12 1 10 12 1 10 12 1 10 12 1 10 12 6 0 10 12 1 9 12 1 1 100 1 10 10 12 1 100 1 10 12 1 10 12 1 1 10 12 1 10 12 1 10 12 10 12 1 1 10 12 1 1 10 12 1 1 10 12 6 0 10 12 1 1 10 12 10 12 1 4 10 12 1 10 12 1 10 12 10 12 1 10 12 1 10 12 1 10 12 1 10 12 1 10 12 1 5 0 6 0 4 6 0 4 6 0 4 10 12 1 6 0 6 0 10 12 1 10 12 8 1 10 12 1 10 12 1 8 1 8 1 10 12 10 12 10 7 12 1 1 1 4 6 0 1 1 1 6 0 1 6 0 1 6 0 1 1 1 1 1 1 1 1 1 1 1 1 1 1 1 1 1 1 1 1 1 1 1 1 1 1 1 1 1 1 1 1 1 1 1 1 1 1 1 1 1 1 1 1 1 1 1 1 1 1 1 1 1 1 1 1 1 1 1 1 1 1 1 1 1 1 1 1 1 1 1 1 1 1 1 1 1 1 1 1 1 1 1 1 1 1 1 1 1 1 1 1 1 1 1 1 1 1 1
staticfield java/lang/Math negativeZeroFloatBits J -2147483648
staticfield java/lang/Math negativeZeroDoubleBits J -9223372036854775808
staticfield java/lang/Math $assertionsDisabled Z 1
ciInstanceKlass java/util/Arrays 1 1 1020 10 7 12 1 1 1 10 100 12 1 1 1 10 7 12 1 1 1 10 12 1 10 12 1 10 12 1 10 12 1 10 12 1 10 12 1 10 100 12 1 1 1 100 1 100 1 10 8 1 10 12 1 1 10 12 1 8 1 8 1 10 12 1 1 10 12 1 100 1 10 12 1 9 100 12 1 1 1 10 7 12 1 1 100 1 10 12 1 1 10 7 12 1 1 10 7 12 1 1 1 100 1 10 12 1 10 12 1 1 7 1 9 7 12 1 1 1 10 12 1 1 10 7 12 1 1 10 12 1 10 12 1 1 10 12 1 10 12 1 1 7 1 11 12 1 1 10 12 1 10 7 12 1 1 1 10 12 10 12 1 10 12 1 10 12 10 12 1 11 100 12 1 1 1 10 7 12 1 1 1 100 1 10 12 1 10 100 1 10 12 1 10 100 1 10 12 1 10 100 1 10 12 1 10 10 12 1 1 10 12 1 10 12 1 10 12 1 10 12 1 10 12 1 10 100 12 1 1 1 10 12 1 10 100 12 1 1 1 10 12 1 10 12 1 10 7 12 1 1 1 10 12 1 10 12 1 10 12 1 10 12 1 10 12 1 10 12 1 10 12 1 10 12 1 10 12 1 10 12 1 10 12 1 10 12 1 10 12 1 10 12 1 10 12 1 10 12 1 1 10 12 1 1 10 7 12 1 1 1 10 7 1 10 100 1 10 7 1 10 100 1 10 100 1 10 100 1 10 100 1 10 100 1 10 12 1 8 1 7 1 10 12 10 100 12 1 1 1 10 12 10 12 1 10 12 1 10 12 1 10 100 12 1 1 10 12 10 12 1 10 12 1 10 12 10 12 1 1 10 12 1 1 9 100 12 1 1 1 10 12 1 9 100 1 10 12 1 9 10 12 1 9 100 1 10 12 1 9 100 1 10 12 1 9 10 12 1 9 10 12 1 10 12 1 10 12 1 9 12 1 100 1 10 10 12 1 1 10 12 1 10 12 1 10 12 1 10 12 1 10 12 1 10 12 1 10 12 1 10 12 1 10 12 1 8 1 8 1 10 12 1 10 12 1 8 1 10 12 1 10 12 1 10 12 1 10 100 12 1 1 1 3 10 100 1 10 10 12 1 1 11 100 12 1 1 10 12 1 1 10 12 1 10 12 1 10 12 1 10 12 1 10 12 1 10 12 1 10 12 1 10 12 1 11 12 1 8 1 10 11 12 1 11 100 12 1 1 1 11 100 12 1 1 1 11 12 1 1 18 12 1 1 11 12 1 1 11 100 12 1 1 1 18 12 1 11 100 12 1 1 1 18 12 1 11 100 12 1 1 1 18 12 1 100 1 10 7 12 1 1 1 10 12 1 10 12 1 10 12 1 10 12 1 10 12 1 10 12 1 10 12 1 10 12 1 1 10 12 1 10 7 12 1 1 10 12 1 10 12 1 10 12 1 1 10 12 1 10 12 1 10 12 1 1 10 12 1 10 12 1 10 12 1 1 10 12 1 10 12 1 10 12 1 10 12 1 10 12 10 12 1 10 12 10 12 10 12 1 10 12 10 12 1 10 12 1 10 12 1 1 1 1 3 1 3 1 1 1 1 1 1 1 1 1 1 1 1 1 1 1 1 1 1 1 1 1 1 1 1 1 1 1 1 1 1 1 1 1 1 1 1 1 1 1 1 1 1 1 1 1 1 1 1 1 1 1 1 1 1 1 1 1 1 1 1 1 1 1 1 1 1 1 1 1 1 1 1 1 1 1 1 1 1 1 1 1 1 1 1 1 1 1 1 1 1 1 1 1 1 1 1 1 1 1 1 1 1 1 1 1 1 1 1 1 1 1 1 1 1 1 1 1 1 1 1 1 1 1 1 1 1 1 1 1 1 1 1 1 1 1 1 1 1 1 1 1 1 1 1 1 1 1 1 1 1 1 1 1 1 1 1 1 1 1 1 1 1 1 1 1 1 1 1 1 1 1 1 1 1 1 1 1 1 1 1 1 1 1 1 1 1 1 1 1 1 1 1 1 1 1 1 1 1 1 1 1 1 1 1 1 1 1 1 1 1 1 1 1 1 1 1 1 1 1 1 1 1 1 1 1 1 1 1 1 1 1 1 1 1 1 1 1 1 1 1 1 1 1 1 1 1 1 1 1 1 1 1 1 1 1 1 1 1 1 1 100 1 1 16 15 10 12 15 10 12 15 10 12 15 10 12 15 10 100 12 1 1 1 1 1 100 1 100 1 1 1 1 100 1 1 1 1 1 1 100 1 1 100 1 1 100 1 1 1 100 1 100 1 1
staticfield java/util/Arrays $assertionsDisabled Z 1
ciInstanceKlass jdk/internal/misc/Unsafe 1 1 1248 10 7 12 1 1 1 10 7 12 1 1 9 12 1 1 9 12 1 1 10 12 1 1 10 7 12 1 1 1 10 12 1 1 10 12 1 1 10 12 1 1 10 12 1 1 10 12 1 1 10 12 1 1 10 12 1 1 10 12 1 1 10 12 1 1 10 12 1 1 10 12 1 1 10 12 1 1 10 12 1 1 10 12 1 10 12 1 100 1 10 10 12 1 1 10 12 1 1 5 0 10 12 1 1 10 12 1 1 10 7 12 1 1 1 10 12 1 1 10 12 1 10 12 1 10 12 1 1 10 12 1 1 10 12 1 10 12 1 100 1 100 1 10 8 1 10 12 1 1 10 12 1 8 1 10 12 1 1 10 12 1 10 12 1 10 12 1 1 10 12 1 10 12 1 1 10 12 1 1 10 12 1 10 12 1 10 12 1 10 12 1 1 10 12 1 10 12 1 10 12 1 1 10 12 1 5 0 5 0 5 0 10 12 1 10 12 1 10 12 1 10 12 1 10 12 1 10 12 1 10 12 1 10 12 1 10 12 1 1 10 12 1 10 12 1 100 1 8 1 10 100 1 10 10 12 1 1 10 12 1 1 10 12 1 10 12 1 1 10 12 1 1 10 12 1 10 12 1 1 10 12 1 9 7 12 1 1 9 12 1 100 1 10 10 12 1 1 8 1 10 8 1 8 1 10 12 1 1 9 7 12 1 1 1 9 100 1 9 100 1 9 7 1 9 9 100 1 9 7 1 9 100 1 10 12 1 1 10 12 1 1 10 12 1 1 10 12 1 1 5 0 5 0 9 12 1 1 10 12 1 10 12 1 10 12 1 1 10 12 1 1 10 12 1 8 1 3 10 12 1 1 10 12 1 1 10 12 1 10 12 1 1 10 12 1 1 10 12 1 10 12 1 10 12 1 10 12 1 10 12 1 10 12 1 1 10 12 1 1 10 12 1 10 12 1 10 12 1 10 12 1 10 12 1 10 12 1 1 10 12 1 1 10 12 1 10 12 1 10 12 1 10 12 1 10 12 1 10 12 1 1 10 12 1 1 10 12 1 1 10 12 1 1 10 12 1 10 12 1 10 12 1 10 12 1 10 12 1 10 12 1 10 12 1 1 10 12 1 1 10 12 1 10 12 1 10 12 1 10 12 1 10 12 1 10 12 1 10 12 1 1 10 12 1 1 10 12 1 10 12 1 10 12 1 10 12 1 10 12 1 10 12 1 10 12 1 10 12 1 1 10 12 1 10 12 1 10 12 1 10 12 1 10 12 1 1 10 12 1 10 12 1 10 12 1 10 12 1 10 12 1 10 12 1 10 12 1 10 12 1 1 10 12 1 10 12 1 10 12 1 10 12 1 10 12 1 10 12 1 1 10 12 1 10 12 1 10 12 1 1 10 12 1 10 12 1 10 12 1 10 12 1 10 12 1 10 12 1 10 12 1 10 12 1 10 12 1 10 12 1 10 12 1 10 12 1 10 12 1 10 12 1 10 12 1 10 12 1 10 12 1 10 12 1 10 12 1 10 12 1 10 12 1 10 12 1 10 12 1 100 1 10 100 1 10 9 12 1 5 0 10 12 1 1 5 0 10 12 1 5 0 10 12 1 10 12 1 10 12 1 1 10 12 1 1 10 12 1 10 12 1 10 12 1 10 12 1 1 10 12 1 10 12 1 10 12 1 10 12 1 10 12 1 1 10 12 1 10 12 1 10 12 1 10 12 1 1 10 12 1 10 12 1 10 12 1 1 10 12 1 10 12 1 10 12 1 10 12 1 1 10 12 1 10 10 12 1 1 10 12 1 10 12 1 1 10 12 1 10 12 5 0 5 0 5 0 10 12 1 1 10 12 1 10 12 1 10 12 10 100 12 1 1 8 1 100 1 11 12 1 1 8 1 11 12 1 1 10 100 12 1 1 10 12 1 10 7 1 10 12 1 1 9 12 1 1 7 1 9 12 1 7 1 9 12 1 7 1 9 12 1 7 1 9 12 1 7 1 9 12 1 7 1 9 12 1 7 1 9 12 1 7 1 9 12 1 10 12 1 9 12 1 9 12 1 9 12 1 9 12 1 9 12 1 9 12 1 9 12 1 9 12 1 9 12 1 9 12 1 1 1 5 0 1 1 1 1 1 1 1 1 1 1 1 1 1 1 1 1 1 1 1 1 1 1 1 1 1 1 1 1 1 1 1 1 1 1 1 1 1 1 1 1 1 1 1 1 1 1 1 1 1 1 1 1 1 1 1 1 1 1 1 1 1 1 1 1 1 1 1 1 1 1 1 1 1 1 1 1 1 1 1 1 1 1 1 1 1 1 1 1 1 1 100 1 1 1 1 1 1 1 1 1 1 1 1 1 1 1 1 1 1 1 1 1 1 1 1 1 1 1 1 1 1 1 1 1 1 1 1 1 1 1 1 1 1 1 1 1 1 1 1 1 1 1 1 1 1 1 1 1 1 1 1 1 1 1 1 1 1 1 1 1 1 1 1 1 1 1 1 1 1 1 1 1 1 1 1 1 1 1 1 1 1 1 1 1 1 1 1 1 1 1 1 1 1 1 1 1 1 1 1 1 1 1 1 1 1 1 1 1 1 1 1 1 1 1 1 1 1 1 1 1 1 1 1 1 1 1 1 1 1 1 1 1 1 1 1 1 1 1 1 1 1 1 1 1 1 1 1 1 1 1 1 1 1 1 1 1 1 1 1 1 1 1 1 1 1 1 1 1 1 1 1 1 1 1 1 1 1 1 1 1 1 1 1 1 1 1 1 1 1 1 1 1 1 1 1 1 1 1 1 1 1 1 1 1
staticfield jdk/internal/misc/Unsafe theUnsafe Ljdk/internal/misc/Unsafe; jdk/internal/misc/Unsafe
staticfield jdk/internal/misc/Unsafe ARRAY_BOOLEAN_BASE_OFFSET J 16
staticfield jdk/internal/misc/Unsafe ARRAY_BYTE_BASE_OFFSET J 16
staticfield jdk/internal/misc/Unsafe ARRAY_SHORT_BASE_OFFSET J 16
staticfield jdk/internal/misc/Unsafe ARRAY_CHAR_BASE_OFFSET J 16
staticfield jdk/internal/misc/Unsafe ARRAY_INT_BASE_OFFSET J 16
staticfield jdk/internal/misc/Unsafe ARRAY_LONG_BASE_OFFSET J 16
staticfield jdk/internal/misc/Unsafe ARRAY_FLOAT_BASE_OFFSET J 16
staticfield jdk/internal/misc/Unsafe ARRAY_DOUBLE_BASE_OFFSET J 16
staticfield jdk/internal/misc/Unsafe ARRAY_OBJECT_BASE_OFFSET J 16
staticfield jdk/internal/misc/Unsafe ARRAY_BOOLEAN_INDEX_SCALE I 1
staticfield jdk/internal/misc/Unsafe ARRAY_BYTE_INDEX_SCALE I 1
staticfield jdk/internal/misc/Unsafe ARRAY_SHORT_INDEX_SCALE I 2
staticfield jdk/internal/misc/Unsafe ARRAY_CHAR_INDEX_SCALE I 2
staticfield jdk/internal/misc/Unsafe ARRAY_INT_INDEX_SCALE I 4
staticfield jdk/internal/misc/Unsafe ARRAY_LONG_INDEX_SCALE I 8
staticfield jdk/internal/misc/Unsafe ARRAY_FLOAT_INDEX_SCALE I 4
staticfield jdk/internal/misc/Unsafe ARRAY_DOUBLE_INDEX_SCALE I 8
staticfield jdk/internal/misc/Unsafe ARRAY_OBJECT_INDEX_SCALE I 4
staticfield jdk/internal/misc/Unsafe ADDRESS_SIZE I 8
ciInstanceKlass java/lang/Thread$FieldHolder 1 1 55 10 7 12 1 1 1 9 7 12 1 1 1 9 12 1 1 9 12 1 1 9 12 1 1 9 12 1 1 1 1 1 1 1 1 1 1 1 1 100 1 100 1 1 1 1 100 1 1 1 100 1 100 1 1
ciInstanceKlass java/lang/Thread$Constants 0 0 47 100 1 10 100 12 1 1 1 10 12 1 1 10 12 1 1 10 100 12 1 1 8 1 10 12 1 9 100 12 1 1 1 1 1 1 1 1 1 1 1 1 1 1 1 1 1
ciInstanceKlass java/lang/ThreadGroup 1 1 380 10 7 12 1 1 1 9 7 12 1 1 1 8 1 9 12 1 1 100 1 9 12 1 1 9 12 1 1 10 7 12 1 1 1 10 12 1 1 10 12 1 10 12 1 1 10 12 1 1 10 12 1 10 12 1 10 12 1 10 100 12 1 1 1 10 12 1 1 18 12 1 1 11 100 12 1 1 1 10 12 1 1 10 12 1 1 10 12 1 1 10 100 12 1 1 1 10 12 1 11 12 1 1 11 100 12 1 1 11 12 1 1 10 12 1 1 10 12 1 10 12 1 11 12 1 11 12 1 1 10 12 1 100 1 10 18 12 1 1 11 100 12 1 1 1 11 12 1 1 9 100 12 1 1 1 10 12 1 1 8 1 10 100 12 1 1 1 10 100 12 1 1 1 10 12 1 1 11 12 10 12 1 1 10 12 1 1 11 100 1 9 12 1 100 1 10 8 1 10 12 1 1 10 12 1 1 8 1 10 12 1 10 100 12 1 1 1 10 12 1 1 10 7 1 8 1 10 8 1 10 12 1 10 12 1 8 1 9 12 1 1 9 12 1 10 100 12 1 1 1 100 9 12 1 1 7 1 9 12 1 10 12 10 12 1 1 100 10 12 9 12 1 10 12 1 100 1 10 100 1 10 10 12 1 10 12 1 1 1 1 1 1 1 1 1 1 1 1 1 1 1 1 3 1 1 1 1 1 1 1 1 1 1 1 100 1 1 1 1 1 1 1 1 1 1 1 1 1 1 1 1 1 1 1 1 1 1 1 1 1 1 1 1 1 1 1 1 1 1 1 1 1 1 1 1 16 15 10 12 16 16 15 10 12 16 15 10 100 12 1 1 1 1 1 100 1 100 1 1
staticfield java/lang/ThreadGroup $assertionsDisabled Z 1
ciInstanceKlass java/lang/Thread$UncaughtExceptionHandler 1 0 16 100 1 100 1 1 1 1 1 1 1 1 100 1 1 1
instanceKlass java/lang/ThreadBuilders$BoundVirtualThread
instanceKlass java/lang/VirtualThread
ciInstanceKlass java/lang/BaseVirtualThread 0 0 36 10 100 12 1 1 1 100 1 1 1 1 1 1 1 1 1 1 1 1 1 1 1 1 1 1 1 1 100 1 100 1 1 100 1 1
ciInstanceKlass java/lang/VirtualThread 0 0 928 9 100 12 1 1 1 9 12 1 1 10 100 12 1 1 1 10 100 12 1 1 1 10 100 12 1 1 1 9 12 1 1 100 1 10 12 1 9 12 1 1 18 12 1 1 9 12 1 1 10 12 1 1 100 1 10 12 1 10 12 1 1 10 12 1 1 10 12 1 10 12 1 1 9 12 1 1 10 12 1 10 100 12 1 10 12 1 10 12 1 10 12 1 10 12 1 9 12 1 1 11 100 12 1 1 1 10 10 12 1 11 100 12 1 1 1 10 12 1 100 1 10 12 1 1 100 1 9 12 1 1 5 0 10 100 12 1 1 1 9 12 1 100 1 100 1 10 10 100 12 1 1 1 10 100 12 1 1 1 10 12 1 1 10 12 1 10 12 1 1 10 12 1 10 12 10 12 1 100 1 10 10 12 1 10 12 1 1 9 12 1 1 10 12 1 1 9 12 1 1 10 12 1 9 12 1 10 100 12 1 1 10 9 10 10 12 1 1 10 12 1 1 10 100 12 1 1 10 100 1 10 9 10 100 1 10 12 1 1 10 12 1 10 10 12 1 1 9 12 1 10 12 1 10 12 1 9 12 1 1 10 12 1 10 12 1 10 12 1 1 9 12 1 1 10 12 1 10 12 1 1 10 12 1 10 12 1 1 9 12 1 18 9 100 12 1 1 1 10 12 1 1 9 12 1 10 12 1 10 12 1 1 10 12 1 9 12 1 1 18 12 1 9 12 1 9 12 1 10 12 9 12 1 1 10 100 12 1 1 10 12 1 10 12 1 1 10 100 12 1 1 10 12 1 100 1 8 1 10 12 1 10 12 1 1 10 12 1 10 12 1 10 12 1 10 100 12 1 1 10 12 1 10 12 1 10 12 1 10 12 1 10 100 12 1 1 8 1 10 12 1 10 12 1 10 12 1 10 12 1 1 10 12 1 10 12 10 12 1 100 1 10 10 12 1 10 12 1 1 10 12 1 1 10 12 1 10 12 1 10 12 1 1 10 12 1 1 11 100 12 1 1 11 12 1 10 12 9 100 12 1 1 1 9 12 1 10 12 1 1 9 12 1 9 12 1 9 12 1 9 12 1 100 1 10 10 12 1 1 10 12 1 100 1 100 1 10 8 1 10 12 1 1 10 12 1 10 12 1 10 10 12 1 8 1 10 10 12 1 10 12 1 10 100 12 1 1 8 1 8 1 10 12 1 1 10 10 9 100 12 1 1 1 10 12 1 1 10 12 1 10 10 12 9 12 1 10 12 1 1 10 12 1 9 12 1 10 12 1 1 9 12 1 10 12 1 1 9 12 1 10 12 1 1 18 12 1 1 8 1 10 12 1 1 8 1 8 1 10 100 12 1 1 1 10 100 12 1 1 1 10 12 1 10 12 1 1 10 12 1 18 12 1 1 18 12 1 1 5 0 9 12 1 10 12 1 10 12 1 10 100 1 10 12 1 1 9 12 1 9 12 1 1 10 12 1 1 10 12 1 10 12 10 12 1 1 10 100 12 1 1 10 12 1 1 100 1 8 1 10 10 12 1 8 10 12 1 1 8 8 9 12 1 8 8 10 12 1 10 12 1 1 8 1 18 12 1 10 100 12 1 1 10 12 1 10 12 1 3 1 3 1 3 1 3 1 3 1 3 1 3 1 3 1 3 1 3 1 3 1 3 1 3 3 1 3 3 1 3 3 1 3 3 1 3 1 1 1 1 1 1 1 1 1 1 1 1 1 1 1 1 1 100 1 1 1 1 1 1 1 1 1 1 1 1 1 1 1 1 1 1 1 1 100 1 1 1 1 1 1 1 1 1 1 1 1 1 1 1 1 1 1 1 1 1 1 1 1 1 1 1 1 1 1 1 1 1 100 1 1 1 1 1 1 1 1 1 1 1 1 1 1 1 1 1 1 1 1 1 1 1 1 1 1 1 100 1 1 1 1 1 1 1 1 1 1 1 1 1 1 1 1 1 1 1 1 1 1 100 1 1 16 15 10 12 15 10 12 15 10 12 16 15 10 12 16 15 10 12 16 15 10 12 16 15 10 12 15 10 100 12 1 1 1 1 1 1 1 100 1 1 1 100 1 100 1 1
ciInstanceKlass java/lang/ThreadBuilders$BoundVirtualThread 0 0 132 10 100 12 1 1 1 9 100 12 1 1 1 10 100 12 1 1 1 9 12 1 1 10 12 1 1 10 12 1 1 9 12 1 1 10 100 12 1 1 1 10 12 1 1 100 1 8 1 10 12 1 10 12 1 1 10 12 1 1 10 12 1 1 10 100 12 1 1 1 8 1 10 12 1 8 1 10 12 1 1 10 100 12 1 1 9 100 12 1 1 1 10 12 1 1 10 10 12 1 1 1 1 1 1 1 1 1 1 1 1 1 1 1 1 1 1 1 1 1 1 1 1 1 1 1 1 100 1 1 1 1
instanceKlass java/lang/Exception
instanceKlass java/lang/Error
ciInstanceKlass java/lang/Throwable 1 1 403 10 7 12 1 1 1 9 7 12 1 1 1 9 12 1 1 9 12 1 9 12 1 1 9 12 1 10 12 1 1 9 12 1 1 10 12 1 1 10 100 12 1 1 1 9 12 1 1 10 12 1 1 10 12 1 100 1 100 1 10 8 1 10 12 1 1 8 1 10 100 12 1 1 10 10 12 1 100 1 8 1 10 10 7 12 1 1 10 12 1 8 1 9 100 12 1 1 1 10 12 1 1 100 1 10 12 10 12 1 100 1 10 10 7 12 1 1 1 11 100 12 1 1 1 10 100 12 1 1 1 10 12 1 1 10 12 1 1 8 1 10 12 1 10 12 1 1 8 1 8 1 10 12 1 1 10 12 1 8 1 8 1 9 12 1 10 100 12 1 1 100 1 10 11 12 1 8 1 8 1 10 7 12 1 1 8 1 10 12 1 8 1 100 1 10 12 1 9 12 1 1 10 12 1 10 7 12 1 9 12 1 1 10 12 1 1 100 1 8 1 10 12 1 10 100 12 1 1 10 12 1 1 100 1 10 100 12 1 1 1 10 12 1 11 100 12 1 1 1 11 100 12 1 1 1 11 12 1 8 1 10 12 1 1 8 1 10 10 9 100 12 1 1 1 8 1 10 12 1 1 11 10 100 1 8 1 10 11 12 1 1 8 1 9 12 1 10 100 12 1 1 11 9 12 1 1 11 12 1 1 100 10 12 1 10 12 1 1 100 1 1 1 1 5 0 1 1 1 1 1 1 1 1 1 1 1 1 100 1 1 1 1 1 1 1 1 1 1 1 1 1 1 1 1 1 1 1 1 1 1 1 1 1 1 1 1 1 1 1 1 1 1 1 1 1 1 1 1 1 1 1 100 1 100 1 1 1 1 1 1 1 1 1 1 1 1 1 1 1 1 1 1
staticfield java/lang/Throwable UNASSIGNED_STACK [Ljava/lang/StackTraceElement; 0 [Ljava/lang/StackTraceElement;
staticfield java/lang/Throwable SUPPRESSED_SENTINEL Ljava/util/List; java/util/Collections$EmptyList
staticfield java/lang/Throwable EMPTY_THROWABLE_ARRAY [Ljava/lang/Throwable; 0 [Ljava/lang/Throwable;
staticfield java/lang/Throwable $assertionsDisabled Z 1
ciInstanceKlass jdk/internal/vm/ContinuationScope 0 0 50 10 100 12 1 1 1 10 100 12 1 1 1 100 1 9 100 12 1 1 1 10 12 1 1 10 100 12 1 1 1 10 12 1 1 10 12 1 1 1 1 1 1 1 1 1 1 1 1 1
ciInstanceKlass jdk/internal/vm/StackChunk 1 1 32 10 100 12 1 1 1 9 100 12 1 1 1 9 12 1 1 9 12 1 1 1 1 1 1 1 1 1 1 1 1 1
ciInstanceKlass java/lang/Boolean 1 1 146 10 7 12 1 1 1 9 7 12 1 1 1 10 12 1 1 10 12 1 8 1 10 7 12 1 1 9 12 1 1 9 12 1 10 12 1 1 10 12 1 1 10 12 1 1 10 12 1 10 7 12 1 1 1 10 12 1 1 9 100 12 1 1 9 12 10 100 12 1 1 1 10 12 1 1 8 1 10 7 12 1 1 1 9 12 1 1 100 1 100 1 100 1 1 1 1 1 1 5 0 1 1 1 1 1 1 1 1 1 1 1 1 1 1 1 1 1 1 1 1 1 1 1 1 1 1 1 1 1 1 1 1 1 1 1 100 1 1 1 1 1 1 1 1 1
staticfield java/lang/Boolean TRUE Ljava/lang/Boolean; java/lang/Boolean
staticfield java/lang/Boolean FALSE Ljava/lang/Boolean; java/lang/Boolean
staticfield java/lang/Boolean TYPE Ljava/lang/Class; java/lang/Class
ciInstanceKlass java/lang/Character 1 1 603 7 1 100 1 100 1 9 12 1 1 8 1 9 12 1 1 100 1 9 12 1 1 10 100 12 1 1 1 10 100 12 1 1 1 10 100 12 1 1 1 10 7 12 1 1 1 9 7 12 1 1 1 10 12 1 10 12 1 1 10 12 1 1 10 100 12 1 1 10 12 1 1 3 3 3 3 3 10 12 1 1 10 12 1 3 11 7 12 1 1 1 11 12 1 1 10 12 1 1 10 12 1 1 100 1 10 10 12 1 3 10 12 1 1 10 12 1 10 12 1 1 100 1 8 1 10 12 1 1 10 12 1 10 12 1 10 12 1 10 100 12 1 1 1 10 12 1 10 12 1 10 12 1 1 10 12 1 10 7 12 1 1 10 10 12 1 10 10 12 1 10 12 1 1 10 12 1 10 10 12 1 10 12 1 10 12 1 10 12 1 10 12 1 10 12 1 10 12 1 10 12 10 10 12 10 10 12 1 10 10 12 1 10 10 12 1 10 10 12 1 10 12 1 10 12 1 10 12 1 10 12 1 10 12 1 10 12 1 10 10 12 1 10 10 12 1 10 10 12 1 1 10 10 12 1 10 5 0 10 12 1 10 12 1 10 10 12 1 10 10 12 1 1 10 10 12 1 10 10 12 1 9 12 1 1 100 1 10 10 12 1 10 12 1 1 3 10 100 12 1 1 1 10 12 1 10 100 12 1 1 100 1 10 10 12 1 1 10 12 1 1 10 12 1 1 8 1 10 12 1 9 100 12 1 1 1 10 12 1 10 10 12 1 10 12 1 1 10 12 1 10 10 12 1 1 10 10 12 1 1 100 1 8 1 10 12 1 1 10 7 12 1 1 1 8 1 10 12 1 1 9 12 1 1 100 1 100 1 100 1 1 1 1 3 1 3 1 3 1 3 1 1 1 1 1 3 1 1 3 1 3 1 3 1 3 1 3 1 3 1 3 1 3 1 3 1 3 1 3 1 3 1 3 1 3 1 3 1 3 1 3 1 3 1 3 1 3 1 3 1 3 1 3 1 3 1 3 1 3 1 3 1 3 1 1 1 1 1 1 1 1 1 1 1 1 1 1 1 1 1 1 1 3 1 1 1 1 1 1 1 3 1 1 3 1 1 1 1 1 3 1 1 5 0 1 1 1 1 1 1 1 1 1 1 1 1 1 1 1 1 1 1 1 1 1 1 1 1 1 1 1 1 1 1 1 1 1 1 1 1 1 1 1 1 1 1 1 1 1 1 1 1 1 1 1 1 1 1 1 1 1 1 1 1 1 1 1 1 1 1 1 1 1 1 1 1 1 1 1 1 1 1 1 1 1 1 1 1 1 1 1 1 1 100 1 100 1 1 1 1 1 1
staticfield java/lang/Character TYPE Ljava/lang/Class; java/lang/Class
staticfield java/lang/Character $assertionsDisabled Z 1
ciMethod java/lang/Character reverseBytes (C)C 1002 0 3622 0 -1
ciInstanceKlass java/lang/Float 1 1 277 7 1 100 1 10 100 12 1 1 1 10 100 12 1 1 1 4 100 1 10 12 1 1 10 12 1 1 8 1 8 1 10 100 12 1 1 1 10 12 1 1 10 12 1 1 10 100 1 4 10 7 12 1 1 9 12 1 1 10 12 1 1 10 12 1 10 10 12 1 1 10 12 1 10 12 1 3 3 100 1 4 4 4 3 10 12 1 1 9 12 1 1 100 1 10 3 3 4 4 10 12 1 3 3 3 10 12 1 1 10 12 1 1 10 12 1 10 100 12 1 1 1 10 12 1 1 10 12 1 1 10 7 12 1 1 1 8 1 10 12 1 1 9 12 1 1 100 1 100 1 100 1 1 1 1 4 1 4 1 1 1 4 1 1 3 1 3 1 3 1 3 1 3 1 1 1 1 5 0 1 1 1 1 1 1 1 1 1 1 100 1 1 1 1 1 1 1 1 1 1 1 1 1 1 1 1 1 1 1 1 1 1 1 1 1 1 1 1 1 1 1 1 1 1 1 1 1 1 1 1 1 1 1 1 1 1 1 1 1 1 1 1 1 1 1 1 1 1 1 1 1 1 1 1 1 1 1 1 1 1 1 1 1 100 1 1 1 1 1 1 1 100 1 100 1 1
staticfield java/lang/Float TYPE Ljava/lang/Class; java/lang/Class
staticfield java/lang/Float $assertionsDisabled Z 1
instanceKlass java/math/BigDecimal
instanceKlass java/math/BigInteger
instanceKlass java/util/concurrent/atomic/Striped64
instanceKlass java/util/concurrent/atomic/AtomicLong
instanceKlass java/util/concurrent/atomic/AtomicInteger
instanceKlass java/lang/Long
instanceKlass java/lang/Integer
instanceKlass java/lang/Short
instanceKlass java/lang/Byte
instanceKlass java/lang/Double
instanceKlass java/lang/Float
ciInstanceKlass java/lang/Number 1 1 37 10 7 12 1 1 1 10 100 12 1 1 1 100 1 1 1 1 5 0 1 1 1 1 1 1 1 1 1 1 1 1 1 1 1 1 1
ciInstanceKlass java/lang/Double 1 1 288 7 1 100 1 10 100 12 1 1 1 10 12 1 1 10 100 1 10 12 1 1 10 100 12 1 1 1 6 0 8 1 10 12 1 1 8 1 10 12 1 1 8 1 6 0 10 12 1 1 100 1 5 0 5 0 8 1 8 1 10 100 12 1 1 1 10 100 12 1 1 1 8 1 10 12 1 1 8 1 8 1 8 1 10 12 1 1 10 12 1 10 12 1 1 10 12 1 10 12 1 10 12 1 1 10 12 1 10 7 1 6 0 10 7 12 1 1 9 12 1 1 10 12 1 10 12 1 10 12 1 10 12 1 10 12 1 5 0 10 12 1 1 10 12 1 10 12 1 10 100 12 1 1 1 10 12 1 1 10 12 1 1 8 1 10 7 12 1 1 1 9 12 1 1 100 1 100 1 100 1 1 1 6 0 1 6 0 1 6 0 1 1 1 6 0 1 1 3 1 3 1 3 1 3 1 3 1 1 1 1 5 0 1 1 1 1 1 1 1 1 1 1 1 1 1 1 1 1 100 1 1 1 1 1 1 1 1 1 1 1 1 1 1 1 1 1 1 1 1 1 1 1 1 1 1 1 1 1 1 1 1 1 1 1 1 1 1 1 1 1 1 1 1 1 100 1 1 1 1 1 1 1 100 1 100 1 1
staticfield java/lang/Double TYPE Ljava/lang/Class; java/lang/Class
ciInstanceKlass java/lang/Byte 1 1 212 7 1 100 1 10 100 12 1 1 1 9 12 1 1 8 1 9 12 1 1 100 1 10 12 1 1 10 12 1 1 10 100 12 1 1 1 10 100 12 1 1 1 9 7 12 1 1 1 10 12 1 1 100 1 100 1 10 12 1 1 8 1 10 12 1 1 8 1 10 12 1 10 12 1 10 12 1 10 12 1 1 10 12 1 10 12 1 10 12 1 1 10 8 1 8 1 10 7 1 9 12 1 1 10 12 1 1 10 12 1 1 10 12 1 1 10 12 1 5 0 10 12 1 1 8 1 10 7 12 1 1 1 9 12 1 1 100 1 100 1 1 1 3 1 3 1 1 1 1 3 1 3 1 1 5 0 1 1 1 1 1 1 1 1 1 1 1 1 1 1 1 1 1 1 1 1 1 1 1 1 1 1 1 1 1 1 1 1 1 1 1 1 1 1 1 1 1 1 1 1 1 1 1 1 1 1 1 1 1 1 1
staticfield java/lang/Byte TYPE Ljava/lang/Class; java/lang/Class
ciMethod java/lang/Byte toUnsignedInt (B)I 1024 0 54948 0 -1
ciInstanceKlass java/lang/Short 1 1 220 7 1 100 1 100 1 10 100 12 1 1 1 10 12 1 1 100 1 100 1 10 12 1 1 8 1 10 12 1 1 8 1 10 12 1 10 12 1 10 12 1 10 12 1 1 10 12 1 1 10 12 1 9 12 1 1 8 1 9 12 1 1 100 1 10 12 1 1 10 12 1 10 100 12 1 1 1 10 100 12 1 1 1 9 7 12 1 1 1 10 12 1 10 12 1 1 10 8 1 8 1 10 7 1 9 12 1 1 10 12 1 1 10 12 1 1 10 12 1 1 10 12 1 3 3 5 0 10 12 1 1 8 1 10 7 12 1 1 1 9 12 1 1 100 1 100 1 1 1 3 1 3 1 1 1 1 3 1 3 1 1 5 0 1 1 1 1 1 1 1 1 1 1 1 1 1 1 1 1 1 1 1 1 1 1 1 1 1 1 1 1 1 1 1 1 1 1 1 1 1 1 1 1 1 1 1 1 1 1 1 1 1 1 1 1 1 1 1 1
staticfield java/lang/Short TYPE Ljava/lang/Class; java/lang/Class
ciInstanceKlass java/lang/Integer 1 1 436 7 1 100 1 7 1 7 1 10 12 1 1 9 12 1 1 9 12 1 1 10 100 12 1 1 1 10 12 1 1 10 100 12 1 1 1 10 10 12 1 1 10 100 12 1 1 1 10 12 1 10 12 1 1 10 7 12 1 1 1 10 12 1 1 10 12 1 1 10 12 1 10 7 12 1 1 10 12 1 1 10 12 1 10 12 1 100 1 8 1 10 12 1 8 1 100 1 10 12 1 1 10 12 1 1 8 1 10 12 1 1 8 1 10 12 1 1 10 12 1 1 10 12 1 1 3 3 10 7 12 1 1 1 11 7 1 10 12 1 1 11 10 12 1 1 10 12 1 1 8 1 10 12 1 10 12 1 8 1 100 1 10 12 1 8 1 10 12 1 1 10 12 1 8 1 10 12 1 10 12 1 7 1 9 12 1 1 9 12 1 1 10 12 1 10 7 1 9 12 1 10 12 1 10 12 1 10 12 1 1 10 12 1 1 10 7 12 1 1 1 10 12 1 1 8 1 8 1 10 12 1 1 8 1 8 1 8 1 8 1 8 1 8 1 10 12 1 10 12 1 10 12 1 5 0 3 3 3 3 10 12 1 10 12 1 3 10 12 1 10 100 12 1 1 1 10 12 1 1 10 12 1 1 8 1 10 7 12 1 1 1 9 12 1 1 100 1 100 1 100 1 1 1 1 3 1 1 1 1 1 3 1 3 1 1 5 0 1 1 1 1 1 1 1 1 1 100 1 1 1 1 1 1 1 1 1 1 1 1 1 1 1 1 1 1 1 1 1 1 1 1 1 1 1 1 1 1 1 1 1 1 1 1 1 1 1 1 1 1 1 1 1 1 1 1 1 1 1 1 1 1 1 1 1 1 1 1 1 1 1 1 1 1 1 1 1 1 1 1 1 1 1 1 1 1 1 1 1 1 1 1 1 1 1 1 1 1 1 1 1 100 1 1 1 1 1 1 1 1 1 100 1 100 1 1
staticfield java/lang/Integer TYPE Ljava/lang/Class; java/lang/Class
staticfield java/lang/Integer digits [B 36
ciMethod java/lang/Integer valueOf (I)Ljava/lang/Integer; 512 0 6592 0 -1
ciInstanceKlass java/lang/Long 1 1 498 7 1 100 1 7 1 100 1 10 12 1 1 9 12 1 1 9 7 12 1 1 1 10 100 12 1 1 1 10 12 1 1 10 100 12 1 1 1 10 10 12 10 12 1 10 12 1 10 12 1 5 0 5 0 100 1 10 12 1 1 10 12 1 1 10 12 1 10 12 1 10 12 1 10 12 1 1 10 100 12 1 1 10 12 1 10 12 1 1 10 12 1 1 10 12 1 1 10 12 1 1 10 100 12 1 1 1 10 12 1 1 10 12 1 10 12 1 10 7 12 1 1 10 12 1 1 10 12 1 10 12 1 100 1 8 1 10 12 1 8 1 100 1 10 12 1 10 12 1 1 8 1 10 12 1 1 8 1 10 12 1 1 10 12 1 1 10 12 1 1 5 0 5 0 10 100 12 1 1 1 11 100 1 10 12 1 1 11 10 12 1 1 10 12 1 1 8 1 5 0 10 12 1 1 10 12 1 1 8 1 8 1 10 12 1 8 1 10 12 1 10 12 1 5 0 5 0 9 7 12 1 1 1 10 12 1 10 12 1 1 8 1 8 1 10 12 1 1 8 1 8 1 8 1 8 1 8 1 8 1 10 12 1 10 12 1 10 7 1 9 12 1 1 10 12 1 10 12 1 1 10 12 1 1 10 100 12 1 1 1 10 12 1 1 10 12 1 10 12 1 10 12 1 5 0 5 0 5 0 10 12 1 1 10 12 1 5 0 5 0 10 12 10 12 1 10 100 12 1 1 1 10 12 1 1 10 12 1 1 8 1 10 7 12 1 1 1 9 12 1 1 100 1 100 1 100 1 1 1 1 5 0 1 1 1 1 3 1 3 1 5 0 1 1 1 1 1 1 1 1 1 100 1 1 1 1 1 1 1 1 1 1 1 1 1 1 1 1 1 1 1 1 1 1 1 1 1 1 1 1 1 1 1 1 1 1 1 1 1 1 1 1 1 1 1 1 1 1 1 1 1 1 1 1 1 1 1 1 1 1 1 1 1 1 1 1 1 1 1 1 1 1 1 1 1 1 1 1 1 1 1 1 1 1 1 1 1 1 1 1 1 1 1 1 1 1 1 1 1 1 1 1 100 1 1 1 1 1 1 1 1 1 100 1 100 1 1
staticfield java/lang/Long TYPE Ljava/lang/Class; java/lang/Class
ciInstanceKlass java/lang/Void 1 1 31 10 100 12 1 1 1 8 1 10 7 12 1 1 1 9 7 12 1 1 1 1 1 1 1 1 1 1 1 1 1
staticfield java/lang/Void TYPE Ljava/lang/Class; java/lang/Class
ciInstanceKlass jdk/internal/vm/vector/VectorSupport 0 0 597 100 1 10 100 12 1 1 1 9 12 1 1 10 100 12 1 1 1 100 1 10 12 1 11 100 12 1 1 1 11 100 12 1 1 1 11 100 12 1 1 1 11 100 12 1 1 11 100 12 1 1 11 100 12 1 1 11 100 12 1 1 11 100 12 1 1 11 100 12 1 1 11 100 12 1 1 11 100 12 1 1 1 11 100 12 1 1 11 100 12 1 1 1 11 100 12 1 1 1 11 100 12 1 1 11 100 12 1 1 1 11 100 12 1 1 100 1 10 12 1 1 11 100 12 1 1 11 100 12 1 1 11 100 12 1 1 11 100 1 11 100 12 1 1 11 100 12 1 1 11 100 12 1 1 9 12 1 1 10 100 12 1 1 11 100 12 1 1 10 100 12 1 1 1 10 100 12 1 1 10 12 1 1 10 12 1 1 1 1 1 3 1 3 1 3 1 3 1 3 1 3 1 3 1 3 1 3 1 3 1 3 1 3 1 3 1 3 1 3 1 3 1 3 1 3 1 3 1 3 1 3 1 3 1 3 1 3 1 3 1 3 1 3 1 3 1 3 1 3 1 3 1 3 1 3 1 3 1 3 1 3 1 3 1 3 1 3 1 3 1 3 1 3 1 3 1 3 1 3 1 3 1 3 1 3 1 3 1 3 1 3 1 3 1 3 1 1 1 3 1 3 1 3 1 3 1 3 1 3 1 1 1 1 1 1 1 1 1 1 1 1 1 1 1 1 1 1 1 1 1 1 1 1 1 1 1 1 1 1 1 1 1 1 1 1 1 1 1 1 1 1 1 1 1 1 1 1 1 1 1 1 1 1 1 1 1 1 1 1 1 1 1 1 1 1 1 1 1 1 1 1 1 1 1 1 1 1 1 1 1 1 1 1 1 1 1 1 1 1 1 1 1 1 1 1 1 1 1 1 1 1 1 1 1 1 1 1 1 1 1 1 1 1 1 1 1 1 1 1 1 1 1 1 1 1 1 1 1 1 1 1 1 1 1 1 1 1 1 1 1 1 1 1 1 1 1 1 1 1 1 1 1 1 1 1 1 1 1 1 1 1 1 1 1 1 1 1 1 1 1 1 1 1 1 1 1 1 1 1 1 1 1 1 1 1 1 1 1 1 1 1 1 1 1 1 1 1 1 1 1 1 1 1 1 1 1 1 1 1 1 1 1 1 1 1 1 1 1 1 1 1 1 1 1 1 1 1 1 1 1 1 1 1 1 1 1 1 1 1 1 1 1 1 1 1 1 100 1 100 1 100 1 100 1 100 1 1 1 1 1 1 1 1 1 1 1 1 1 1 1 1 1 1 1 1 1 1 1 1 1 1 1 1 1 1 1
instanceKlass jdk/internal/vm/vector/VectorSupport$VectorShuffle
instanceKlass jdk/internal/vm/vector/VectorSupport$VectorMask
instanceKlass jdk/internal/vm/vector/VectorSupport$Vector
ciInstanceKlass jdk/internal/vm/vector/VectorSupport$VectorPayload 0 0 32 10 100 12 1 1 1 9 100 12 1 1 1 10 100 12 1 1 1 1 1 1 1 1 1 1 1 1 1 1 1 1
ciInstanceKlass jdk/internal/vm/vector/VectorSupport$Vector 0 0 28 10 100 12 1 1 1 100 1 1 1 1 1 1 1 1 1 1 1 1 1 1 1 100 1 1 1 1
ciInstanceKlass jdk/internal/vm/vector/VectorSupport$VectorMask 0 0 28 10 100 12 1 1 1 100 1 1 1 1 1 1 1 1 1 1 1 1 1 1 1 100 1 1 1 1
ciInstanceKlass jdk/internal/vm/vector/VectorSupport$VectorShuffle 0 0 28 10 100 12 1 1 1 100 1 1 1 1 1 1 1 1 1 1 1 1 1 1 1 100 1 1 1 1
ciInstanceKlass jdk/internal/vm/FillerObject 0 0 16 10 100 12 1 1 1 100 1 1 1 1 1 1 1 1
instanceKlass java/lang/ref/PhantomReference
instanceKlass java/lang/ref/FinalReference
instanceKlass java/lang/ref/WeakReference
instanceKlass java/lang/ref/SoftReference
ciInstanceKlass java/lang/ref/Reference 1 1 198 9 7 12 1 1 1 9 7 12 1 1 10 12 1 1 10 12 1 1 9 12 1 1 10 12 1 1 9 12 1 1 9 12 1 1 7 1 10 12 1 10 7 12 1 1 10 12 1 10 12 1 1 10 12 1 7 1 8 1 10 12 1 1 7 1 10 12 1 1 10 12 1 1 10 12 1 7 1 10 12 10 7 12 1 1 1 9 12 1 10 12 1 1 10 12 1 10 12 1 10 12 1 9 12 1 100 1 100 1 10 9 12 1 9 12 1 100 1 10 10 12 1 10 10 7 12 1 1 10 12 1 1 1 1 1 1 1 1 1 1 1 1 1 1 1 1 1 100 1 1 1 100 1 1 1 1 1 1 1 1 1 1 1 1 1 1 1 1 1 1 1 1 1 1 1 1 1 1 1 1 1 1 1 1 1 1 1 1 1 100 1 100 1 100 1 1 1
staticfield java/lang/ref/Reference processPendingLock Ljava/lang/Object; java/lang/Object
staticfield java/lang/ref/Reference $assertionsDisabled Z 1
instanceKlass java/util/ResourceBundle$BundleReference
instanceKlass sun/util/locale/provider/LocaleResources$ResourceReference
instanceKlass sun/util/resources/Bundles$BundleReference
instanceKlass org/springframework/util/ConcurrentReferenceHashMap$SoftEntryReference
instanceKlass jdk/internal/util/SoftReferenceKey
instanceKlass java/lang/invoke/LambdaFormEditor$Transform
ciInstanceKlass java/lang/ref/SoftReference 1 1 50 10 7 12 1 1 1 9 7 12 1 1 1 9 12 1 10 12 1 10 12 1 1 1 1 1 1 1 1 1 1 1 1 1 1 1 1 1 1 1 1 1 1 100 1 1 1 1 1 1
instanceKlass java/util/ResourceBundle$KeyElementReference
instanceKlass java/util/logging/LogManager$LoggerWeakRef
instanceKlass java/util/logging/Level$KnownLevel
instanceKlass java/lang/WeakPairMap$WeakRefPeer
instanceKlass org/apache/commons/logging/impl/WeakHashtable$WeakKey
instanceKlass java/lang/ThreadLocal$ThreadLocalMap$Entry
instanceKlass jdk/internal/util/WeakReferenceKey
instanceKlass java/util/WeakHashMap$Entry
ciInstanceKlass java/lang/ref/WeakReference 1 1 34 10 7 12 1 1 1 10 12 1 100 1 1 1 1 1 1 1 1 1 1 1 1 1 1 1 1 1 1 1 1 1 1 1
instanceKlass java/lang/ref/Finalizer
ciInstanceKlass java/lang/ref/FinalReference 1 1 50 10 100 12 1 1 1 10 100 12 1 1 1 10 12 1 1 100 1 8 1 10 12 1 1 1 1 1 1 1 1 1 1 1 1 1 1 1 1 1 1 1 1 1 1 1 1 1 100 1
instanceKlass jdk/internal/ref/PhantomCleanable
instanceKlass jdk/internal/ref/Cleaner
ciInstanceKlass java/lang/ref/PhantomReference 1 1 47 10 7 12 1 1 1 10 12 1 1 10 7 12 1 1 1 1 1 1 1 1 1 1 1 1 1 1 1 1 1 1 1 1 1 1 1 1 1 1 1 1 1 1 1 1 1
ciInstanceKlass java/lang/ref/Finalizer 1 1 177 9 7 12 1 1 1 10 100 12 1 1 1 9 12 1 1 9 12 1 1 9 12 1 9 12 1 9 12 1 1 10 12 1 100 1 8 1 10 12 1 10 12 1 1 9 12 1 100 1 10 12 1 100 1 11 100 12 1 1 10 12 1 100 1 10 12 1 10 7 12 1 1 1 10 12 1 1 10 100 12 1 1 8 1 10 12 1 10 12 1 10 12 1 100 1 10 12 1 10 100 12 1 1 1 100 1 10 10 12 1 1 7 1 10 12 1 10 12 1 1 10 12 1 1 10 7 12 1 1 1 7 1 10 7 1 10 10 12 1 1 1 1 1 1 1 1 1 1 1 1 1 1 1 1 1 1 1 1 1 1 1 1 1 1 100 1 1 1 1 1 1 1 1 1 1 1
staticfield java/lang/ref/Finalizer lock Ljava/lang/Object; java/lang/Object
staticfield java/lang/ref/Finalizer ENABLED Z 1
staticfield java/lang/ref/Finalizer $assertionsDisabled Z 1
instanceKlass java/lang/reflect/Executable
instanceKlass java/lang/reflect/Field
ciInstanceKlass java/lang/reflect/AccessibleObject 1 1 374 10 7 12 1 1 1 10 100 12 1 1 1 10 7 12 1 1 1 10 12 1 1 9 12 1 1 100 1 10 7 12 1 1 1 11 12 1 100 1 10 12 1 7 1 100 1 10 12 1 1 10 12 1 1 10 12 1 1 10 12 1 1 10 12 1 1 7 1 10 100 12 1 1 1 10 12 1 1 11 10 7 12 1 1 1 10 12 1 1 10 12 1 10 12 1 10 12 1 1 10 12 1 8 1 100 1 100 1 10 10 12 1 1 8 1 10 12 1 10 12 1 8 1 8 1 8 1 8 1 8 1 8 1 8 1 8 1 8 1 100 1 10 12 1 10 12 1 9 100 12 1 1 1 10 12 1 1 10 12 1 10 100 1 100 1 8 1 10 8 1 10 12 1 8 1 10 12 1 10 12 1 1 10 100 1 8 1 10 11 7 12 1 1 1 10 12 1 1 10 12 1 1 10 12 1 1 9 12 1 1 100 1 10 12 1 7 1 10 12 1 10 12 1 1 10 100 1 10 12 1 10 12 10 12 1 10 12 1 10 12 1 1 10 12 1 9 12 1 10 100 12 1 1 8 1 10 12 1 1 8 1 10 100 12 1 1 1 9 12 1 100 1 10 7 1 10 10 7 12 1 1 1 10 7 12 1 1 1 9 12 1 1 1 1 1 1 1 1 1 1 1 1 1 1 1 1 1 1 1 1 1 1 1 1 1 1 1 1 1 1 1 1 1 1 1 1 1 1 1 1 1 1 1 1 1 1 1 1 1 1 1 1 1 1 1 1 1 1 1 1 1 1 1 1 1 1 1 1 1 1 1 1 1 1 1 1 1 1 1 1 1 1 1
staticfield java/lang/reflect/AccessibleObject reflectionFactory Ljdk/internal/reflect/ReflectionFactory; jdk/internal/reflect/ReflectionFactory
ciInstanceKlass java/lang/reflect/Method 1 1 468 9 7 12 1 1 1 10 7 12 1 1 1 10 7 12 1 1 9 12 1 1 9 12 1 1 10 12 1 1 10 12 1 1 10 12 1 1 10 7 12 1 1 10 7 12 1 1 1 9 12 1 1 9 12 1 9 12 1 1 9 12 1 9 12 1 9 12 1 1 9 12 1 9 12 1 1 9 12 1 9 12 1 100 1 8 1 10 12 1 10 12 1 9 12 1 1 10 7 12 1 1 1 10 12 1 1 10 12 1 1 10 12 1 10 12 1 1 9 100 12 1 1 1 10 12 1 1 10 12 10 7 12 1 1 10 12 1 1 10 12 1 10 12 1 10 12 1 10 7 12 1 1 1 10 12 1 1 9 12 1 10 7 1 10 7 12 1 1 1 10 7 12 1 1 10 12 1 1 10 12 1 1 10 12 1 10 7 12 1 1 1 10 12 1 10 8 1 10 12 1 10 12 1 7 1 8 1 8 1 8 1 10 12 1 10 12 1 1 10 12 1 1 10 10 12 1 1 10 12 1 11 100 1 10 12 1 9 12 1 1 10 12 1 1 10 12 1 10 12 1 1 10 12 1 1 11 7 12 1 1 1 11 12 1 9 12 1 1 10 12 1 10 12 1 10 12 1 10 12 1 10 12 1 10 12 1 9 12 1 1 10 7 12 1 1 1 10 7 12 1 1 10 12 1 1 10 7 12 1 1 1 10 7 12 1 1 1 10 7 12 1 1 1 11 7 12 1 1 1 10 7 12 1 1 1 7 1 100 1 100 1 10 12 1 10 12 1 1 10 12 1 100 1 8 1 10 12 1 10 10 12 1 1 10 12 1 1 10 12 1 1 10 12 1 1 8 1 10 12 1 1 1 1 1 1 1 1 1 1 1 1 1 1 1 1 1 1 1 1 1 1 1 1 1 1 1 1 1 1 1 1 1 1 1 1 1 1 1 1 1 1 1 1 1 1 1 1 1 1 1 1 1 100 1 100 1 100 1 1 1 1 1 1 1 1 1 1 1 1 1 1 1 1 1 1 1 1 1 1 1 1 1 1 1 1 1 1
ciInstanceKlass java/lang/reflect/Member 1 1 37 100 1 10 12 1 1 100 1 100 1 1 1 1 3 1 3 1 1 1 1 1 1 1 1 1 1 1 1 1 1 1 1 1 1 1 1
instanceKlass java/lang/reflect/Constructor
instanceKlass java/lang/reflect/Method
ciInstanceKlass java/lang/reflect/Executable 1 1 587 10 7 12 1 1 1 10 7 12 1 1 1 10 7 12 1 1 1 11 7 12 1 1 1 10 7 12 1 1 1 10 12 1 1 10 7 12 1 1 1 10 100 12 1 1 1 10 12 1 8 1 10 10 12 1 1 10 12 1 1 10 100 12 1 1 1 18 12 1 1 11 100 12 1 1 1 8 1 8 1 8 1 10 100 12 1 1 1 11 12 1 1 7 1 8 1 8 1 10 12 1 100 1 8 1 10 12 1 8 1 11 100 12 1 1 1 100 1 11 100 12 1 1 1 11 12 1 8 1 18 8 1 10 12 1 10 12 1 1 18 8 1 10 12 1 100 1 10 12 1 10 12 1 11 12 1 10 12 1 1 8 1 8 1 10 12 1 1 10 12 1 1 10 10 12 1 9 12 1 1 9 100 12 1 1 1 10 100 12 1 1 1 10 12 1 10 12 1 1 10 7 12 1 1 10 12 1 10 12 1 10 12 1 10 7 12 1 1 100 1 10 100 12 1 1 1 10 12 1 1 10 7 12 1 1 10 12 1 10 12 1 1 9 7 12 1 1 1 10 7 10 12 1 8 1 10 12 1 10 12 1 3 100 1 8 1 10 12 1 10 12 1 10 10 12 1 10 12 1 1 8 1 8 1 8 1 9 12 1 1 9 12 1 10 12 1 100 1 8 1 10 12 1 10 12 1 10 12 1 1 10 12 1 1 10 12 1 10 12 10 12 1 100 1 10 12 1 10 12 1 1 100 1 10 100 12 1 1 1 7 1 10 7 12 1 1 1 10 12 1 1 11 7 12 1 1 10 12 1 10 100 12 1 1 1 10 12 1 1 9 12 1 10 12 1 1 10 12 1 10 12 1 1 9 100 12 1 1 1 10 100 12 1 1 1 10 12 1 10 12 1 1 9 12 1 10 10 10 10 100 12 1 1 1 10 12 1 9 12 1 10 12 1 1 9 12 1 100 1 100 1 1 1 1 1 1 1 1 1 1 1 1 1 1 1 1 1 1 1 1 1 1 1 1 1 1 1 1 1 1 1 1 1 1 1 1 100 1 1 1 1 1 1 1 1 1 1 1 1 1 1 1 1 1 1 1 100 1 1 1 1 1 1 1 1 1 1 1 1 1 1 1 1 1 1 1 1 1 1 1 1 1 1 1 1 1 1 1 1 1 1 1 1 1 1 1 1 1 1 1 100 1 1 1 1 1 1 1 1 1 1 1 1 1 1 1 1 1 1 1 1 1 1 100 1 1 16 15 16 1 16 1 15 10 12 16 15 10 100 12 1 1 1 1 100 1 1 1 100 1 1 100 1 100 1 1
ciInstanceKlass java/lang/reflect/Constructor 1 1 437 10 7 12 1 1 1 10 7 12 1 1 9 7 12 1 1 1 9 12 1 1 10 12 1 1 10 12 1 1 10 12 1 1 10 7 12 1 1 10 7 12 1 1 1 9 12 1 1 9 12 1 1 9 12 1 9 12 1 1 9 12 1 9 12 1 1 9 12 1 1 9 12 1 100 1 8 1 10 12 1 10 12 1 9 12 1 1 10 7 12 1 1 1 10 12 1 1 10 12 1 1 10 12 1 7 1 100 1 8 1 10 10 12 1 10 12 1 10 12 1 1 9 100 12 1 1 1 10 7 12 1 1 10 12 1 1 10 12 1 10 12 1 1 10 7 12 1 1 1 10 100 12 1 1 10 12 1 1 10 12 1 10 100 12 1 1 1 8 1 10 10 12 1 100 1 8 1 10 12 1 10 12 1 1 10 12 1 1 10 12 1 10 12 1 10 12 1 1 10 12 1 1 9 12 1 1 10 12 1 1 10 12 1 1 10 12 1 1 11 7 12 1 1 1 10 12 1 1 10 12 1 10 12 1 10 12 1 8 1 9 12 1 1 10 7 12 1 1 1 10 7 12 1 1 10 12 1 1 10 12 1 1 10 12 1 1 10 12 1 1 10 12 1 9 100 12 1 1 10 12 1 10 12 1 10 12 1 100 1 8 1 10 10 12 1 1 10 12 1 10 10 12 1 1 10 12 1 1 10 100 12 1 1 1 11 100 12 1 1 1 10 12 1 1 9 100 12 1 1 1 10 100 12 1 1 1 10 12 1 1 1 1 1 1 1 1 1 1 1 1 1 1 1 1 1 1 1 1 1 1 1 1 1 1 1 1 1 1 1 1 1 1 1 1 1 1 1 1 1 1 1 1 1 1 1 1 1 1 1 1 1 1 1 1 100 1 100 1 100 1 100 1 1 1 1 1 1 1 1 1 1 1 1 1 1 1 1 1 1 1 1 1 1 1 1 1 1 1 1 1 1 1 1 100 1 1
ciInstanceKlass java/lang/reflect/Field 1 1 454 9 7 12 1 1 1 10 12 1 1 10 100 12 1 1 1 10 100 12 1 1 9 12 1 1 9 12 1 1 10 12 1 1 10 12 1 1 10 12 1 1 10 100 12 1 1 10 7 12 1 1 1 9 12 1 1 9 12 1 9 12 1 9 12 1 1 9 12 1 1 9 12 1 9 12 1 1 100 1 8 1 10 12 1 10 12 1 9 12 1 1 9 12 1 10 100 12 1 1 10 12 1 1 10 12 1 1 10 12 1 9 12 1 1 10 12 1 1 9 100 12 1 1 1 10 100 12 1 1 1 100 1 10 12 1 1 10 12 1 1 10 12 1 10 12 1 10 100 1 10 100 12 1 1 100 1 10 8 1 10 12 1 1 10 12 1 1 8 1 10 12 10 12 1 8 1 8 1 10 11 100 1 9 12 1 10 12 1 1 10 12 1 1 11 100 12 1 1 1 10 12 1 11 12 1 1 11 12 1 1 11 12 1 1 11 12 1 1 11 12 1 1 11 12 1 1 11 12 1 1 11 12 1 1 11 12 1 1 11 12 1 1 11 12 1 1 11 12 1 1 11 12 1 1 11 12 1 1 11 12 1 1 11 12 1 1 11 12 1 1 10 12 1 10 100 12 1 1 10 12 1 10 12 1 10 12 1 10 12 1 1 10 12 1 1 10 12 1 10 100 12 1 1 10 12 1 1 11 100 1 10 12 1 100 1 10 100 12 1 1 1 10 7 12 1 1 1 9 12 1 10 7 12 1 1 1 11 7 12 1 1 1 10 12 1 1 10 12 1 1 9 100 12 1 1 10 100 12 1 1 1 10 12 1 1 100 1 1 1 1 1 1 1 1 1 1 1 1 1 1 1 1 1 1 1 1 1 1 1 1 1 1 1 1 1 1 1 1 1 1 1 1 1 1 1 100 1 1 1 1 1 1 1 1 1 1 1 1 1 1 1 1 1 1 1 1 1 1 1 1 1 1 1 1 1 1 1 1 100 1 1 1 1 1 1 1 1 100 1 1 100 1 1
ciInstanceKlass java/lang/reflect/Parameter 1 1 256 10 7 12 1 1 1 9 7 12 1 1 1 9 12 1 1 9 12 1 1 9 12 1 10 12 1 1 10 12 1 1 10 7 12 1 1 1 100 1 10 10 12 1 1 11 100 12 1 1 1 10 12 1 10 100 12 1 1 1 10 12 1 1 10 12 1 10 12 1 8 1 8 1 10 7 12 1 1 1 10 12 1 10 12 9 100 12 1 1 1 9 100 12 1 1 1 10 12 1 1 10 12 1 1 10 100 12 1 1 1 10 12 1 8 1 10 12 1 9 12 1 1 10 12 1 1 9 12 1 1 10 12 1 1 10 12 1 1 10 12 1 1 10 12 1 10 10 12 1 10 100 12 1 1 1 10 12 1 1 11 100 12 1 1 10 100 12 1 1 100 1 10 100 12 1 1 1 10 12 1 1 10 12 1 1 10 12 1 1 10 12 1 1 9 12 1 100 1 10 11 12 1 11 12 1 1 100 1 1 1 1 1 1 1 1 1 1 1 1 1 1 1 1 1 1 1 1 1 1 1 1 1 1 1 1 1 1 1 1 1 1 1 1 1 1 1 100 1 1 1 1 1 100 1 1
ciInstanceKlass java/lang/reflect/Array 1 1 83 10 100 12 1 1 1 10 7 12 1 1 1 10 12 1 1 1 1 1 1 1 1 1 1 1 1 1 1 1 100 1 1 1 1 1 100 1 1 1 1 1 1 1 1 100 1 1 1 1 1 1 1 1 1 1 1 1 1 1 1 1 1 1 1 1 1 1 1 1 1 1 1 1 1 1 1 1 1 1 1 1 1
ciMethod java/lang/reflect/Array newInstance (Ljava/lang/Class;I)Ljava/lang/Object; 244 0 3361 0 -1
ciInstanceKlass java/lang/reflect/RecordComponent 0 0 196 10 100 12 1 1 1 9 100 12 1 1 1 9 12 1 1 9 12 1 10 12 1 1 10 12 1 1 10 100 12 1 1 1 10 12 1 1 9 12 1 1 10 12 1 1 10 12 1 1 10 12 1 10 100 12 1 1 10 100 12 1 1 9 12 1 1 10 100 12 1 1 1 11 100 12 1 1 1 10 9 100 12 1 1 1 10 100 12 1 1 1 9 12 1 1 10 100 12 1 1 1 10 12 1 1 11 100 12 1 1 10 100 12 1 1 100 1 9 12 1 9 12 1 1 9 12 1 10 100 12 1 1 1 10 12 1 1 10 12 1 1 100 1 10 10 12 1 10 12 1 1 8 1 10 12 1 10 12 1 9 12 1 100 1 1 1 1 1 1 1 1 1 1 1 1 1 1 1 1 1 1 1 1 1 1 100 1 1 1 1 1 1 100 1 1
ciInstanceKlass java/lang/StringBuffer 1 1 487 10 7 12 1 1 1 10 12 1 10 12 1 10 12 1 1 9 7 12 1 1 1 10 12 1 1 10 12 1 10 12 1 1 9 12 1 1 10 12 1 10 12 1 1 10 12 1 1 10 12 1 10 12 1 1 10 12 1 10 12 1 1 10 12 1 1 10 7 12 1 1 1 10 12 1 1 10 12 1 10 12 1 10 12 1 10 12 1 10 12 1 10 12 1 10 12 1 10 12 1 10 12 1 10 12 1 10 12 1 10 12 1 10 12 1 10 12 1 1 10 12 1 10 12 1 1 10 12 1 1 10 10 12 1 1 10 12 1 10 12 1 10 12 1 10 12 1 10 12 1 10 12 1 10 12 10 12 1 10 12 1 10 12 1 10 12 1 1 10 12 1 10 12 1 10 10 12 1 1 10 12 1 10 12 1 10 12 1 8 1 10 12 1 10 10 100 12 1 1 1 10 10 12 1 1 9 12 1 1 10 100 12 1 1 10 100 1 8 10 100 12 1 1 1 8 10 12 1 8 1 10 12 1 10 12 1 10 100 12 1 1 1 10 100 12 1 1 1 7 1 10 12 100 1 8 1 10 10 12 1 1 10 12 1 1 10 12 1 10 12 1 10 12 1 1 10 12 1 10 12 1 10 12 1 10 12 1 10 12 1 10 12 10 12 1 10 12 1 10 12 1 10 12 1 10 12 1 10 12 1 10 12 1 10 12 1 10 12 1 10 12 1 10 12 10 12 10 12 1 10 12 1 10 12 1 10 12 10 12 1 10 12 1 10 12 1 10 12 1 10 12 1 10 12 1 10 12 1 10 12 1 10 12 1 10 12 1 10 12 1 7 1 10 12 1 9 7 12 1 1 1 9 7 1 9 12 1 1 100 1 100 1 100 1 100 1 1 1 1 5 0 1 1 1 1 1 1 1 1 1 1 1 1 1 1 1 1 1 1 1 1 1 1 1 1 1 1 1 1 1 1 1 1 1 1 1 1 1 1 1 1 1 1 1 1 1 1 1 1 1 1 1 1 1 1 1 1 1 1 1 1 100 1 1 1 1 1 100 1 1 1 1 1 1 1 1 1 1 1 1 1 1 1 1 1 1
staticfield java/lang/StringBuffer serialPersistentFields [Ljava/io/ObjectStreamField; 3 [Ljava/io/ObjectStreamField;
instanceKlass java/lang/StringBuilder
instanceKlass java/lang/StringBuffer
ciInstanceKlass java/lang/AbstractStringBuilder 1 1 662 7 1 10 7 12 1 1 1 9 7 12 1 1 1 9 12 1 9 12 1 1 9 12 1 1 10 7 12 1 1 1 10 12 1 1 100 1 3 3 10 12 1 10 12 1 1 10 12 1 1 11 7 1 100 1 100 1 10 8 1 10 12 1 10 12 1 10 12 1 1 10 12 1 10 12 1 9 12 1 10 12 1 9 12 1 1 10 7 12 1 1 1 10 10 12 1 10 12 1 10 12 1 1 9 12 1 100 1 8 1 10 12 1 10 12 1 1 8 1 10 7 12 1 1 1 10 12 1 1 8 1 10 7 12 1 1 1 100 1 8 1 10 100 1 10 12 1 10 12 1 1 10 7 12 1 1 1 10 12 1 1 10 12 1 1 10 12 1 1 10 12 1 1 10 7 12 1 1 1 10 12 1 100 1 10 10 7 12 1 1 1 9 12 1 1 9 12 1 10 12 1 1 10 10 12 1 1 10 12 1 1 10 12 1 1 10 12 1 1 10 12 1 1 10 12 1 1 10 12 1 1 10 12 1 10 10 10 12 1 10 12 1 1 10 8 1 10 12 1 1 10 12 1 10 12 1 10 12 1 10 10 7 12 1 1 1 10 12 1 1 10 12 1 10 12 1 10 12 1 10 12 100 1 9 12 1 1 9 12 1 10 12 1 1 100 1 9 12 1 9 12 10 12 1 10 12 1 1 10 12 1 1 10 12 1 10 12 1 1 10 12 1 10 12 1 1 10 12 1 1 10 10 7 12 1 1 1 10 12 1 10 12 1 10 12 1 1 10 12 1 10 12 1 1 10 12 1 10 12 1 10 12 1 10 12 1 10 12 1 10 12 1 10 12 1 10 12 1 1 10 12 1 10 12 1 10 12 10 12 1 1 18 12 1 1 100 1 10 100 12 1 1 1 18 10 12 1 1 10 12 1 1 10 12 1 10 12 1 10 12 1 1 10 12 1 10 12 1 1 11 12 1 1 10 12 1 10 12 1 1 10 12 1 10 12 1 10 12 1 10 5 0 10 100 1 8 1 10 10 12 1 1 10 100 12 1 1 1 10 12 1 10 12 1 1 100 1 10 12 100 1 10 100 1 10 10 7 12 1 1 100 1 1 1 1 1 1 1 1 1 1 1 100 1 1 1 1 1 1 1 1 1 1 1 1 1 1 1 1 1 1 1 1 1 1 1 1 1 1 1 1 1 1 1 1 1 1 1 1 1 1 1 1 1 1 1 1 1 1 1 1 1 1 1 1 100 1 1 1 1 1 1 1 1 1 1 1 1 1 1 1 1 1 1 1 1 1 1 1 1 1 1 1 1 1 1 1 1 1 1 1 1 1 1 1 1 1 1 1 1 1 1 1 1 1 1 1 1 1 1 1 1 1 1 1 1 1 1 1 100 1 1 1 1 1 1 100 1 1 1 1 1 1 100 1 1 16 1 15 10 12 16 15 10 12 15 10 100 12 1 1 1 1 1 1 1 100 1 100 1 1
staticfield java/lang/AbstractStringBuilder EMPTYVALUE [B 0
staticfield java/lang/AbstractStringBuilder $assertionsDisabled Z 1
ciInstanceKlass java/lang/StringBuilder 1 1 425 10 7 12 1 1 1 10 12 1 10 12 1 10 12 1 1 10 7 12 1 1 1 10 7 12 1 1 1 10 12 1 10 12 1 10 12 1 10 12 1 10 12 1 10 12 1 10 12 1 10 12 1 10 12 1 10 12 1 10 12 1 10 12 1 10 12 1 10 12 1 1 10 12 1 10 12 1 1 10 12 1 1 10 12 1 10 12 1 10 12 1 10 12 1 10 12 1 10 12 1 10 12 1 10 12 10 12 1 10 12 1 10 12 1 10 12 1 1 10 12 1 10 12 1 10 12 10 12 1 1 10 12 1 10 12 1 10 12 1 1 8 1 10 12 1 10 100 12 1 1 1 9 12 1 1 10 12 1 10 12 1 10 12 1 1 9 12 1 1 10 100 12 1 1 1 10 100 1 10 12 1 1 10 100 12 1 1 10 12 1 10 12 1 1 100 1 100 1 8 1 10 10 12 1 1 10 12 1 10 12 1 10 12 1 1 10 12 1 10 12 1 10 12 1 10 12 1 10 12 1 10 12 10 12 1 10 12 1 10 12 1 10 12 1 10 12 1 10 12 1 10 12 1 10 12 1 10 12 1 1 10 12 1 1 10 12 1 10 12 1 10 12 1 10 12 10 12 10 12 1 10 12 1 10 12 1 10 12 10 12 1 10 12 1 10 12 1 10 12 1 10 12 1 10 12 1 10 12 1 10 12 1 10 12 1 1 10 12 1 10 12 1 1 10 12 1 10 12 1 1 10 12 1 10 12 1 1 10 12 1 10 12 1 10 12 1 10 10 10 12 1 100 1 100 1 100 1 100 1 1 1 1 5 0 1 1 1 1 1 1 1 1 1 1 1 1 1 1 1 1 1 1 1 1 1 1 1 1 1 1 1 1 1 1 1 1 1 1 1 1 1 1 1 1 1 1 1 1 100 1 1 1 100 1 1 1 1 1 1 1 1 1 1 1
ciMethod java/lang/StringBuilder toString ()Ljava/lang/String; 266 0 8732 0 -1
ciMethod java/lang/StringBuilder <init> (Ljava/lang/String;)V 542 0 467 0 -1
ciInstanceKlass java/security/CodeSource 1 1 396 10 7 12 1 1 1 9 7 12 1 1 1 9 12 1 1 9 12 1 1 9 12 1 1 10 7 12 1 1 1 9 12 1 1 10 100 12 1 1 10 100 10 100 12 1 1 1 10 12 1 1 10 12 1 1 100 1 10 10 100 12 1 1 1 10 100 12 1 1 1 10 12 1 1 100 1 10 12 1 1 10 12 1 1 10 12 1 1 10 12 1 10 10 100 1 10 12 1 1 10 100 12 1 1 1 10 12 1 1 10 12 1 10 12 1 8 1 10 12 1 10 12 1 10 12 1 1 10 12 1 8 1 10 12 1 1 10 100 1 10 10 12 1 1 8 1 10 12 1 10 12 1 10 12 1 8 1 8 1 9 12 1 1 100 1 8 1 10 12 1 10 12 1 1 8 1 10 12 1 8 1 8 1 8 1 10 100 12 1 1 10 12 1 1 10 12 1 10 12 1 1 10 12 1 1 10 12 1 1 100 1 100 1 10 12 1 10 12 10 12 1 1 10 100 12 1 1 10 12 1 100 1 10 12 10 100 12 1 1 1 10 8 1 10 12 1 10 12 1 1 100 1 10 12 1 1 100 1 100 1 8 1 8 1 10 10 12 1 1 10 100 12 1 1 1 100 1 10 12 10 12 1 1 11 100 12 1 1 10 10 12 1 11 10 12 1 8 1 100 1 10 12 1 10 12 1 1 10 12 1 11 12 1 1 100 1 1 1 1 5 0 1 1 1 1 1 1 1 1 1 1 1 1 1 1 1 1 1 1 1 1 1 1 1 1 1 1 1 1 1 1 1 1 1 1 1 1 1 1 1 1 1 1 1 1 1 1 1 1 1 1 1 1 1 1 1 1 1 1 1 1 1 1 1 1 1 1 100 1 1 1 1 1 1 1
ciInstanceKlass java/security/ProtectionDomain 1 1 141 10 7 12 1 1 1 9 7 12 1 1 1 9 12 1 1 9 12 1 1 10 7 12 1 1 7 1 9 12 1 9 12 1 1 7 1 9 12 1 1 9 12 1 10 100 12 1 1 10 100 12 1 1 1 10 12 1 1 10 12 1 8 1 100 1 8 1 10 12 1 10 11 12 1 1 10 100 12 1 1 1 10 12 1 1 8 1 11 8 1 10 12 1 8 1 8 1 8 1 10 12 1 8 1 8 1 1 1 1 1 1 1 1 100 1 1 100 1 1 1 1 1 1 1 1 1 1 1 1 1 1 1 1 1 1 1 100 1 1 1
instanceKlass jdk/internal/loader/BuiltinClassLoader
ciInstanceKlass java/security/SecureClassLoader 1 1 99 10 7 12 1 1 1 7 1 10 12 1 9 7 12 1 1 1 10 12 1 10 12 1 10 12 1 1 10 12 1 1 10 12 1 7 1 10 7 1 10 12 1 7 1 10 12 1 11 7 12 1 1 1 7 1 11 12 1 10 12 1 1 1 1 1 1 1 1 1 1 1 1 1 1 1 1 1 1 1 1 1 1 1 1 1 1 1 1 1 1 1 1 1 1 1 1 1 1
ciInstanceKlass java/net/URL 1 1 736 10 7 12 1 1 1 10 12 1 10 7 12 1 1 9 12 1 1 9 12 1 10 12 1 1 9 12 1 1 10 7 12 1 1 1 8 1 10 12 1 1 7 1 10 10 12 1 1 8 1 10 12 1 1 9 12 1 7 1 8 1 10 12 1 10 12 1 8 1 9 12 1 10 12 1 1 9 12 1 10 12 1 10 12 1 9 12 1 9 12 1 8 1 9 12 1 10 12 1 1 8 1 9 12 1 1 10 12 1 1 10 7 12 1 1 1 8 1 10 12 1 7 1 10 12 1 10 12 1 10 12 1 10 12 1 1 10 12 1 1 8 1 10 12 1 1 10 12 1 8 1 9 12 1 8 1 10 12 1 10 7 12 1 1 1 100 1 10 12 1 10 12 1 1 10 7 12 1 1 1 7 1 8 1 10 10 12 1 8 1 10 12 1 1 10 12 1 10 12 1 10 12 1 10 12 1 10 12 1 10 12 1 8 1 10 12 1 8 1 10 10 100 1 10 10 12 1 8 1 10 7 12 1 1 1 10 12 1 9 12 1 1 10 12 1 10 100 12 1 1 1 100 1 10 12 1 10 12 1 10 12 1 10 12 1 10 12 1 10 12 10 10 12 1 8 1 100 1 10 100 12 1 1 1 10 12 1 1 10 12 1 10 12 1 1 8 1 9 100 12 1 1 1 10 100 12 1 1 1 10 12 1 10 12 1 10 7 12 1 1 1 10 12 1 1 10 12 1 9 12 1 1 9 12 1 1 100 1 8 1 10 9 12 1 1 10 7 12 1 1 8 1 10 100 12 1 1 8 1 10 12 1 1 10 12 1 8 1 8 1 10 7 12 1 1 1 100 1 10 100 12 1 1 1 10 12 1 10 12 1 9 100 12 1 1 1 10 100 12 1 1 10 12 1 1 10 12 1 8 1 100 1 10 100 12 1 1 1 10 12 1 1 11 100 12 1 1 11 12 1 10 12 1 10 12 1 8 9 100 12 1 1 1 10 12 1 1 10 12 1 10 12 1 1 10 100 12 1 1 11 7 1 10 12 1 10 12 1 9 12 1 10 12 1 1 10 100 12 1 1 10 100 12 1 1 1 8 10 100 12 1 1 100 1 10 8 8 10 12 1 8 8 8 100 1 10 12 1 9 12 1 1 10 12 1 10 12 1 1 10 12 1 10 12 10 12 1 1 10 12 1 1 10 10 10 12 1 10 12 1 10 12 1 10 12 1 10 12 1 10 10 12 1 100 1 8 1 10 10 10 12 1 1 10 12 1 10 12 1 1 8 1 7 1 10 10 7 1 10 12 1 9 7 12 1 1 1 9 12 1 1 7 1 10 10 7 12 1 1 1 100 1 1 1 1 1 5 0 1 1 1 1 1 1 1 1 1 1 1 1 1 1 1 1 1 1 1 1 1 1 1 1 1 1 1 1 1 1 1 1 1 1 1 1 1 1 1 1 1 1 1 1 1 1 100 1 1 1 1 1 1 1 1 1 1 1 1 1 1 1 1 1 1 1 1 1 1 1 1 1 1 1 1 1 1 1 1 1 1 1 1 100 1 1 1 1 1 1 1 1 1 1 1 1 1 1 1 1 1 1 1 1 1 1 1 100 1 1 1 1 1 1 1 1 1 1 1 1 1 1 1 1 1 1 1
staticfield java/net/URL defaultFactory Ljava/net/URLStreamHandlerFactory; java/net/URL$DefaultFactory
staticfield java/net/URL handlers Ljava/util/Hashtable; java/util/Hashtable
staticfield java/net/URL streamHandlerLock Ljava/lang/Object; java/lang/Object
staticfield java/net/URL serialPersistentFields [Ljava/io/ObjectStreamField; 7 [Ljava/io/ObjectStreamField;
ciInstanceKlass java/util/jar/Manifest 1 1 320 10 7 12 1 1 1 7 1 10 9 7 12 1 1 1 7 1 10 9 12 1 1 9 12 1 1 10 12 1 10 12 1 1 10 12 1 1 10 12 1 1 10 12 1 1 11 7 1 11 12 1 1 10 12 1 1 10 100 12 1 1 1 100 1 100 1 10 8 1 10 12 1 1 10 12 1 1 10 12 1 10 12 1 11 100 1 10 12 1 10 12 1 1 11 12 1 1 10 12 1 11 12 1 1 11 100 12 1 1 1 11 100 12 1 1 11 12 1 1 100 1 10 12 1 8 1 11 12 1 7 1 10 12 1 1 11 12 1 10 12 1 10 12 1 10 9 7 12 1 1 1 10 12 1 1 10 100 12 1 10 12 1 10 12 1 9 100 12 1 1 1 8 1 10 12 1 8 1 8 1 7 1 10 12 1 10 12 1 10 12 1 1 100 1 8 1 10 12 1 1 8 1 10 10 12 1 1 8 1 10 12 1 1 10 100 12 1 1 1 10 12 1 10 11 12 1 1 10 12 1 1 10 7 12 1 1 1 10 12 1 1 10 12 1 10 12 1 1 11 10 12 1 11 10 12 1 100 1 1 1 1 1 1 1 1 1 1 1 1 1 1 1 1 1 1 1 1 1 1 1 1 1 1 1 1 1 1 1 1 1 1 1 100 1 1 1 1 1 1 1 1 1 1 1 1 1 1 100 1 1 1 1 1 1 1 1 1 1 1
ciInstanceKlass java/io/ByteArrayInputStream 1 1 135 10 7 12 1 1 1 9 7 12 1 1 1 9 12 1 1 9 12 1 9 12 1 10 100 12 1 1 1 10 7 12 1 1 1 10 7 12 1 1 1 10 100 12 1 1 1 10 12 1 1 10 100 12 1 1 1 100 1 100 1 100 1 3 10 100 1 10 100 12 1 1 1 9 12 1 1 100 1 10 10 7 12 1 1 1 1 1 1 1 1 1 1 1 1 1 1 1 1 1 1 1 1 1 1 1 1 1 1 1 1 1 1 1 1 1 1 1 100 1 100 1 1 1 1 1 1 1 1 1 1 1 1 1 1
staticfield java/io/ByteArrayInputStream $assertionsDisabled Z 1
instanceKlass java/nio/IntBuffer
instanceKlass java/nio/LongBuffer
instanceKlass java/nio/CharBuffer
instanceKlass java/nio/ByteBuffer
ciInstanceKlass java/nio/Buffer 1 1 259 100 1 10 7 12 1 1 1 9 7 12 1 1 1 9 12 1 9 12 1 1 9 12 1 9 12 1 1 10 12 1 1 10 12 1 1 10 12 100 1 100 1 10 8 1 10 12 1 1 10 12 1 8 1 8 1 10 12 1 1 10 12 1 8 1 9 12 1 1 100 1 8 1 10 12 1 8 1 8 1 9 12 10 12 1 8 1 8 1 8 1 10 12 1 8 1 8 1 8 1 100 1 10 100 1 10 100 1 10 9 12 1 1 10 7 12 1 1 1 100 1 10 12 1 1 10 12 1 10 100 12 1 1 10 7 12 1 1 1 10 7 12 1 1 1 9 12 1 1 10 7 12 1 1 1 9 12 1 1 7 1 10 10 12 1 1 7 1 10 10 7 12 1 1 1 1 1 3 1 1 1 1 1 1 1 1 1 1 1 1 1 1 100 1 1 1 1 1 1 1 100 1 1 1 1 1 1 1 1 1 1 1 1 1 1 1 1 1 1 1 1 1 1 1 1 1 1 1 1 1 1 1 1 1 1 1 1 1 1 1 1 1 1 100 1 100 1 100 1 100 1 100 1 100 1 100 1 1
staticfield java/nio/Buffer UNSAFE Ljdk/internal/misc/Unsafe; jdk/internal/misc/Unsafe
staticfield java/nio/Buffer SCOPED_MEMORY_ACCESS Ljdk/internal/misc/ScopedMemoryAccess; jdk/internal/misc/ScopedMemoryAccess
staticfield java/nio/Buffer IOOBE_FORMATTER Ljava/util/function/BiFunction; jdk/internal/util/Preconditions$4
staticfield java/nio/Buffer $assertionsDisabled Z 1
ciInstanceKlass java/util/function/Function 1 1 77 10 7 12 1 1 1 18 12 1 1 18 18 12 1 11 7 12 1 100 1 1 1 1 1 1 1 1 1 1 1 1 1 1 1 1 1 1 1 1 1 1 1 1 1 1 1 1 1 1 1 1 1 1 16 15 11 12 15 11 12 15 11 12 15 10 7 12 1 1 1 1 100 1 100 1 1
ciInstanceKlass java/lang/AssertionStatusDirectives 0 0 24 10 100 12 1 1 1 100 1 1 1 1 1 1 1 1 1 1 1 1 1 1 1 1
instanceKlass jdk/internal/classfile/impl/AnnotationImpl$OfBooleanImpl
instanceKlass jdk/internal/classfile/impl/AnnotationImpl$OfClassImpl
instanceKlass jdk/internal/classfile/impl/AnnotationImpl$OfIntImpl
instanceKlass jdk/internal/classfile/impl/AnnotationImpl$OfEnumImpl
instanceKlass jdk/internal/classfile/impl/UnboundAttribute$UnboundInnerClassInfo
instanceKlass org/springframework/core/type/classreading/ClassFileAnnotationDelegate$Source
instanceKlass jdk/internal/classfile/impl/AnnotationImpl$AnnotationElementImpl
instanceKlass jdk/internal/classfile/impl/AnnotationImpl$OfArrayImpl
instanceKlass jdk/internal/classfile/impl/AnnotationImpl$OfStringImpl
instanceKlass org/springframework/core/type/classreading/ClassFileMethodMetadata$Source
instanceKlass jdk/internal/classfile/impl/AbstractInstruction$SwitchCaseImpl
instanceKlass sun/util/locale/LanguageTag
instanceKlass org/springframework/boot/context/properties/bind/JavaBeanBinder$Bean$CacheKey
instanceKlass org/springframework/boot/autoconfigure/preinitialize/BackgroundPreinitializingApplicationListener$Runner
instanceKlass org/springframework/boot/SpringApplicationShutdownHook$Handler
instanceKlass java/lang/reflect/Executable$ParameterData
instanceKlass org/springframework/boot/context/properties/bind/ValueObjectBinder$ValueObject$CacheKey
instanceKlass org/springframework/boot/context/properties/source/SoftReferenceConfigurationPropertyCache$ActiveCacheOverride
instanceKlass org/springframework/boot/context/properties/source/SpringIterableConfigurationPropertySource$Cache$Data
instanceKlass org/springframework/boot/support/SpringFactoriesEnvironmentPostProcessorsFactory$Adapter
instanceKlass jdk/internal/classfile/impl/StackCounter$Target
instanceKlass jdk/internal/classfile/impl/StackMapDecoder$StackMapFrameImpl
instanceKlass jdk/internal/classfile/impl/StackMapDecoder$ObjectVerificationTypeInfoImpl
instanceKlass java/lang/reflect/Proxy$ProxyBuilder$ProxyClassContext
instanceKlass java/lang/ClassValue$Version
instanceKlass org/springframework/core/io/support/SpringFactoriesLoader$Factories
instanceKlass java/lang/invoke/StringConcatFactory$InlineHiddenClassStrategy$MethodHandlePair
instanceKlass java/util/Formatter$FixedString
instanceKlass jdk/net/UnixDomainPrincipal
instanceKlass java/security/SecureClassLoader$CodeSourceKey
instanceKlass java/util/zip/ZipFile$EntryPos
instanceKlass sun/nio/fs/WindowsPathParser$Result
instanceKlass jdk/internal/module/ModuleReferenceImpl$CachedHash
instanceKlass java/util/stream/Collectors$CollectorImpl
instanceKlass java/lang/invoke/MethodHandles$Lookup$ClassDefiner
instanceKlass jdk/internal/classfile/impl/ClassHierarchyImpl$ClassHierarchyInfoImpl
instanceKlass java/lang/classfile/ClassHierarchyResolver$1Factory
instanceKlass jdk/internal/classfile/impl/RawBytecodeHelper$CodeRange
instanceKlass jdk/internal/classfile/impl/StackMapGenerator$Type
instanceKlass jdk/internal/classfile/impl/Util$1WithCodeMethodHandler
instanceKlass jdk/internal/classfile/impl/DirectCodeBuilder$DeferredLabel
instanceKlass java/lang/invoke/InvokerBytecodeGenerator$ClassData
instanceKlass jdk/internal/classfile/impl/AnnotationImpl
instanceKlass jdk/internal/reflect/ReflectionFactory$Config
instanceKlass jdk/internal/foreign/abi/UpcallLinker$CallRegs
instanceKlass jdk/internal/foreign/abi/VMStorage
ciInstanceKlass java/lang/Record 1 1 22 10 7 12 1 1 1 100 1 1 1 1 1 1 1 1 1 1 1 1 1 1
ciMethod java/lang/Record <init> ()V 516 0 10756 0 80
ciInstanceKlass java/util/concurrent/ConcurrentHashMap 1 1 1219 100 1 7 1 10 7 12 1 1 1 10 12 1 1 9 12 1 1 3 10 7 12 1 1 1 3 100 1 10 7 12 1 1 1 100 1 10 100 12 1 1 1 100 1 11 12 1 1 11 12 1 11 12 1 1 9 12 1 1 9 12 1 9 12 1 1 10 7 12 1 1 1 7 1 10 12 1 1 10 12 1 1 10 7 12 1 1 1 4 10 12 1 11 7 12 1 1 10 12 1 10 12 1 1 100 1 10 5 0 10 12 1 9 12 1 10 12 1 1 5 0 10 12 1 10 12 1 9 12 1 1 10 12 1 1 9 12 1 9 12 1 1 10 12 1 1 9 12 1 10 12 1 1 9 12 1 1 10 12 1 1 100 1 10 7 1 10 12 1 10 12 1 1 10 12 1 1 10 12 1 1 10 12 1 10 12 1 1 10 12 1 1 100 1 10 12 1 1 7 1 100 1 8 1 10 12 1 10 12 1 1 10 12 1 1 10 10 12 1 11 12 1 1 11 7 12 1 1 1 11 7 12 1 1 1 11 12 1 7 1 11 12 1 11 12 1 10 12 1 1 10 12 1 1 9 12 1 1 10 100 12 1 1 1 9 10 12 1 1 9 12 1 10 12 1 1 5 0 9 12 1 1 7 1 10 12 1 9 12 1 1 7 1 10 12 1 9 12 1 7 1 10 100 1 10 10 12 1 1 8 1 10 12 1 10 12 1 1 11 100 1 10 12 1 10 100 12 1 1 1 8 1 10 100 12 1 1 1 8 1 10 12 1 8 1 10 12 1 10 12 1 1 10 100 12 1 1 10 12 1 10 12 1 10 12 1 9 12 1 9 10 12 1 9 12 1 11 7 12 1 1 1 11 7 12 1 1 1 100 1 10 12 11 100 12 1 1 10 11 7 12 1 10 12 1 100 1 10 12 1 100 1 10 10 9 7 12 1 1 1 3 10 100 12 1 1 9 12 1 10 12 1 1 9 12 1 1 9 12 1 10 12 1 1 10 100 12 1 1 9 12 1 9 7 12 1 1 10 12 1 1 10 12 1 3 9 12 1 9 12 1 10 12 1 1 7 1 9 3 100 1 10 12 1 9 12 1 10 12 1 9 12 1 10 12 1 9 12 1 10 100 12 1 1 1 100 10 12 1 100 1 5 0 10 100 12 1 1 100 1 10 12 1 1 10 12 1 10 12 1 100 1 10 12 1 10 100 1 100 1 10 10 12 1 10 100 1 10 12 1 10 100 1 10 12 1 10 100 1 10 12 1 1 100 1 10 12 1 10 10 12 1 100 1 10 12 1 10 10 12 1 100 1 10 12 1 10 100 1 10 12 1 10 100 1 10 12 1 10 100 1 10 12 1 10 100 1 10 12 1 10 100 1 10 12 1 10 100 1 10 12 1 10 100 1 10 12 1 10 100 1 10 10 100 1 10 10 100 1 10 10 100 1 10 12 1 10 100 1 10 12 1 10 100 1 10 12 1 10 100 1 10 12 1 10 100 1 10 12 1 10 100 1 10 10 100 1 10 10 100 1 10 10 100 1 10 12 1 10 100 1 10 12 1 10 100 1 10 12 1 10 100 1 10 12 1 10 100 1 10 12 1 10 10 12 1 10 12 1 7 1 7 1 10 12 1 9 12 1 1 9 12 1 1 10 12 1 1 8 10 12 1 1 8 8 8 8 7 10 12 1 1 10 12 1 1 100 1 8 1 10 7 1 100 1 100 1 1 1 5 0 1 1 3 1 3 1 1 1 1 3 1 3 1 3 1 1 1 1 1 3 1 3 1 3 1 1 1 1 1 1 1 1 1 1 1 1 1 1 1 1 1 1 1 1 1 1 1 1 1 1 1 100 1 1 1 1 1 1 1 1 1 1 1 1 1 1 1 1 1 1 1 1 1 1 1 1 1 1 1 1 1 1 1 1 1 1 1 1 1 1 1 1 1 1 1 1 1 1 1 1 1 1 1 1 1 1 1 1 1 1 1 1 1 1 1 1 1 1 1 1 1 1 1 1 1 1 1 1 1 1 1 1 1 1 1 1 100 1 1 1 1 1 1 1 1 1 1 1 100 1 1 1 1 1 1 1 1 1 1 1 1 1 1 1 1 1 1 1 1 1 1 1 1 1 1 1 1 1 1 1 1 1 1 1 1 1 1 1 1 1 1 1 1 1 1 1 1 1 1 1 1 1 1 1 1 1 1 1 1 1 1 1 1 1 1 1 1 1 1 1 1 1 1 1 1 1 1 1 1 1 1 1 1 1 1 1 1 1 1 1 1 1 1 1 1 1 1 1 1 1 1 1 1 1 1 1 1 1 1 1 1 1 1 1 1 1 1 1 1 1 1 1 1 1 1 1 1 1 1 1 1 1 1 1 1 1 1 1 1 1 1 1 1 1 1 1 1 1 1 1 1 1 1 1 1 1 1 1 1 1 1 1 1 1 1 1 1 1 1 1 1 1 1 1 1 1 1 1 1 1 1 1 1 1 1 1 1 1 1 1 1 1 1 1 1 1 1 1 1 1 1 1 1 1 1 1 1 1 1 1 1 1 1 1 1 1 1 1 1 1 1 1 100 1 100 1 100 1 100 1 100 1 100 1 100 1 100 1 100 1 1 1 1 1 1 1 1 1 1 1 1 1 1 1 1 1 1 1 1 1 1 1 1 1 1 1 1 1 1 1 1 1 1 1 1 1 1 1 1 1 1 1 1 1 1 1 1 1 1 1 1 1 1 1 1 1 1
staticfield java/util/concurrent/ConcurrentHashMap serialPersistentFields [Ljava/io/ObjectStreamField; 3 [Ljava/io/ObjectStreamField;
staticfield java/util/concurrent/ConcurrentHashMap U Ljdk/internal/misc/Unsafe; jdk/internal/misc/Unsafe
staticfield java/util/concurrent/ConcurrentHashMap SIZECTL J 44
staticfield java/util/concurrent/ConcurrentHashMap TRANSFERINDEX J 56
staticfield java/util/concurrent/ConcurrentHashMap BASECOUNT J 48
staticfield java/util/concurrent/ConcurrentHashMap CELLSBUSY J 60
staticfield java/util/concurrent/ConcurrentHashMap CELLVALUE J 144
staticfield java/util/concurrent/ConcurrentHashMap ABASE J 16
staticfield java/util/concurrent/ConcurrentHashMap ASHIFT I 2
instanceKlass tools/jackson/databind/util/internal/PrivateMaxEntriesMap
instanceKlass org/springframework/util/ConcurrentReferenceHashMap
instanceKlass java/util/Collections$SingletonMap
instanceKlass java/util/TreeMap
instanceKlass java/util/concurrent/ConcurrentSkipListMap
instanceKlass java/util/IdentityHashMap
instanceKlass java/util/EnumMap
instanceKlass java/util/WeakHashMap
instanceKlass java/util/Collections$EmptyMap
instanceKlass sun/util/PreHashedMap
instanceKlass java/util/HashMap
instanceKlass java/util/ImmutableCollections$AbstractImmutableMap
instanceKlass java/util/concurrent/ConcurrentHashMap
ciInstanceKlass java/util/AbstractMap 1 1 198 10 7 12 1 1 1 10 7 12 1 1 1 11 7 12 1 1 1 10 11 12 1 1 11 7 12 1 1 1 11 12 1 1 7 1 11 12 1 10 12 1 1 11 12 1 100 1 10 11 12 1 11 7 1 10 12 1 1 11 12 1 9 12 1 1 100 1 10 12 1 9 12 1 1 7 1 10 11 11 12 1 1 11 12 1 100 1 100 1 11 12 1 8 1 100 1 10 10 12 1 1 8 1 10 12 1 10 12 1 1 10 12 1 1 1 1 1 1 1 1 1 1 1 1 1 1 1 1 1 1 1 1 1 1 1 1 1 1 1 1 1 1 1 1 1 1 1 1 1 1 1 1 100 1 1 1 1 1 1 1 100 1 1 1 1 1 1 1 1 1 100 1 1 1 1 1 1 1 1 1 100 1 100 1 100 1 100 1 100 1 1 1 1 1 1 1 1
ciInstanceKlass java/util/concurrent/ConcurrentMap 1 1 201 11 100 12 1 1 1 10 100 12 1 1 11 12 1 1 11 100 12 1 1 1 11 100 12 1 1 1 11 12 1 1 100 1 11 12 1 11 12 1 100 1 11 100 12 1 1 1 18 12 1 11 12 1 1 11 100 12 1 1 11 12 1 1 11 100 12 1 11 12 1 1 11 12 1 1 100 1 100 1 1 1 1 1 1 1 1 1 1 1 1 1 1 1 1 1 1 1 1 1 1 1 1 1 1 1 1 1 1 1 1 1 1 1 1 1 1 1 1 1 1 1 1 1 1 1 1 1 1 1 1 1 1 1 1 1 1 1 1 16 15 11 12 15 10 100 12 1 1 1 1 1 100 1 100 1 1 1 100 1 8 1 1 12 10 1 8 1 1 1 8 1 8 1 1 8 1 1 1 8 1 1 1 8 1 1 8 1 8 1 1 1 8 1 1 8 1 1 1 8 1
ciInstanceKlass java/util/Collection 1 1 115 11 100 12 1 1 1 100 1 11 7 12 1 1 1 10 7 12 1 1 1 11 12 1 1 11 7 12 1 1 1 11 12 1 1 11 100 12 1 1 1 11 12 1 1 10 100 12 1 1 1 11 12 1 10 7 12 1 1 1 100 1 100 1 1 1 1 1 1 1 1 1 1 1 1 1 1 1 1 1 1 1 1 1 1 1 1 1 1 1 1 1 1 1 1 1 1 1 1 1 1 1 1 1 1 1 1 1 1 1 1 1 1 1 1
instanceKlass jdk/internal/loader/ClassLoaders$BootClassLoader
instanceKlass jdk/internal/loader/ClassLoaders$PlatformClassLoader
instanceKlass jdk/internal/loader/ClassLoaders$AppClassLoader
ciInstanceKlass jdk/internal/loader/BuiltinClassLoader 1 1 652 9 7 12 1 1 1 10 7 12 1 1 1 10 7 12 1 1 1 9 12 1 1 9 12 1 1 7 1 10 12 1 9 12 1 10 12 1 9 12 1 10 7 12 1 1 1 10 7 12 1 1 1 10 7 12 1 1 1 11 7 12 1 1 1 100 1 100 1 10 10 12 1 1 8 1 10 12 1 10 12 7 1 10 12 1 10 12 1 1 11 7 12 1 1 1 11 7 12 1 1 1 11 12 1 1 7 1 8 1 8 1 10 9 12 1 1 10 7 12 1 1 11 12 1 1 10 12 1 1 10 12 1 1 10 12 1 1 11 7 12 1 1 1 10 7 12 1 1 100 1 10 100 12 1 1 1 10 7 12 1 1 1 10 12 1 10 12 1 100 1 8 1 10 12 1 1 10 8 1 10 12 1 1 10 12 1 1 10 12 1 1 11 7 12 1 1 11 12 1 7 1 10 11 12 1 1 11 10 12 1 1 7 1 10 12 1 10 7 12 1 10 12 1 11 12 1 1 11 7 1 11 12 1 100 1 10 12 1 1 100 1 100 1 11 12 1 1 10 12 1 10 12 10 12 1 10 7 12 1 1 1 7 1 10 10 12 1 1 10 12 1 1 10 12 1 1 10 12 1 9 12 1 1 100 1 10 10 12 1 1 10 12 1 1 10 12 1 10 12 10 12 1 1 10 12 1 1 10 12 1 1 10 12 1 10 12 1 1 10 12 1 1 10 12 1 10 12 1 1 10 12 1 7 1 10 12 10 7 12 1 1 1 10 12 1 11 12 1 7 1 10 12 1 7 1 100 1 10 12 1 10 12 1 11 12 1 1 10 12 1 1 10 12 1 1 10 12 1 1 10 12 1 1 10 12 1 10 12 1 10 12 1 10 12 1 8 1 10 12 1 1 10 7 12 1 1 10 12 1 100 1 8 1 8 1 10 10 12 1 8 1 8 1 10 7 12 1 1 1 11 7 12 1 1 1 9 7 12 1 1 1 10 7 12 1 1 1 9 12 1 9 12 1 9 12 1 9 12 1 9 12 1 9 12 1 10 7 12 1 1 1 8 1 10 12 1 7 1 10 11 12 1 1 10 12 10 12 1 10 12 1 100 1 10 12 1 10 12 1 11 11 12 1 10 7 12 1 1 10 7 12 1 1 8 1 10 7 12 1 1 10 12 1 1 1 1 1 1 1 1 1 1 1 1 1 1 1 1 1 1 1 1 1 1 1 1 1 1 1 1 1 1 1 1 1 1 1 1 1 1 1 1 1 1 1 1 1 1 1 1 1 1 1 1 1 1 1 100 1 1 1 1 1 1 1 1 1 1 1 1 1 100 1 100 1 1 1 1 1 1 1 1 1 1 1 1 1 1 1 1 1 1 1 1 1 1 1 1 1 1 1 1 1 1 1 1 1 1 1 1 1 1 1 1 1 1 1 1 1 1 1 100 1 1 1 100 1 1 1 1 1
staticfield jdk/internal/loader/BuiltinClassLoader packageToModule Ljava/util/Map; java/util/concurrent/ConcurrentHashMap
staticfield jdk/internal/loader/BuiltinClassLoader $assertionsDisabled Z 1
ciInstanceKlass jdk/internal/loader/ClassLoaders$AppClassLoader 1 1 57 8 1 10 7 12 1 1 1 10 7 12 1 1 1 10 12 1 1 10 7 12 1 1 1 100 1 10 12 1 1 1 1 1 1 1 1 1 1 1 1 1 1 1 1 1 1 1 1 1 1 1 1 100 1 1 1
ciInstanceKlass jdk/internal/loader/ClassLoaders$PlatformClassLoader 1 1 42 8 1 10 7 12 1 1 1 10 7 12 1 1 1 100 1 10 12 1 100 1 1 1 1 1 1 1 1 1 1 1 1 1 1 100 1 1 1 100 1 1
ciInstanceKlass java/lang/ArithmeticException 1 1 26 10 100 12 1 1 1 10 12 1 100 1 1 1 1 5 0 1 1 1 1 1 1 1 1 1
instanceKlass sun/security/pkcs11/wrapper/PKCS11Exception
instanceKlass java/security/GeneralSecurityException
instanceKlass org/apache/catalina/LifecycleException
instanceKlass java/beans/IntrospectionException
instanceKlass java/util/concurrent/ExecutionException
instanceKlass org/springframework/expression/AccessException
instanceKlass javax/xml/parsers/ParserConfigurationException
instanceKlass org/xml/sax/SAXException
instanceKlass jakarta/servlet/ServletException
instanceKlass ch/qos/logback/core/spi/ScanException
instanceKlass java/text/ParseException
instanceKlass sun/nio/fs/WindowsException
instanceKlass javax/naming/NamingException
instanceKlass java/net/URISyntaxException
instanceKlass java/util/concurrent/TimeoutException
instanceKlass java/lang/InterruptedException
instanceKlass ch/qos/logback/core/boolex/EvaluationException
instanceKlass ch/qos/logback/core/util/DynamicClassLoadingException
instanceKlass ch/qos/logback/core/util/IncompatibleClassException
instanceKlass ch/qos/logback/core/joran/spi/JoranException
instanceKlass java/lang/CloneNotSupportedException
instanceKlass java/io/IOException
instanceKlass java/lang/ReflectiveOperationException
instanceKlass java/lang/RuntimeException
ciInstanceKlass java/lang/Exception 1 1 40 10 7 12 1 1 1 10 12 1 10 12 1 10 12 1 10 12 1 100 1 1 1 1 5 0 1 1 1 1 1 1 1 1 1 1 1 1 1 1
instanceKlass java/security/ProviderException
instanceKlass java/lang/MatchException
instanceKlass org/apache/juli/logging/LogConfigurationException
instanceKlass org/springframework/expression/ExpressionException
instanceKlass java/util/concurrent/CompletionException
instanceKlass java/lang/reflect/MalformedParametersException
instanceKlass java/nio/file/FileSystemNotFoundException
instanceKlass tools/jackson/core/JacksonException
instanceKlass org/springframework/boot/context/properties/bind/UnboundConfigurationPropertiesException
instanceKlass org/springframework/boot/context/config/ConfigDataException
instanceKlass org/springframework/boot/context/properties/bind/BindException
instanceKlass java/time/DateTimeException
instanceKlass org/springframework/boot/context/properties/source/InvalidConfigurationPropertyValueException
instanceKlass java/util/MissingResourceException
instanceKlass java/lang/reflect/InaccessibleObjectException
instanceKlass java/util/concurrent/RejectedExecutionException
instanceKlass org/springframework/core/NestedRuntimeException
instanceKlass java/lang/TypeNotPresentException
instanceKlass org/springframework/boot/context/properties/source/InvalidConfigurationPropertyNameException
instanceKlass java/lang/reflect/UndeclaredThrowableException
instanceKlass java/io/UncheckedIOException
instanceKlass ch/qos/logback/core/LogbackException
instanceKlass java/lang/UnsupportedOperationException
instanceKlass java/util/ConcurrentModificationException
instanceKlass java/util/NoSuchElementException
instanceKlass org/apache/logging/log4j/util/InternalException
instanceKlass org/apache/logging/log4j/LoggingException
instanceKlass org/apache/commons/logging/LogConfigurationException
instanceKlass java/lang/SecurityException
instanceKlass org/springframework/boot/AotInitializerNotFoundException
instanceKlass org/springframework/boot/SpringApplication$AbandonedRunException
instanceKlass java/lang/IllegalStateException
instanceKlass java/lang/IllegalArgumentException
instanceKlass java/lang/IndexOutOfBoundsException
instanceKlass java/lang/ArithmeticException
instanceKlass java/lang/NullPointerException
instanceKlass java/lang/IllegalCallerException
instanceKlass java/lang/IllegalMonitorStateException
instanceKlass java/lang/ArrayStoreException
instanceKlass java/lang/ClassCastException
ciInstanceKlass java/lang/RuntimeException 1 1 40 10 7 12 1 1 1 10 12 1 10 12 1 10 12 1 10 12 1 100 1 1 1 1 5 0 1 1 1 1 1 1 1 1 1 1 1 1 1 1
ciInstanceKlass java/lang/ArrayIndexOutOfBoundsException 1 1 45 10 100 12 1 1 1 10 12 1 100 1 10 8 1 10 12 1 1 10 12 1 10 12 1 1 100 1 1 1 1 5 0 1 1 1 1 1 1 1 1 1 1 1 1
ciInstanceKlass java/lang/ArrayStoreException 1 1 26 10 100 12 1 1 1 10 12 1 100 1 1 1 1 5 0 1 1 1 1 1 1 1 1 1
ciInstanceKlass java/lang/ClassCastException 1 1 26 10 100 12 1 1 1 10 12 1 100 1 1 1 1 5 0 1 1 1 1 1 1 1 1 1
ciInstanceKlass java/lang/ClassNotFoundException 1 1 96 7 1 10 7 12 1 1 1 10 12 1 10 12 1 1 10 100 12 1 1 1 8 1 10 100 12 1 1 1 10 7 12 1 1 10 100 12 1 1 1 10 100 12 1 1 1 10 12 1 1 7 1 10 12 1 9 12 1 1 1 1 1 5 0 1 1 1 1 1 1 1 1 1 1 1 1 1 1 1 1 1 1 100 1 1 1 1 1 1 1 1 1 1 1 1
staticfield java/lang/ClassNotFoundException serialPersistentFields [Ljava/io/ObjectStreamField; 1 [Ljava/io/ObjectStreamField;
instanceKlass java/lang/IllegalAccessException
instanceKlass java/lang/InstantiationException
instanceKlass java/lang/reflect/InvocationTargetException
instanceKlass java/lang/NoSuchFieldException
instanceKlass java/lang/NoSuchMethodException
instanceKlass java/lang/ClassNotFoundException
ciInstanceKlass java/lang/ReflectiveOperationException 1 1 34 10 7 12 1 1 1 10 12 1 10 12 1 10 12 1 100 1 1 1 1 5 0 1 1 1 1 1 1 1 1 1 1 1
instanceKlass org/springframework/http/InvalidMediaTypeException
instanceKlass org/springframework/util/InvalidMimeTypeException
instanceKlass java/security/InvalidParameterException
instanceKlass java/lang/NumberFormatException
ciInstanceKlass java/lang/IllegalArgumentException 1 1 35 10 7 12 1 1 1 10 12 1 10 12 1 10 12 1 100 1 1 1 1 5 0 1 1 1 1 1 1 1 1 1 1 1 1
ciMethod java/lang/IllegalArgumentException <init> (Ljava/lang/String;)V 0 0 1 0 -1
ciInstanceKlass java/lang/IllegalCallerException 0 0 35 10 100 12 1 1 1 10 12 1 10 12 1 10 12 1 100 1 1 1 1 5 0 1 1 1 1 1 1 1 1 1 1 1 1
ciInstanceKlass java/lang/IllegalMonitorStateException 1 1 26 10 100 12 1 1 1 10 12 1 100 1 1 1 1 5 0 1 1 1 1 1 1 1 1 1
ciInstanceKlass java/lang/BootstrapMethodError 0 0 45 10 100 12 1 1 1 10 12 1 10 12 1 10 100 12 1 1 1 10 100 12 1 1 1 1 1 1 5 0 1 1 1 1 1 1 1 1 1 1 1 100 1 1 1
instanceKlass java/lang/AssertionError
instanceKlass java/lang/ThreadDeath
instanceKlass java/util/ServiceConfigurationError
instanceKlass java/lang/VirtualMachineError
instanceKlass java/lang/LinkageError
ciInstanceKlass java/lang/Error 1 1 58 10 7 12 1 1 1 9 12 1 1 10 100 12 1 1 1 10 100 12 1 1 1 10 12 1 10 12 1 10 12 1 10 12 1 100 1 1 1 1 5 0 1 1 1 1 1 1 1 1 100 1 1 1 1 1 1 1
instanceKlass java/lang/IncompatibleClassChangeError
instanceKlass java/lang/BootstrapMethodError
instanceKlass java/lang/NoClassDefFoundError
ciInstanceKlass java/lang/LinkageError 1 1 31 10 7 12 1 1 1 10 12 1 10 12 1 100 1 1 1 1 5 0 1 1 1 1 1 1 1 1 1 1 1
ciInstanceKlass java/lang/NullPointerException 1 1 52 10 100 12 1 1 1 10 12 1 9 100 12 1 1 1 10 12 1 1 9 12 1 1 10 12 1 1 10 12 1 1 1 1 5 0 1 1 1 1 1 1 1 1 100 1 100 1 100 1 1 1
ciInstanceKlass java/lang/InternalError 1 1 34 10 7 12 1 1 1 10 12 1 10 12 1 10 12 1 100 1 1 1 1 5 0 1 1 1 1 1 1 1 1 1 1 1
instanceKlass java/lang/StackOverflowError
instanceKlass java/lang/OutOfMemoryError
instanceKlass java/lang/InternalError
ciInstanceKlass java/lang/VirtualMachineError 1 1 34 10 7 12 1 1 1 10 12 1 10 12 1 10 12 1 100 1 1 1 1 5 0 1 1 1 1 1 1 1 1 1 1 1
ciInstanceKlass java/lang/NoClassDefFoundError 0 0 26 10 100 12 1 1 1 10 12 1 100 1 1 1 1 5 0 1 1 1 1 1 1 1 1 1
ciInstanceKlass java/lang/OutOfMemoryError 1 1 26 10 100 12 1 1 1 10 12 1 100 1 1 1 1 5 0 1 1 1 1 1 1 1 1 1
ciInstanceKlass java/lang/StackOverflowError 1 1 26 10 100 12 1 1 1 10 12 1 100 1 1 1 1 5 0 1 1 1 1 1 1 1 1 1
ciInstanceKlass java/lang/StackTraceElement 1 1 235 10 7 12 1 1 1 10 7 12 1 1 9 12 1 1 9 12 1 1 9 12 1 9 12 1 8 1 10 100 12 1 1 1 100 1 9 12 1 8 1 9 12 1 9 12 1 9 12 1 1 10 12 1 1 10 12 1 8 1 10 100 12 1 1 1 100 1 10 12 1 10 12 1 1 10 12 1 10 12 1 1 10 12 1 10 12 1 10 10 12 1 8 1 10 12 1 10 12 1 1 10 12 1 1 10 12 1 10 12 1 10 12 1 9 12 1 1 10 7 12 1 1 1 10 12 1 1 7 1 10 12 1 1 10 7 12 1 1 10 7 12 1 1 1 10 7 12 1 1 10 7 12 1 1 10 10 12 1 1 10 12 1 1 10 12 1 1 10 12 1 100 1 1 1 1 1 1 1 3 1 3 1 1 5 0 1 1 1 1 1 1 1 1 1 1 1 1 1 1 1 1 1 1 1 1 1 1 1 1 1 1 1 1 1 100 1 100 1 1 1 1 1 1 1 100 1 1 1 1 1 1 1 1 1
instanceKlass java/util/concurrent/locks/AbstractQueuedLongSynchronizer
instanceKlass java/util/concurrent/locks/AbstractQueuedSynchronizer
ciInstanceKlass java/util/concurrent/locks/AbstractOwnableSynchronizer 1 1 32 10 7 12 1 1 1 9 7 12 1 1 1 100 1 1 1 1 5 0 1 1 1 1 1 1 1 1 1 1 1 1
ciInstanceKlass jdk/internal/vm/Continuation 1 1 551 9 7 12 1 1 1 9 12 1 9 12 1 9 12 1 100 1 100 1 10 12 1 1 8 1 10 12 1 1 10 12 1 10 12 1 1 10 12 1 9 7 12 1 1 1 11 100 12 1 1 1 10 100 1 9 12 1 1 9 12 1 1 10 8 1 10 12 1 9 12 1 1 10 11 12 1 1 100 1 10 100 12 1 1 1 10 12 1 1 10 12 1 10 12 1 1 11 12 1 1 9 12 1 1 10 12 1 1 18 12 1 1 10 100 12 1 1 1 100 1 10 12 1 11 100 12 1 1 1 10 12 1 9 12 1 10 12 1 1 100 1 8 1 10 12 1 10 12 1 1 9 12 1 1 11 12 1 1 9 12 1 1 8 1 10 11 12 1 1 11 12 1 1 10 12 1 1 10 12 1 1 9 12 1 10 12 1 10 10 12 1 8 1 10 12 1 8 1 8 1 10 7 12 1 1 1 10 100 12 1 1 1 10 12 1 9 12 1 11 12 1 100 1 10 12 1 10 12 1 1 9 12 1 1 100 1 10 12 1 1 9 12 1 1 10 12 1 10 12 1 11 100 12 1 1 10 7 1 10 12 1 8 1 10 12 1 1 9 12 1 1 10 7 12 1 1 8 1 8 1 8 1 8 1 10 12 1 1 10 12 1 10 12 1 10 12 1 10 12 1 1 10 12 1 1 8 1 9 12 1 10 12 1 1 9 12 1 1 10 12 1 1 9 12 1 8 1 10 100 12 1 1 1 10 12 1 8 1 100 1 8 1 10 9 12 1 1 8 1 10 100 12 1 1 10 100 12 1 1 8 1 8 1 10 12 10 12 1 1 10 100 1 10 100 12 1 1 1 18 11 100 12 1 1 1 18 12 1 11 12 1 1 100 1 10 7 12 1 1 10 12 1 1 8 10 12 1 1 10 7 12 1 1 1 10 7 12 1 1 10 12 1 8 1 10 12 1 100 1 100 1 10 12 1 1 1 1 1 1 1 1 1 1 1 1 1 1 1 1 1 1 1 1 1 1 1 1 1 1 1 1 1 1 1 1 1 1 1 1 1 1 1 1 1 1 1 1 1 1 1 1 1 1 1 1 1 1 1 1 1 1 1 1 1 1 1 1 1 1 1 1 1 1 1 1 1 1 1 1 100 1 1 16 1 15 10 12 16 15 11 100 12 1 1 1 16 1 16 1 15 10 12 16 15 10 100 12 1 1 1 1 1 1 1 1 100 1 100 1 1
staticfield jdk/internal/vm/Continuation U Ljdk/internal/misc/Unsafe; jdk/internal/misc/Unsafe
staticfield jdk/internal/vm/Continuation MOUNTED_OFFSET J 13
staticfield jdk/internal/vm/Continuation PRESERVE_SCOPED_VALUE_CACHE Z 1
staticfield jdk/internal/vm/Continuation JLA Ljdk/internal/access/JavaLangAccess; java/lang/System$1
staticfield jdk/internal/vm/Continuation $assertionsDisabled Z 1
ciInstanceKlass jdk/internal/misc/UnsafeConstants 1 1 34 10 100 12 1 1 1 9 7 12 1 1 1 9 12 1 9 12 1 1 9 12 1 9 12 1 1 1 1 1 1 1 1 1
staticfield jdk/internal/misc/UnsafeConstants ADDRESS_SIZE0 I 8
staticfield jdk/internal/misc/UnsafeConstants PAGE_SIZE I 4096
staticfield jdk/internal/misc/UnsafeConstants BIG_ENDIAN Z 0
staticfield jdk/internal/misc/UnsafeConstants UNALIGNED_ACCESS Z 1
staticfield jdk/internal/misc/UnsafeConstants DATA_CACHE_LINE_FLUSH_SIZE I 0
ciInstanceKlass java/lang/invoke/MethodHandleImpl 1 1 1424 10 7 12 1 1 1 100 1 10 100 12 1 1 1 10 7 12 1 1 1 100 1 10 8 1 10 12 1 1 10 12 1 10 12 1 1 10 7 12 1 1 1 9 100 12 1 1 1 10 100 12 1 1 1 100 1 10 12 1 1 10 12 1 1 10 12 1 1 10 7 12 1 1 1 9 7 12 1 1 1 10 7 12 1 1 1 100 1 10 9 12 1 1 9 12 1 10 12 1 1 10 12 1 10 12 1 1 10 12 1 1 10 12 1 1 8 1 8 1 10 12 1 1 10 12 1 1 10 12 1 1 10 12 1 1 10 12 1 10 12 1 1 10 7 12 1 1 1 10 12 1 7 1 10 100 12 1 1 1 10 12 1 1 10 12 1 1 11 7 12 1 1 1 11 7 12 1 1 11 12 1 1 7 1 11 12 1 10 12 1 1 10 12 1 1 11 12 1 10 7 12 1 1 10 12 1 1 10 7 12 1 1 10 12 1 10 12 1 1 10 7 12 1 1 1 10 7 12 1 1 1 10 12 1 1 10 12 1 1 9 7 12 1 1 1 10 10 12 1 1 10 12 1 1 10 10 12 1 1 10 12 1 1 10 7 12 1 1 1 10 12 1 1 10 12 1 10 12 1 10 7 12 1 1 1 10 7 12 1 1 1 10 12 1 1 10 12 1 10 12 1 10 12 1 10 12 1 1 10 12 1 10 12 1 1 10 12 1 10 12 1 8 1 100 1 10 12 1 10 12 1 1 10 12 1 10 12 1 1 10 12 1 1 7 1 10 12 1 100 1 8 1 10 12 1 10 100 12 1 1 1 8 1 10 12 1 10 100 12 1 1 1 100 1 9 100 1 10 12 1 1 10 12 1 1 9 12 1 10 12 1 1 10 100 12 1 1 10 12 1 1 10 12 1 1 10 12 1 10 12 1 100 1 10 12 1 1 9 12 1 1 10 12 1 9 100 12 1 1 1 11 100 12 1 1 7 1 9 12 1 100 1 10 12 1 10 12 1 1 100 1 10 12 1 1 10 12 1 1 10 100 12 1 1 1 10 12 1 1 10 12 1 10 12 1 1 10 12 1 10 12 1 1 10 12 1 7 1 9 100 12 1 1 1 10 12 1 10 12 1 9 100 12 1 1 1 10 12 1 1 10 12 1 1 10 12 1 10 100 12 1 1 10 100 12 1 1 1 9 12 1 10 12 1 9 12 10 12 1 10 12 1 10 12 1 10 12 1 1 10 12 1 10 12 1 1 10 12 1 10 12 1 1 10 12 1 1 10 12 1 1 10 12 1 10 12 1 10 12 1 1 10 12 1 10 100 12 1 1 10 12 1 10 100 12 1 1 8 1 10 8 1 100 1 10 9 12 1 100 1 10 12 1 8 1 10 10 12 1 10 10 12 1 1 10 12 1 1 10 12 1 10 12 1 100 1 8 1 10 12 1 10 100 12 1 1 1 10 12 1 1 10 12 1 10 12 1 100 1 10 12 1 10 12 1 10 12 1 1 7 1 10 12 1 10 7 12 1 1 10 12 1 9 12 1 10 12 1 1 10 12 1 1 100 1 10 10 12 1 8 1 8 1 9 12 1 8 1 8 1 8 1 9 12 1 10 12 1 1 9 12 1 1 10 12 1 8 1 9 7 1 10 12 1 1 10 12 1 8 1 8 1 8 1 100 1 100 1 8 8 1 8 1 100 1 8 1 100 1 10 12 1 7 1 10 10 7 12 1 1 1 10 12 1 10 12 10 12 1 10 12 1 11 100 12 1 1 1 18 12 1 11 100 12 1 1 1 18 18 12 1 11 12 1 1 10 12 1 1 10 12 1 10 12 1 11 12 1 9 12 1 9 12 10 10 12 1 1 9 12 1 1 11 12 1 1 18 12 1 1 11 12 1 1 11 12 1 1 10 12 1 11 100 1 10 12 1 10 12 1 10 12 1 9 12 1 9 12 10 12 1 10 100 12 1 1 1 10 12 1 10 12 1 1 10 12 1 10 12 9 12 1 1 10 12 1 10 12 1 1 9 12 1 9 12 1 10 12 1 10 12 1 1 10 12 1 100 1 10 12 1 9 12 1 1 11 100 1 9 12 1 9 12 11 12 1 9 12 1 10 12 10 12 1 1 10 12 1 1 9 7 12 1 1 10 12 1 10 12 1 10 12 1 1 100 1 10 12 1 10 12 1 1 100 1 10 12 1 1 10 12 1 1 100 1 10 12 1 1 10 12 1 1 10 12 1 10 12 1 10 12 1 9 12 1 10 12 1 10 12 1 1 9 7 12 1 1 1 8 10 12 1 1 8 1 10 12 1 8 1 8 1 8 1 8 1 8 1 8 1 100 1 8 1 8 1 10 12 1 9 12 1 10 12 1 1 1 1 1 3 1 1 3 1 3 1 3 1 3 1 3 1 3 1 3 1 3 1 1 1 1 1 1 1 1 1 3 1 3 1 1 1 1 1 1 1 1 1 1 1 1 1 1 1 1 1 1 1 1 1 1 1 1 1 1 1 1 1 1 1 1 1 1 1 1 1 1 1 1 1 1 1 1 1 1 1 1 1 1 1 1 1 1 1 1 1 1 1 1 1 1 1 1 1 1 1 1 1 1 1 1 1 1 1 1 1 1 1 1 1 1 1 1 1 1 1 1 1 1 1 1 1 1 1 1 1 1 1 1 1 1 1 100 1 1 1 1 1 1 1 1 1 1 1 1 1 1 1 1 1 1 1 1 1 1 1 1 1 1 1 1 1 1 1 1 1 1 1 1 1 1 1 1 1 1 1 1 1 1 1 1 1 1 1 1 1 1 1 1 1 1 1 1 1 1 1 1 1 1 1 1 1 1 1 1 1 1 1 1 1 1 1 1 1 1 1 1 1 1 1 1 1 1 1 1 1 1 1 1 1 1 1 1 1 1 1 1 1 1 1 1 1 1 1 1 1 1 1 1 1 1 1 1 1 1 1 1 1 1 1 1 1 1 1 1 1 1 1 1 1 1 1 1 1 1 1 1 1 1 1 1 1 1 1 1 1 1 1 1 1 1 1 1 1 1 1 1 1 1 1 1 1 100 1 100 1 100 1 100 1 100 1 100 1 100 1 1 16 15 10 12 16 15 16 16 1 15 10 12 16 16 15 10 12 16 15 10 100 12 1 1 1 1 1 1 1 1 1 1 1 1 1 1 1 1 1 1 1 1 1 1 1 1
staticfield java/lang/invoke/MethodHandleImpl ARRAYS [Ljava/lang/invoke/MethodHandle; 256 [Ljava/lang/invoke/MethodHandle;
staticfield java/lang/invoke/MethodHandleImpl NFS [Ljava/lang/invoke/LambdaForm$NamedFunction; 7 [Ljava/lang/invoke/LambdaForm$NamedFunction;
staticfield java/lang/invoke/MethodHandleImpl HANDLES [Ljava/lang/invoke/MethodHandle; 9 [Ljava/lang/invoke/MethodHandle;
staticfield java/lang/invoke/MethodHandleImpl $assertionsDisabled Z 1
instanceKlass java/lang/invoke/DelegatingMethodHandle
instanceKlass java/lang/invoke/BoundMethodHandle
instanceKlass java/lang/invoke/DirectMethodHandle
ciInstanceKlass java/lang/invoke/MethodHandle 1 1 734 100 1 9 7 12 1 1 1 10 7 12 1 1 1 10 7 12 1 1 1 7 1 7 1 10 12 1 1 9 12 1 1 10 12 1 10 12 1 1 10 12 1 1 10 100 12 1 1 1 10 12 1 1 10 12 1 1 11 100 12 1 1 1 10 12 1 1 10 12 1 10 12 1 9 12 1 1 9 12 1 1 10 100 12 1 1 1 10 12 1 10 12 1 1 10 12 1 10 12 1 100 1 100 1 10 8 1 10 12 1 1 10 12 1 8 1 10 12 1 1 10 12 1 10 7 12 1 1 1 10 12 1 1 10 12 1 1 10 12 1 1 10 7 12 1 1 1 10 12 1 1 10 12 1 1 10 12 1 10 12 1 1 10 100 12 1 1 10 7 12 1 1 10 12 1 10 12 1 10 12 1 1 10 12 1 1 10 12 1 1 10 12 1 1 10 7 12 1 1 1 10 100 12 1 1 1 10 12 1 1 10 12 1 1 10 12 1 1 8 1 10 7 12 1 1 1 8 1 10 12 1 10 12 1 1 10 12 1 1 10 12 1 8 1 10 12 1 1 8 1 10 12 1 8 1 10 100 12 1 1 1 9 12 1 1 100 1 10 9 100 12 1 1 1 9 100 1 8 1 10 12 1 1 10 12 1 10 12 1 1 10 12 1 10 12 1 1 10 12 1 10 12 1 1 10 12 1 10 12 1 1 10 12 1 1 8 1 10 12 1 1 8 1 10 12 1 10 12 1 1 10 12 1 10 12 1 10 12 1 1 9 100 12 1 1 1 10 12 1 1 11 12 1 10 12 1 10 12 1 1 10 100 12 1 1 100 1 11 12 1 10 100 1 11 12 1 100 1 10 12 1 11 12 1 9 100 12 1 1 1 11 12 1 1 11 100 12 1 1 1 10 12 1 1 9 12 1 11 12 1 9 12 1 9 12 1 9 12 1 11 12 1 1 9 12 1 9 12 1 9 12 1 9 12 1 9 12 1 9 12 1 9 12 1 8 1 10 12 1 10 12 1 8 1 10 12 1 10 12 1 10 12 1 1 10 10 10 7 12 1 1 10 12 1 1 100 1 100 1 8 1 8 1 10 10 12 1 1 10 12 1 10 12 1 100 1 10 100 12 1 1 1 10 9 7 12 1 1 1 10 12 1 1 10 12 1 1 8 1 8 1 10 100 12 1 1 9 12 1 9 12 1 1 9 12 1 1 10 12 1 100 1 10 12 1 10 12 1 1 9 12 1 1 9 12 1 1 10 7 12 1 1 1 11 7 12 1 1 9 12 1 10 12 1 1 9 12 1 10 12 1 8 10 12 1 1 8 1 1 1 1 1 1 1 1 100 1 1 1 1 1 1 1 1 1 1 1 1 1 1 1 1 1 1 1 1 1 1 1 1 1 1 1 1 1 1 1 1 100 1 1 1 1 1 1 1 1 1 1 1 1 1 1 1 1 1 1 1 1 1 1 1 1 1 1 1 1 1 1 1 1 1 1 1 1 1 1 1 1 1 1 1 1 1 1 1 1 1 1 1 1 1 1 1 1 1 1 1 1 1 1 1 1 1 1 1 1 1 1 1 1 1 1 1 1 1 1 1 1 1 1 1 1 1 1 100 1 1 100 1 100 1 100 1 1 100 1 1 100 1 1 1 1
staticfield java/lang/invoke/MethodHandle FORM_OFFSET J 20
staticfield java/lang/invoke/MethodHandle UPDATE_OFFSET J 13
staticfield java/lang/invoke/MethodHandle $assertionsDisabled Z 1
ciInstanceKlass java/lang/invoke/MethodType 1 1 724 7 1 10 7 12 1 1 1 9 12 1 1 9 12 1 1 9 12 1 1 10 7 12 1 1 1 9 7 12 1 1 8 1 10 100 12 1 1 1 9 7 1 9 7 1 10 12 1 1 100 1 10 8 1 10 12 1 1 10 12 1 10 12 1 1 100 1 8 1 10 12 1 100 1 10 10 12 1 10 12 1 1 10 12 1 1 11 7 12 1 1 1 9 12 1 11 12 1 1 7 10 12 1 1 10 12 1 1 7 1 7 1 10 7 12 1 1 1 10 12 1 10 12 1 9 12 1 1 10 7 12 1 1 10 12 1 1 10 7 12 1 1 1 10 7 12 1 1 1 10 12 1 9 12 1 1 10 12 1 1 10 12 1 1 10 12 1 1 10 12 1 1 10 12 1 1 10 12 1 10 12 1 10 12 1 1 10 12 1 8 1 8 1 10 12 1 1 9 12 1 1 100 1 10 10 12 1 1 10 12 1 10 12 1 1 10 12 1 1 10 12 1 10 12 1 10 12 1 8 1 10 12 1 1 10 100 12 1 1 1 10 12 1 10 12 1 1 10 12 1 10 12 1 10 12 1 1 10 12 1 10 12 1 9 12 1 10 12 1 10 10 12 1 1 10 12 1 9 12 1 1 10 12 1 1 11 12 1 1 10 12 1 1 10 12 1 10 12 1 100 1 8 1 8 1 8 1 10 12 1 10 12 1 10 12 1 1 10 10 12 1 11 12 1 1 11 12 1 10 100 12 1 1 1 9 12 1 10 12 1 10 12 1 1 10 12 1 1 10 12 1 10 12 1 10 100 12 1 1 1 10 12 1 1 10 12 1 10 12 1 10 12 1 10 9 12 1 1 7 1 10 12 1 10 100 12 1 1 1 10 12 1 1 10 100 12 1 1 1 10 12 1 1 8 1 10 7 12 1 1 1 11 12 1 1 9 12 1 1 10 12 1 1 10 12 1 10 12 1 1 10 12 1 1 10 100 12 1 1 10 12 1 10 12 100 1 11 100 12 1 1 10 12 1 11 12 1 10 100 12 1 1 10 12 1 1 10 12 1 1 9 12 1 1 9 100 12 1 1 1 10 100 12 1 1 1 9 12 1 10 100 12 1 1 10 12 1 100 10 12 1 10 12 1 1 10 12 1 7 1 10 10 12 1 1 7 1 7 1 9 12 1 1 100 1 100 1 100 1 1 1 5 0 1 1 1 1 1 1 1 3 1 3 1 3 1 1 1 1 1 1 1 1 1 1 1 1 1 1 1 1 1 1 1 1 1 1 1 1 1 1 1 1 1 1 1 1 1 1 1 1 1 1 1 1 1 1 1 1 1 1 1 1 1 1 1 1 1 1 1 1 1 1 1 1 1 1 1 1 1 1 1 1 1 1 1 1 1 1 1 1 1 1 1 1 1 1 1 1 1 1 1 1 1 1 1 1 1 1 1 1 1 1 1 1 1 1 1 1 1 1 1 1 1 1 1 1 1 1 1 1 1 1 1 1 1 1 1 1 1 1 1 1 100 1 100 1 1 1 1 1 1 1 1 1 1 1 1 1 100 1 1 1 1 100 1 1 1 100 1 1 1 1 1 1 1 1 1 1 1 1 1 1 1 1 1 1 100 1 1 100 1 1
staticfield java/lang/invoke/MethodType internTable Ljdk/internal/util/ReferencedKeySet; jdk/internal/util/ReferencedKeySet
staticfield java/lang/invoke/MethodType NO_PTYPES [Ljava/lang/Class; 0 [Ljava/lang/Class;
staticfield java/lang/invoke/MethodType objectOnlyTypes [Ljava/lang/invoke/MethodType; 20 [Ljava/lang/invoke/MethodType;
staticfield java/lang/invoke/MethodType METHOD_HANDLE_ARRAY [Ljava/lang/Class; 1 [Ljava/lang/Class;
staticfield java/lang/invoke/MethodType serialPersistentFields [Ljava/io/ObjectStreamField; 0 [Ljava/io/ObjectStreamField;
staticfield java/lang/invoke/MethodType $assertionsDisabled Z 1
ciInstanceKlass java/lang/invoke/TypeDescriptor$OfMethod 1 0 43 100 1 100 1 100 1 1 1 1 1 1 1 1 1 1 1 1 1 1 1 1 1 1 1 1 1 1 1 1 1 1 1 1 1 1 1 1 1 1 100 1 1
instanceKlass org/springframework/boot/thread/Threading
instanceKlass org/springframework/boot/autoconfigure/condition/SearchStrategy
instanceKlass org/springframework/context/annotation/Bean$Bootstrap
instanceKlass org/springframework/boot/autoconfigure/condition/ConditionalOnWebApplication$Type
instanceKlass org/thymeleaf/templatemode/TemplateMode
instanceKlass org/springframework/boot/autoconfigure/condition/ConditionMessage$Style
instanceKlass org/springframework/boot/autoconfigure/condition/FilteringSpringBootCondition$ClassNameFilter
instanceKlass tools/jackson/core/JsonEncoding
instanceKlass org/apache/catalina/authenticator/AuthenticatorBase$AllowCorsPreflight
instanceKlass org/apache/catalina/authenticator/AuthenticatorBase$SsoReauthenticationMode
instanceKlass org/springframework/web/bind/annotation/RequestMethod
instanceKlass java/lang/invoke/MethodHandles$Lookup$ClassOption
instanceKlass sun/security/util/KnownOIDs
instanceKlass java/nio/file/FileTreeWalker$EventType
instanceKlass java/nio/file/FileVisitOption
instanceKlass org/apache/catalina/LifecycleState
instanceKlass java/nio/file/AccessMode
instanceKlass java/util/Comparators$NaturalOrderComparator
instanceKlass org/springframework/context/annotation/ConfigurationCondition$ConfigurationPhase
instanceKlass org/apache/tomcat/util/http/CookiesWithoutEquals
instanceKlass org/apache/tomcat/util/http/SameSiteCookies
instanceKlass org/springframework/beans/factory/support/DefaultListableBeanFactory$PreInstantiation
instanceKlass org/springframework/expression/spel/SpelCompilerMode
instanceKlass tools/jackson/databind/cfg/DateTimeFeature
instanceKlass tools/jackson/databind/cfg/JsonNodeFeature
instanceKlass tools/jackson/databind/cfg/EnumFeature
instanceKlass tools/jackson/databind/cfg/CoercionInputShape
instanceKlass tools/jackson/databind/cfg/CoercionAction
instanceKlass tools/jackson/databind/type/LogicalType
instanceKlass com/fasterxml/jackson/annotation/JsonFormat$Shape
instanceKlass org/springframework/context/annotation/FilterType
instanceKlass com/fasterxml/jackson/annotation/Nulls
instanceKlass com/fasterxml/jackson/annotation/JsonAutoDetect$Visibility
instanceKlass com/fasterxml/jackson/annotation/JsonInclude$Include
instanceKlass tools/jackson/core/json/JsonWriteFeature
instanceKlass tools/jackson/core/json/JsonReadFeature
instanceKlass tools/jackson/core/StreamWriteFeature
instanceKlass tools/jackson/core/StreamReadFeature
instanceKlass tools/jackson/core/TokenStreamFactory$Feature
instanceKlass com/fasterxml/jackson/annotation/JsonTypeInfo$Id
instanceKlass tools/jackson/core/Base64Variant$PaddingReadBehaviour
instanceKlass java/math/RoundingMode
instanceKlass org/springframework/context/annotation/ScopedProxyMode
instanceKlass org/springframework/core/annotation/MergedAnnotation$Adapt
instanceKlass sun/util/locale/provider/LocaleProviderAdapter$Type
instanceKlass tools/jackson/databind/util/internal/PrivateMaxEntriesMap$DrainStatus
instanceKlass tools/jackson/core/util/Separators$Spacing
instanceKlass tools/jackson/databind/DeserializationFeature
instanceKlass tools/jackson/databind/SerializationFeature
instanceKlass tools/jackson/databind/MapperFeature
instanceKlass org/springframework/boot/Banner$Mode
instanceKlass ch/qos/logback/core/pattern/parser/TokenStream$TokenizerState
instanceKlass ch/qos/logback/core/subst/Node$Type
instanceKlass ch/qos/logback/core/subst/Token$Type
instanceKlass ch/qos/logback/core/subst/Tokenizer$TokenizerState
instanceKlass org/springframework/boot/ansi/AnsiStyle
instanceKlass org/springframework/boot/logging/logback/RollingPolicySystemProperty
instanceKlass org/springframework/boot/logging/LoggingSystemProperty
instanceKlass org/springframework/boot/ansi/AnsiColor
instanceKlass org/springframework/boot/ansi/AnsiOutput$Enabled
instanceKlass org/springframework/boot/context/config/Profiles$Type
instanceKlass org/springframework/boot/context/config/LocationResourceLoader$ResourceType
instanceKlass org/springframework/boot/bootstrap/BootstrapRegistry$Scope
instanceKlass org/springframework/boot/context/config/ConfigDataEnvironmentContributor$ImportPhase
instanceKlass org/springframework/boot/context/config/ConfigDataEnvironmentContributor$Kind
instanceKlass org/springframework/boot/context/config/ConfigData$Option
instanceKlass org/springframework/boot/context/properties/source/ConfigurationPropertyState
instanceKlass org/springframework/boot/context/config/ConfigDataNotFoundAction
instanceKlass org/springframework/boot/context/properties/bind/BindMethod
instanceKlass org/springframework/boot/context/config/ConfigDataEnvironmentContributors$BinderOption
instanceKlass org/springframework/boot/context/properties/source/ConfigurationPropertyName$Form
instanceKlass org/springframework/boot/cloud/CloudPlatform
instanceKlass org/springframework/core/NativeDetector$Context
instanceKlass java/nio/file/attribute/PosixFilePermission
instanceKlass java/time/Month
instanceKlass org/springframework/format/annotation/DurationFormat$Style
instanceKlass java/time/format/FormatStyle
instanceKlass org/springframework/format/datetime/standard/DateTimeFormatterRegistrar$Type
instanceKlass sun/util/logging/PlatformLogger$Level
instanceKlass java/lang/System$Logger$Level
instanceKlass jdk/internal/logger/BootstrapLogger$LoggingBackend
instanceKlass java/util/stream/MatchOps$MatchKind
instanceKlass java/lang/annotation/ElementType
instanceKlass org/springframework/core/annotation/IntrospectionFailureLogger
instanceKlass org/springframework/boot/context/properties/bind/Bindable$BindRestriction
instanceKlass org/springframework/boot/context/properties/source/ConfigurationPropertyName$ToStringFormat
instanceKlass org/springframework/boot/context/properties/source/ConfigurationPropertyName$ElementType
instanceKlass java/lang/classfile/attribute/StackMapFrameInfo$SimpleVerificationTypeInfo
instanceKlass java/lang/reflect/ProxyGenerator$PrimitiveTypeInfo
instanceKlass java/lang/classfile/ClassFile$StackMapsOption
instanceKlass java/lang/annotation/RetentionPolicy
instanceKlass org/springframework/core/annotation/MergedAnnotations$SearchStrategy
instanceKlass org/springframework/boot/logging/LogLevel
instanceKlass ch/qos/logback/core/spi/FilterReply
instanceKlass org/springframework/util/ConcurrentReferenceHashMap$TaskOption
instanceKlass org/springframework/util/ConcurrentReferenceHashMap$Restructure
instanceKlass org/springframework/util/ConcurrentReferenceHashMap$ReferenceType
instanceKlass org/springframework/boot/WebApplicationType
instanceKlass org/slf4j/helpers/Reporter$Level
instanceKlass org/slf4j/helpers/Reporter$TargetChoice
instanceKlass ch/qos/logback/core/util/ReentryGuardFactory$GuardType
instanceKlass java/time/format/TextStyle
instanceKlass java/time/format/ResolverStyle
instanceKlass java/time/format/SignStyle
instanceKlass java/time/format/DateTimeFormatterBuilder$SettingsParser
instanceKlass java/time/temporal/JulianFields$Field
instanceKlass java/time/temporal/IsoFields$Unit
instanceKlass java/time/temporal/IsoFields$Field
instanceKlass java/time/temporal/ChronoUnit
instanceKlass java/time/temporal/ChronoField
instanceKlass ch/qos/logback/core/joran/spi/ConsoleTarget
instanceKlass ch/qos/logback/classic/spi/Configurator$ExecutionStatus
instanceKlass java/util/Locale$Category
instanceKlass java/lang/StackStreamFactory$WalkerState
instanceKlass java/lang/StackWalker$ExtendedOption
instanceKlass java/lang/StackWalker$Option
instanceKlass java/util/regex/Pattern$Qtype
instanceKlass org/apache/logging/log4j/spi/StandardLevel
instanceKlass java/net/Proxy$Type
instanceKlass java/net/StandardProtocolFamily
instanceKlass jdk/internal/util/OperatingSystem
instanceKlass java/security/Security$SecPropLoader$LoadingMode
instanceKlass java/util/concurrent/TimeUnit
instanceKlass java/nio/file/LinkOption
instanceKlass sun/nio/fs/WindowsPathType
instanceKlass java/nio/file/StandardOpenOption
instanceKlass jdk/internal/vm/Continuation$Pinned
instanceKlass java/util/stream/Collector$Characteristics
instanceKlass java/util/stream/StreamShape
instanceKlass java/lang/classfile/Opcode$Kind
instanceKlass java/lang/classfile/Opcode
instanceKlass java/lang/invoke/VarHandle$AccessType
instanceKlass java/lang/invoke/VarHandle$AccessMode
instanceKlass java/lang/invoke/MethodHandleImpl$Intrinsic
instanceKlass java/lang/classfile/AttributeMapper$AttributeStability
instanceKlass jdk/internal/classfile/impl/AbstractPoolEntry$Utf8EntryImpl$State
instanceKlass java/lang/classfile/TypeKind
instanceKlass java/lang/invoke/LambdaForm$BasicType
instanceKlass java/lang/invoke/LambdaForm$Kind
instanceKlass java/lang/constant/DirectMethodHandleDesc$Kind
instanceKlass sun/invoke/util/Wrapper
instanceKlass java/util/stream/StreamOpFlag$Type
instanceKlass java/util/stream/StreamOpFlag
instanceKlass java/lang/reflect/AccessFlag$Location
instanceKlass java/lang/reflect/AccessFlag
instanceKlass java/lang/module/ModuleDescriptor$Modifier
instanceKlass java/io/File$PathStatus
instanceKlass jdk/internal/module/ModuleBootstrap$IllegalNativeAccess
instanceKlass java/lang/reflect/ClassFileFormatVersion
instanceKlass java/lang/Thread$State
instanceKlass java/lang/module/ModuleDescriptor$Requires$Modifier
ciInstanceKlass java/lang/Enum 1 1 204 9 7 12 1 1 1 9 12 1 1 10 7 12 1 1 1 9 12 1 10 7 12 1 1 1 100 1 10 10 12 1 1 10 12 1 100 1 10 10 7 12 1 1 10 12 1 1 18 12 1 1 10 100 12 1 1 1 10 12 1 1 11 7 12 1 1 1 100 1 8 1 10 12 1 100 1 100 1 10 8 1 10 12 1 1 10 12 1 1 8 1 10 12 1 10 100 1 8 1 10 10 12 1 1 10 100 12 1 1 1 100 1 100 1 100 1 1 1 1 1 1 1 1 1 1 1 1 1 1 1 1 1 1 1 1 1 1 1 1 1 1 1 1 1 1 1 1 1 1 1 1 1 1 1 1 1 1 1 1 1 1 1 3 1 1 1 1 100 1 100 1 1 100 1 1 1 1 1 1 1 1 1 1 1 16 15 10 12 16 15 10 100 12 1 1 1 1 1 100 1 100 1 1
ciInstanceKlass java/lang/invoke/LambdaForm 1 1 1030 7 1 100 1 10 7 12 1 1 1 9 12 1 1 9 12 1 9 12 1 9 12 1 1 9 12 1 1 9 12 1 1 9 12 1 1 9 12 1 1 9 12 1 10 7 12 1 1 9 12 1 10 12 1 1 100 1 10 10 12 1 1 10 12 1 10 12 1 10 12 1 1 10 12 1 9 12 1 9 12 1 10 12 1 1 9 7 12 1 1 1 9 7 12 1 1 9 12 1 1 10 12 1 9 12 1 10 100 12 1 1 1 10 12 1 1 100 1 10 12 1 1 9 7 12 1 1 1 10 100 12 1 1 1 10 12 1 10 12 1 1 7 1 10 12 1 10 12 1 10 12 1 1 10 12 1 1 10 12 1 10 12 1 10 12 1 10 12 1 10 12 1 1 8 1 10 12 1 10 12 1 10 10 12 1 8 1 8 1 9 12 1 9 12 1 1 10 12 1 1 9 12 1 1 10 7 12 1 1 1 10 12 1 1 10 12 1 10 12 1 1 10 12 1 7 1 10 12 1 10 100 12 1 1 1 9 12 1 10 12 1 8 1 8 1 8 1 8 1 8 1 8 1 8 1 8 1 10 12 1 9 12 1 7 1 10 12 1 1 9 12 1 1 10 12 1 1 10 12 1 1 10 12 10 12 1 10 12 1 1 10 12 1 1 10 12 1 1 10 10 12 1 1 10 12 1 1 7 1 8 1 10 12 1 1 10 12 1 10 12 1 1 10 8 1 10 12 1 1 8 1 8 1 8 1 10 12 1 10 12 1 10 12 1 1 10 100 12 1 1 1 10 7 12 1 1 1 10 12 1 1 9 12 1 1 8 1 10 100 12 1 1 1 10 7 12 1 1 10 12 1 10 12 1 1 10 12 1 1 9 12 1 8 10 12 1 1 100 1 10 12 1 1 10 12 1 9 7 12 1 1 9 100 12 1 1 1 8 1 10 100 12 1 1 10 12 1 1 100 1 100 1 10 10 12 1 1 10 12 1 1 8 1 8 1 100 1 8 1 10 12 10 12 1 10 12 1 10 12 1 10 12 1 1 9 100 12 1 1 10 12 1 8 1 8 1 10 12 1 10 12 1 1 8 1 8 1 8 1 100 1 8 1 100 1 8 1 100 1 8 1 10 12 1 8 1 9 10 100 12 1 1 1 10 12 1 9 12 1 1 10 12 1 10 10 12 1 10 12 1 10 12 1 10 12 1 1 10 12 1 10 12 1 1 10 12 1 1 10 12 1 1 10 12 1 1 8 1 100 10 12 1 10 12 1 9 12 1 1 10 7 12 1 1 8 1 8 1 100 1 8 1 8 1 8 1 8 1 8 1 8 1 8 1 8 1 10 12 1 1 10 12 1 1 10 12 1 10 12 1 10 12 1 10 12 1 8 1 8 1 8 1 10 12 1 8 1 10 12 1 8 1 8 1 8 1 8 1 8 1 10 12 1 10 12 1 10 12 1 1 10 7 12 1 1 1 10 12 1 10 12 1 10 12 1 10 12 1 10 12 1 9 12 1 1 8 1 10 12 1 1 9 12 1 9 12 1 1 10 12 1 1 9 12 1 1 9 12 1 10 12 1 1 9 12 1 1 7 1 10 7 12 1 1 1 9 7 12 1 1 1 10 7 12 1 1 1 10 12 1 1 10 12 1 1 10 12 1 9 12 1 10 12 1 9 12 1 10 12 1 10 12 1 8 1 10 12 1 9 12 1 1 7 1 10 7 12 1 1 1 100 1 10 12 1 9 12 1 10 12 1 10 12 1 10 12 1 1 10 12 1 9 7 12 1 1 10 12 1 1 10 12 1 10 12 1 9 12 1 9 9 12 1 7 9 12 1 1 10 12 1 1 9 12 1 10 12 1 10 7 1 9 1 1 1 1 3 1 3 1 1 3 1 3 1 1 1 1 1 1 1 1 1 1 1 1 1 1 1 1 1 1 1 1 1 1 1 1 1 1 1 1 1 1 1 1 1 1 1 1 1 1 1 1 1 1 1 1 1 100 1 1 1 1 1 1 1 1 1 1 1 1 1 1 1 1 1 1 1 1 1 1 1 1 1 1 1 1 1 1 1 1 1 1 1 1 1 1 1 1 1 1 1 1 1 1 1 1 1 1 1 1 1 1 1 1 1 1 1 1 1 1 1 1 1 1 1 100 1 1 1 1 1 1 1 1 1 1 1 1 1 1 1 1 1 1 1 1 1 1 1 1 1 1 1 1 1 1 1 1 1 1 1 1 100 1 1 1 1 1 1 1 1 1 1 1 1 1 1 100 1 1 1 100 1 1 100 1 1 1 1 1 1 1 1 1 1 1 1
staticfield java/lang/invoke/LambdaForm DEFAULT_CUSTOMIZED Ljava/lang/invoke/MethodHandle; 
staticfield java/lang/invoke/LambdaForm DEFAULT_KIND Ljava/lang/invoke/LambdaForm$Kind; java/lang/invoke/LambdaForm$Kind
staticfield java/lang/invoke/LambdaForm COMPILE_THRESHOLD I 0
staticfield java/lang/invoke/LambdaForm INTERNED_ARGUMENTS [[Ljava/lang/invoke/LambdaForm$Name; 5 [[Ljava/lang/invoke/LambdaForm$Name;
staticfield java/lang/invoke/LambdaForm IMPL_NAMES Ljava/lang/invoke/MemberName$Factory; java/lang/invoke/MemberName$Factory
staticfield java/lang/invoke/LambdaForm LF_identity [Ljava/lang/invoke/LambdaForm; 6 [Ljava/lang/invoke/LambdaForm;
staticfield java/lang/invoke/LambdaForm NF_identity [Ljava/lang/invoke/LambdaForm$NamedFunction; 6 [Ljava/lang/invoke/LambdaForm$NamedFunction;
staticfield java/lang/invoke/LambdaForm LF_constant [Ljava/lang/invoke/LambdaForm; 5 [Ljava/lang/invoke/LambdaForm;
staticfield java/lang/invoke/LambdaForm createIdentityFormLock Ljava/lang/Object; java/lang/Object
staticfield java/lang/invoke/LambdaForm DEBUG_NAME_COUNTERS Ljava/util/HashMap; 
staticfield java/lang/invoke/LambdaForm DEBUG_NAMES Ljava/util/HashMap; 
staticfield java/lang/invoke/LambdaForm TRACE_INTERPRETER Z 0
staticfield java/lang/invoke/LambdaForm $assertionsDisabled Z 1
instanceKlass jdk/internal/reflect/DirectMethodHandleAccessor
ciInstanceKlass jdk/internal/reflect/MethodAccessorImpl 1 1 38 10 7 12 1 1 1 10 100 12 1 1 1 100 1 1 1 1 1 1 1 100 1 100 1 1 1 1 1 1 1 1 1 1 1 1 1 1
ciInstanceKlass jdk/internal/reflect/MethodAccessor 1 0 17 100 1 100 1 1 1 1 100 1 100 1 1 1 1 1 1
ciInstanceKlass java/util/Objects 1 1 184 10 7 12 1 1 1 100 1 8 1 10 12 1 10 12 1 1 10 7 12 1 1 1 10 12 1 1 10 12 1 10 100 12 1 1 1 10 12 1 1 10 7 12 1 1 1 7 1 10 10 12 1 1 10 7 12 1 1 10 12 1 1 8 1 10 7 12 1 1 1 10 7 12 1 1 1 10 11 100 12 1 1 1 100 1 10 10 12 1 8 1 10 12 1 8 1 100 1 11 12 1 1 8 1 10 7 12 1 1 1 10 12 1 1 10 12 1 10 12 1 10 12 1 10 12 1 1 1 1 1 1 1 1 1 1 1 1 1 1 1 1 1 1 1 1 1 1 1 1 1 1 1 1 1 1 1 1 1 1 1 1 1 1 1 1 1 1 1 1 1 1 1 1 1 1 1 1 1 1 1 1 1 1
ciInstanceKlass jdk/internal/reflect/CallerSensitive 0 0 17 100 1 100 1 100 1 1 1 1 1 1 1 1 1 1 1
ciInstanceKlass jdk/internal/reflect/DirectConstructorHandleAccessor$NativeAccessor 1 1 44 10 7 12 1 1 1 9 7 12 1 1 1 10 12 1 1 1 1 1 1 1 1 1 1 1 1 1 1 1 1 1 100 1 100 1 1 1 1 1 100 1 1 1
ciInstanceKlass jdk/internal/reflect/ConstructorAccessor 1 0 16 100 1 100 1 1 1 1 100 1 100 1 100 1 1 1
instanceKlass jdk/internal/reflect/DirectConstructorHandleAccessor
instanceKlass jdk/internal/reflect/DirectConstructorHandleAccessor$NativeAccessor
ciInstanceKlass jdk/internal/reflect/ConstructorAccessorImpl 1 1 27 10 7 12 1 1 1 100 1 100 1 1 1 1 1 1 1 1 1 100 1 100 1 100 1 1 1
ciInstanceKlass jdk/internal/reflect/ConstantPool 1 1 142 10 100 12 1 1 1 9 7 12 1 1 1 10 12 1 1 10 12 1 1 10 12 1 10 12 1 1 10 12 1 1 10 12 1 10 12 1 1 10 12 1 10 12 1 1 10 12 1 10 12 1 10 12 1 10 12 1 1 10 12 1 1 10 12 1 1 10 12 1 1 10 12 1 10 12 1 1 10 100 12 1 1 1 8 11 7 12 1 1 1 10 7 12 1 1 1 1 1 1 1 1 1 1 1 1 1 1 1 1 1 1 1 1 1 1 1 1 1 1 1 1 1 1 1 1 1 1 1 1 1 1 1 1 1 1 1 1 1 1 1 1
instanceKlass java/lang/invoke/VolatileCallSite
instanceKlass java/lang/invoke/MutableCallSite
instanceKlass java/lang/invoke/ConstantCallSite
ciInstanceKlass java/lang/invoke/CallSite 1 1 297 10 7 12 1 1 1 10 7 12 1 1 1 9 12 1 1 10 7 12 1 1 1 10 12 1 100 1 10 12 1 1 10 12 1 1 9 100 12 1 1 1 10 100 12 1 1 10 12 1 1 100 1 100 1 10 10 100 12 1 1 1 10 12 1 1 8 1 10 12 1 10 12 1 1 10 12 1 10 12 1 1 10 12 1 1 10 10 100 12 1 1 10 12 1 1 9 12 1 9 100 12 1 1 1 8 1 10 7 12 1 1 1 10 12 1 1 100 1 10 12 1 1 9 12 1 8 1 100 1 10 12 1 10 12 1 100 1 8 1 10 10 12 1 10 12 1 1 100 1 10 12 1 1 10 12 1 10 12 1 10 12 1 1 10 12 1 1 9 12 1 1 8 10 12 1 1 9 12 1 1 100 1 10 10 12 1 10 100 12 1 1 1 10 12 1 1 10 12 1 1 10 12 1 10 7 12 1 1 1 100 1 8 1 10 10 12 10 12 1 1 100 1 100 1 100 1 8 1 10 12 1 10 7 12 1 1 1 1 1 1 1 1 1 1 1 1 1 1 1 1 1 1 1 1 1 1 1 1 1 1 1 1 1 1 1 1 1 1 1 1 1 1 1 1 1 1 1 1 1 1 1 1 1 1 1 1 1 1 1 1 100 1 100 1 1 1
staticfield java/lang/invoke/CallSite $assertionsDisabled Z 1
ciInstanceKlass java/lang/invoke/ConstantCallSite 1 1 65 10 7 12 1 1 1 9 7 12 1 1 1 9 12 1 1 10 7 12 1 1 1 10 12 1 100 1 10 12 9 12 1 1 100 1 10 10 12 1 1 10 12 1 1 1 1 1 1 1 1 1 1 1 1 1 100 1 1 1 1 1 1 1 1
staticfield java/lang/invoke/ConstantCallSite UNSAFE Ljdk/internal/misc/Unsafe; jdk/internal/misc/Unsafe
instanceKlass java/lang/invoke/DirectMethodHandle$Special
instanceKlass java/lang/invoke/DirectMethodHandle$Interface
instanceKlass java/lang/invoke/DirectMethodHandle$Constructor
instanceKlass java/lang/invoke/DirectMethodHandle$Accessor
ciInstanceKlass java/lang/invoke/DirectMethodHandle 1 1 929 7 1 100 1 7 1 7 1 10 7 12 1 1 1 10 7 12 1 1 1 100 1 10 12 1 10 12 1 1 10 7 12 1 1 10 12 1 1 10 12 1 10 12 1 7 1 10 12 1 1 10 12 1 1 10 12 1 10 12 1 1 10 7 12 1 1 1 10 12 1 9 7 12 1 1 1 100 1 10 9 12 1 1 9 12 1 10 12 1 10 12 1 10 12 1 1 10 12 1 10 12 1 10 12 1 10 7 12 1 1 1 10 12 1 10 12 1 1 8 1 10 12 1 1 7 1 10 12 1 7 1 10 10 12 1 10 12 1 10 12 1 10 7 12 1 1 1 10 12 1 1 100 1 10 12 1 10 12 1 7 1 10 12 1 10 12 1 1 10 12 1 1 10 12 8 10 7 12 1 1 1 10 12 1 10 12 1 10 12 1 1 10 12 1 9 7 12 1 1 1 7 1 10 12 1 10 7 12 1 1 1 10 12 1 10 12 1 1 9 12 1 1 7 1 10 8 1 10 12 1 1 10 12 1 1 8 1 10 12 1 10 12 1 10 10 12 1 10 12 1 10 12 1 10 12 1 10 12 1 1 10 12 1 10 12 1 10 12 1 1 10 10 7 12 1 1 1 10 12 1 10 12 1 1 10 12 1 10 12 1 1 8 1 9 7 12 1 1 1 8 1 9 12 1 9 12 1 8 1 9 12 1 9 12 1 8 1 9 12 1 9 12 1 8 1 10 12 1 10 12 1 1 10 7 12 1 1 1 10 12 1 10 12 1 1 9 12 1 1 7 1 10 12 1 1 100 1 10 7 12 1 1 1 10 12 1 1 10 12 1 1 7 1 10 12 1 1 10 12 1 10 12 1 1 7 1 10 12 1 1 10 12 1 10 12 1 10 12 1 1 10 12 1 9 12 1 1 10 7 1 9 12 1 10 12 1 7 1 7 1 7 1 10 7 12 1 1 1 9 12 1 1 10 7 12 1 1 1 10 7 12 1 1 10 12 10 12 1 7 1 10 12 1 10 12 1 1 8 1 9 12 1 9 12 1 10 12 1 1 9 12 1 1 10 7 12 1 1 1 9 12 1 1 9 12 1 1 10 12 1 10 12 1 10 12 1 10 12 1 1 10 12 1 9 12 1 9 12 1 10 12 1 10 12 1 10 12 1 10 12 1 1 10 12 1 1 9 12 1 1 10 12 1 1 9 7 12 1 1 1 9 12 1 9 12 1 9 12 1 9 12 1 9 12 1 9 12 1 9 12 1 9 12 1 9 12 1 9 12 1 9 12 1 9 12 1 9 12 1 9 12 1 9 12 1 9 12 1 9 12 1 9 12 1 9 12 1 9 12 1 9 12 1 9 12 1 9 12 1 9 12 1 100 1 10 12 1 8 1 8 1 8 1 8 1 8 1 8 1 8 1 8 1 8 1 10 12 1 10 12 1 8 1 8 1 8 1 9 12 1 1 9 12 1 1 10 12 1 10 12 1 1 10 12 1 1 9 7 1 10 12 1 10 12 10 12 1 10 12 1 10 12 1 10 8 1 8 1 8 1 8 1 10 12 1 1 9 12 1 1 10 12 1 10 100 12 1 1 1 8 9 12 1 1 10 12 1 1 8 1 8 8 9 12 1 8 1 8 8 8 8 8 1 8 10 12 1 7 1 10 12 1 8 1 8 1 10 12 1 10 12 1 10 12 1 9 12 1 10 12 1 1 7 1 1 1 1 3 1 3 1 3 1 3 1 3 1 3 1 3 1 3 1 1 1 1 1 1 1 1 1 1 3 1 3 1 3 1 1 3 1 3 1 1 1 1 1 1 1 1 1 1 1 1 1 1 1 1 1 1 1 1 1 1 1 1 1 1 1 1 1 1 1 1 1 1 1 1 1 1 1 1 1 1 1 1 1 1 1 1 1 1 1 1 1 1 1 1 1 1 1 1 1 1 100 1 1 1 1 1 1 1 1 1 100 1 1 1 1 1 1 1 1 1 1 1 1 1 1 1 1 1 1 1 1 1 1 1 1 1 1 1 1 1 1 1 1 1 1 1 1 1 1 1 1 1 1 1 1 1 1 1 1 1 1 1 1 1
staticfield java/lang/invoke/DirectMethodHandle IMPL_NAMES Ljava/lang/invoke/MemberName$Factory; java/lang/invoke/MemberName$Factory
staticfield java/lang/invoke/DirectMethodHandle FT_UNCHECKED_REF I 8
staticfield java/lang/invoke/DirectMethodHandle FT_CHECKED_REF I 9
staticfield java/lang/invoke/DirectMethodHandle ACCESSOR_FORMS [Ljava/lang/invoke/LambdaForm; 120 [Ljava/lang/invoke/LambdaForm;
staticfield java/lang/invoke/DirectMethodHandle ALL_WRAPPERS [Lsun/invoke/util/Wrapper; 10 [Lsun/invoke/util/Wrapper;
staticfield java/lang/invoke/DirectMethodHandle NFS [Ljava/lang/invoke/LambdaForm$NamedFunction; 12 [Ljava/lang/invoke/LambdaForm$NamedFunction;
staticfield java/lang/invoke/DirectMethodHandle OBJ_OBJ_TYPE Ljava/lang/invoke/MethodType; java/lang/invoke/MethodType
staticfield java/lang/invoke/DirectMethodHandle LONG_OBJ_TYPE Ljava/lang/invoke/MethodType; java/lang/invoke/MethodType
staticfield java/lang/invoke/DirectMethodHandle $assertionsDisabled Z 1
ciInstanceKlass java/lang/invoke/MutableCallSite 0 0 61 10 100 12 1 1 1 10 12 1 9 100 12 1 1 1 10 12 1 10 12 1 1 9 100 12 1 1 1 10 100 12 1 1 1 10 100 12 1 1 1 1 1 1 1 1 1 1 1 1 1 1 1 1 1 1 1 1 100 1 1
ciInstanceKlass java/lang/invoke/VolatileCallSite 0 0 37 10 100 12 1 1 1 10 12 1 10 100 12 1 1 1 10 12 1 10 12 1 1 1 1 1 1 1 1 1 1 1 1 1 1 1 1
instanceKlass java/lang/invoke/VarHandleLongs$Array
instanceKlass java/lang/invoke/VarHandleBooleans$FieldInstanceReadOnly
instanceKlass java/lang/invoke/VarHandleReferences$Array
instanceKlass java/lang/invoke/VarHandleByteArrayAsDoubles$ByteArrayViewVarHandle
instanceKlass java/lang/invoke/VarHandleByteArrayAsLongs$ByteArrayViewVarHandle
instanceKlass java/lang/invoke/VarHandleByteArrayAsFloats$ByteArrayViewVarHandle
instanceKlass java/lang/invoke/VarHandleByteArrayAsInts$ByteArrayViewVarHandle
instanceKlass java/lang/invoke/VarHandleByteArrayAsChars$ByteArrayViewVarHandle
instanceKlass java/lang/invoke/VarHandleByteArrayAsShorts$ByteArrayViewVarHandle
instanceKlass java/lang/invoke/VarHandleReferences$FieldInstanceReadOnly
instanceKlass java/lang/invoke/VarHandleInts$FieldInstanceReadOnly
ciInstanceKlass java/lang/invoke/VarHandle 1 1 474 10 7 12 1 1 1 10 7 12 1 1 9 12 1 1 9 12 1 1 10 12 1 1 8 1 10 12 1 1 10 7 12 1 1 1 10 12 1 1 10 100 12 1 1 1 9 100 12 1 1 1 10 12 1 1 10 100 12 1 1 1 10 12 1 1 9 12 1 10 12 1 9 12 1 1 10 100 12 1 1 10 12 1 9 100 12 1 1 1 9 12 1 1 10 12 1 1 100 1 100 1 10 8 1 10 12 1 1 10 12 1 8 1 10 12 1 10 12 1 9 12 1 1 9 12 1 10 12 1 10 12 1 1 10 12 1 10 10 100 12 1 1 1 10 12 1 1 10 12 1 1 10 100 12 1 1 1 10 100 12 1 1 1 10 100 12 1 1 1 9 12 1 1 9 10 12 1 10 12 1 1 10 12 1 1 10 12 1 10 100 12 1 1 1 9 12 1 1 10 12 1 1 9 12 1 10 12 1 10 12 1 10 100 12 1 1 100 1 10 9 7 12 1 1 1 9 12 1 1 10 7 12 1 1 1 10 12 1 10 12 1 10 12 1 10 12 1 10 12 1 10 12 1 1 8 10 12 1 1 7 1 10 12 1 1 100 1 1 1 1 1 1 1 1 1 1 1 1 1 1 1 1 1 1 1 1 1 1 1 1 1 1 1 1 1 1 1 1 1 1 1 1 1 1 1 1 1 1 1 1 1 1 1 1 1 1 1 1 1 1 1 1 1 1 1 1 1 1 1 1 1 100 1 1 1 1 1 1 1 1 100 1 1 1 1 1 1 1 1 1 1 1 1 100 1 100 1 1 100 1 100 1 100 1 100 1 100 1 100 1 100 1 100 1 100 1 100 1 100 1 100 1 100 1 100 1 100 1 100 1 100 1 100 1 100 1 100 1 100 1 100 1 100 1 100 1 100 1 100 1 100 1 100 1 100 1 100 1 100 1 100 1 100 1 100 1 100 1 100 1 1 1 1 1 1 100 1 1 1 100 1 1 100 1 100 1 100 1 100 1 100 1 100 1 1 1 1 100 1 100 1 100 1 100 1 100 1 100 1 100 1 100 1
staticfield java/lang/invoke/VarHandle VFORM_OFFSET J 16
staticfield java/lang/invoke/VarHandle $assertionsDisabled Z 1
ciInstanceKlass java/lang/invoke/MemberName 1 1 730 7 1 7 1 100 1 9 12 1 1 10 7 12 1 1 1 9 12 1 1 10 12 1 1 10 12 1 1 10 12 1 1 10 12 1 10 12 1 1 10 7 12 1 1 1 10 12 1 9 7 12 1 1 10 12 1 100 1 100 1 10 12 1 8 1 10 12 1 1 10 12 1 10 12 1 1 10 12 1 9 12 1 1 8 1 10 100 12 1 1 1 7 1 10 10 12 1 1 7 1 7 1 10 12 1 9 12 1 1 100 1 8 1 10 12 1 10 12 1 10 12 1 10 12 1 10 12 1 1 10 12 1 10 12 1 10 12 1 1 8 1 8 1 10 12 1 8 1 9 12 1 1 3 10 12 1 10 12 1 10 12 1 10 10 7 12 1 1 1 10 12 1 10 12 1 10 12 1 10 12 1 7 1 8 10 12 1 1 10 12 1 1 8 1 9 100 1 8 9 100 1 10 12 1 1 10 12 1 10 12 1 8 1 10 12 1 1 10 12 1 10 12 1 10 12 1 10 12 1 1 100 1 10 12 1 1 10 12 1 8 1 10 12 1 10 12 1 8 1 10 12 1 1 10 12 1 1 100 1 10 12 1 1 10 12 8 1 8 1 100 1 10 12 1 10 100 12 1 1 1 100 1 10 12 10 12 1 10 12 1 10 12 1 10 12 1 10 10 12 1 10 12 1 10 12 1 3 10 12 1 3 10 12 1 3 3 3 3 3 3 10 12 1 3 9 12 1 10 12 1 1 3 10 12 1 10 10 7 12 1 1 1 10 12 1 1 10 100 12 1 1 10 10 12 1 10 12 1 1 10 12 1 10 10 12 1 1 10 12 1 10 12 1 10 12 1 100 1 10 10 10 12 100 1 10 10 10 12 1 1 10 12 1 1 10 10 12 1 8 10 7 1 10 12 1 10 100 1 10 12 1 10 12 1 10 12 1 10 10 12 1 10 12 1 1 10 12 1 1 10 12 1 10 12 1 10 12 1 100 1 10 12 1 1 100 1 8 1 10 7 1 10 12 1 10 12 10 12 1 1 10 12 1 10 12 1 8 1 8 1 8 1 8 1 10 12 1 10 12 1 10 7 12 1 1 1 8 1 8 1 10 12 1 8 1 10 10 10 12 1 10 12 1 8 1 8 1 10 10 12 1 8 1 10 100 12 1 1 1 8 1 100 1 10 12 1 10 12 1 1 10 12 1 8 1 8 1 8 1 8 1 100 1 10 8 1 8 1 8 1 8 1 10 12 1 100 1 100 1 100 1 10 100 1 10 100 1 10 100 12 1 1 1 9 7 12 1 1 1 100 1 100 1 1 1 1 1 1 1 3 1 3 1 3 1 3 1 3 1 3 1 1 1 1 1 1 1 1 3 1 3 1 1 1 1 1 1 1 1 1 1 1 1 1 1 1 1 1 1 1 1 1 1 1 1 100 1 1 1 1 1 1 1 1 1 1 1 1 1 1 1 1 1 1 1 1 1 1 1 1 1 1 1 1 1 1 1 1 1 1 1 1 1 1 1 1 1 1 1 1 1 1 1 1 1 1 1 1 1 1 1 1 1 1 1 1 1 1 1 1 1 1 1 1 1 1 1 1 1 1 1 1 100 1 1 1 1 1 1 1 1 1 1 1 1 1 1 1 1
staticfield java/lang/invoke/MemberName $assertionsDisabled Z 1
ciInstanceKlass java/lang/invoke/ResolvedMethodName 1 1 25 10 100 12 1 1 1 9 7 12 1 1 1 1 1 1 1 1 1 1 1 1 1 1 1
ciInstanceKlass java/lang/invoke/MethodHandleNatives 1 1 689 100 1 10 7 12 1 1 1 9 7 12 1 1 1 10 12 1 1 100 1 10 10 12 1 1 10 12 1 10 12 1 8 1 8 1 8 1 8 1 8 1 8 1 8 1 8 1 8 1 8 1 10 12 1 1 7 1 10 7 12 1 1 1 10 100 12 1 1 1 7 1 10 10 12 1 1 8 1 10 12 1 8 1 10 12 1 1 8 1 10 12 1 1 9 100 12 1 1 1 8 1 10 100 12 1 1 1 100 1 10 12 100 1 100 1 8 1 7 1 10 10 12 1 7 1 9 7 12 1 1 10 12 1 1 10 12 1 10 7 12 1 1 1 10 12 1 1 9 12 1 8 1 10 12 1 1 10 12 1 8 1 10 12 1 1 7 1 10 12 1 10 7 12 1 1 1 10 12 1 10 12 1 1 10 12 1 1 8 1 10 12 1 1 8 1 10 12 1 8 1 8 1 8 1 100 1 10 12 1 8 1 10 100 12 1 1 1 10 12 1 1 10 100 12 1 1 10 10 12 1 1 10 12 1 10 100 12 1 1 1 100 1 8 1 10 100 12 1 1 1 7 1 8 1 10 12 1 8 1 8 1 8 1 8 1 8 1 10 12 1 1 10 12 1 1 10 12 1 10 12 1 1 10 12 1 1 7 1 10 12 1 100 1 100 1 10 12 1 10 12 1 8 1 8 1 10 10 12 1 1 10 12 1 1 8 1 10 100 12 1 1 8 1 8 1 10 12 1 1 10 7 12 1 1 1 100 1 10 12 1 1 7 1 9 12 1 1 10 7 12 1 1 1 10 10 12 1 9 12 1 10 12 1 9 12 1 9 12 1 10 12 1 1 10 12 1 10 12 1 1 7 1 7 1 10 12 1 1 10 12 1 10 12 1 1 10 7 12 1 1 1 10 12 1 8 1 10 12 1 10 12 1 10 12 1 1 10 12 1 10 7 12 1 1 1 10 12 1 1 100 1 8 1 10 9 7 12 1 1 1 10 12 1 1 10 12 1 1 100 1 10 12 1 1 10 12 1 1 100 1 100 1 10 10 100 1 100 1 10 100 1 10 10 12 1 1 10 100 1 10 12 1 10 12 1 1 10 12 1 1 10 12 1 1 10 12 1 10 12 1 1 10 8 1 10 12 1 10 12 1 10 12 1 10 12 1 10 12 1 1 10 12 1 10 12 1 10 12 1 10 10 7 12 1 1 10 12 1 1 1 1 1 1 1 1 1 1 1 1 1 100 1 1 1 1 1 1 1 1 1 1 1 1 1 1 1 1 1 1 1 1 1 1 1 1 1 1 1 1 1 1 1 1 1 1 1 1 1 1 1 1 1 1 1 1 1 1 1 1 1 1 1 1 1 1 1 1 1 1 1 1 1 1 1 100 1 1 1 1 1 1 1 1 1 1 1 1 1 1 1 1 1 1 1 1 1 1 1 1 1 1 1 1 1 1 1 1 1 1 1 100 1 1 1 1 1 1 1 1 1 1 1 1 1 1 1 1 1 1 1 1 1 1 1 1 1 1 1 1 1 1 1 1 1 1 100 1 1
staticfield java/lang/invoke/MethodHandleNatives $assertionsDisabled Z 1
ciInstanceKlass jdk/internal/foreign/abi/NativeEntryPoint 0 0 223 10 100 12 1 1 1 9 100 12 1 1 1 9 12 1 1 100 1 8 1 10 12 1 10 12 1 1 100 1 10 100 12 1 1 1 10 12 1 9 12 1 1 18 12 1 1 10 100 12 1 1 1 9 100 12 1 1 1 8 1 10 12 1 1 8 1 8 1 8 1 8 1 10 100 12 1 1 1 100 1 10 10 12 1 1 8 1 10 12 1 8 1 10 12 1 10 12 1 1 10 12 1 1 100 1 8 1 10 12 1 10 12 1 1 100 1 8 1 10 10 12 1 9 12 1 1 18 12 1 1 10 100 12 1 1 1 10 12 1 1 10 12 1 10 100 12 1 1 1 10 1 1 1 1 1 1 1 1 1 1 1 1 1 1 1 1 1 1 1 1 1 1 1 1 1 1 1 1 1 1 1 1 1 1 1 1 1 1 1 1 1 1 1 1 16 1 15 10 12 16 1 16 15 10 12 15 10 100 12 1 1 1 1 1 100 1 1 100 1 100 1 1
ciInstanceKlass jdk/internal/foreign/abi/ABIDescriptor 0 0 55 10 100 12 1 1 1 9 100 12 1 1 1 9 12 1 1 9 12 1 9 12 1 9 12 1 1 9 12 1 9 12 1 1 9 12 1 9 12 1 9 12 1 9 12 1 1 1 1 1 1 1 1 1 1
ciInstanceKlass jdk/internal/foreign/abi/VMStorage 0 0 111 10 100 12 1 1 1 9 100 12 1 1 1 9 12 1 1 9 12 1 1 9 12 1 1 100 1 10 8 1 10 12 1 1 10 12 1 10 12 1 1 10 12 1 100 1 10 100 12 1 1 1 10 100 12 1 1 10 100 12 1 1 10 100 12 1 1 1 18 12 1 1 1 1 1 1 1 1 1 1 1 1 1 1 1 1 1 1 1 1 1 1 8 1 15 15 15 15 15 10 100 12 1 1 1 1 100 1 100 1 1
ciInstanceKlass jdk/internal/foreign/abi/UpcallLinker$CallRegs 0 0 66 10 100 12 1 1 1 9 100 12 1 1 1 9 12 1 18 12 1 1 18 12 1 1 18 12 1 1 1 1 1 1 1 1 1 1 1 1 1 1 1 1 1 1 100 1 1 1 8 1 15 15 15 10 100 12 1 1 1 1 1 100 1 100 1 1
instanceKlass java/lang/StackFrameInfo
ciInstanceKlass java/lang/ClassFrameInfo 1 1 126 10 7 12 1 1 1 9 7 12 1 1 1 7 1 3 9 12 1 1 9 12 1 1 100 1 9 12 1 1 3 11 100 12 1 1 1 11 12 1 10 12 1 1 10 12 1 1 10 12 1 100 1 10 10 12 1 1 8 1 8 1 10 12 100 1 10 10 12 1 1 8 1 10 12 1 8 1 10 12 8 1 10 12 1 10 7 12 1 1 1 100 1 1 1 1 1 1 1 1 1 1 1 1 1 1 1 1 1 1 1 1 1 1 1 1 1 1 1 100 1 1 1 1 1 1
staticfield java/lang/ClassFrameInfo JLIA Ljdk/internal/access/JavaLangInvokeAccess; java/lang/invoke/MethodHandleImpl$1
ciInstanceKlass java/lang/StackWalker$StackFrame 1 1 41 100 1 10 12 1 1 100 1 100 1 1 1 1 1 1 1 1 1 1 1 1 1 1 1 1 1 1 1 1 1 1 1 1 1 1 1 100 1 1 1
ciInstanceKlass java/lang/StackWalker 1 1 236 9 7 12 1 1 1 10 7 12 1 1 1 7 1 10 7 12 1 1 1 10 12 1 1 11 7 12 1 1 1 10 12 1 1 10 12 1 1 100 1 8 1 10 12 1 10 12 1 10 12 1 10 7 12 1 1 9 12 1 1 9 12 1 1 9 12 1 1 9 12 1 1 10 12 1 1 9 12 1 1 9 12 1 1 9 12 1 1 9 12 1 1 10 12 1 1 10 7 12 1 1 1 10 7 12 1 1 1 18 12 1 1 100 1 8 1 10 8 1 10 12 1 1 10 100 12 1 1 1 10 12 1 1 10 12 1 11 12 1 1 9 7 12 1 1 11 100 12 1 1 1 10 12 1 1 1 1 1 1 1 1 1 1 1 1 1 1 1 1 1 1 1 1 1 1 1 1 1 1 1 1 1 1 1 1 1 1 1 1 1 1 1 1 1 1 1 1 1 1 1 1 1 1 1 1 1 1 1 100 1 1 16 15 10 12 16 1 15 10 100 12 1 1 1 1 1 1 1 1 1 100 1 100 1 1
staticfield java/lang/StackWalker DEFAULT_EMPTY_OPTION Ljava/util/EnumSet; java/util/RegularEnumSet
staticfield java/lang/StackWalker DEFAULT_WALKER Ljava/lang/StackWalker; java/lang/StackWalker
instanceKlass java/lang/LiveStackFrameInfo
ciInstanceKlass java/lang/StackFrameInfo 1 1 150 10 7 12 1 1 1 9 7 12 1 1 1 9 12 1 1 11 7 12 1 1 1 10 12 1 1 10 7 12 1 1 1 9 12 1 1 10 12 1 1 9 12 1 1 100 1 10 12 10 12 1 9 12 1 100 1 100 1 10 12 1 1 11 12 1 1 10 12 1 10 12 1 10 12 1 1 9 12 1 1 10 12 1 1 10 100 12 1 1 10 12 1 1 9 12 1 10 100 12 1 1 1 9 12 1 1 10 100 1 10 12 1 9 12 1 1 10 12 1 1 10 12 1 1 1 1 1 1 1 1 1 1 1 1 1 1 1 1 100 1 100 1 1 1 1 1 1 1 1
staticfield java/lang/StackFrameInfo $assertionsDisabled Z 1
ciInstanceKlass java/lang/LiveStackFrameInfo 0 0 97 10 100 12 1 1 1 9 100 12 1 1 1 9 12 1 9 12 1 9 12 1 9 12 1 1 100 1 10 12 1 1 10 12 1 8 1 10 12 1 1 8 1 8 1 8 1 10 100 1 10 12 1 100 1 10 12 1 100 1 100 1 1 1 3 1 3 1 1 1 1 1 1 1 1 1 1 1 1 1 1 1 1 1 1 1 1 1 1 1 1 1 1 1 100 1 1
ciInstanceKlass java/lang/LiveStackFrame 0 0 112 100 1 10 100 12 1 1 1 11 100 12 1 1 1 11 12 1 9 100 12 1 1 1 10 100 12 1 1 1 10 100 12 1 1 1 11 12 1 10 12 1 100 1 100 1 1 1 1 1 1 1 1 1 1 1 1 1 1 1 1 1 1 1 1 1 1 1 1 1 100 1 1 1 1 1 1 1 100 1 8 1 1 12 10 1 1 1 8 1 1 1 8 1 1 1 8 1 1 1 8 1 1 8 1 1 1 8 1 1 8 1
instanceKlass java/lang/StackStreamFactory$StackFrameTraverser
ciInstanceKlass java/lang/StackStreamFactory$AbstractStackWalker 1 1 364 7 1 100 1 3 10 7 12 1 1 1 10 7 12 1 1 10 7 12 1 1 1 9 12 1 1 9 12 1 1 9 12 1 1 9 12 1 9 12 1 10 7 12 1 1 1 10 12 1 1 10 100 12 1 1 9 12 1 1 9 12 1 1 10 12 1 1 9 12 1 1 10 7 12 1 1 1 10 12 1 1 9 12 1 1 9 100 12 1 1 1 100 1 10 8 1 10 12 1 1 10 12 1 8 1 10 12 1 1 10 100 12 1 1 1 100 1 8 1 10 12 1 8 1 10 12 10 7 12 1 1 9 12 1 1 8 1 5 0 8 1 8 1 9 12 1 1 10 12 1 1 18 12 1 1 10 100 12 1 1 1 10 12 1 1 10 12 1 10 12 1 9 7 12 1 1 1 10 12 1 1 9 12 1 10 12 1 10 12 1 10 12 1 10 12 1 10 12 1 10 12 1 1 8 1 10 12 1 10 12 1 10 12 1 10 12 1 1 8 1 10 12 1 1 10 12 1 1 10 12 1 1 10 12 1 10 12 1 10 12 1 9 12 1 8 1 10 12 1 8 1 10 12 1 10 12 1 1 10 12 1 10 12 1 10 12 1 1 10 12 1 10 12 1 10 12 1 10 12 1 10 12 1 10 12 1 1 10 12 1 10 12 1 10 12 1 10 12 1 8 1 1 1 1 1 1 1 1 1 1 1 1 1 100 1 1 1 1 1 1 100 1 1 1 1 100 1 1 1 1 1 1 1 1 1 1 1 1 1 1 1 1 1 1 16 15 15 10 100 12 1 1 1 1 1 1 1 1 100 1 100 1 1
ciInstanceKlass jdk/internal/module/Modules 1 1 481 10 100 12 1 1 1 9 7 12 1 1 1 11 7 12 1 1 1 11 12 1 1 11 12 1 1 11 12 1 1 11 12 1 11 12 1 11 12 1 11 12 1 11 12 1 11 12 1 1 10 100 12 1 1 1 10 12 1 1 10 100 12 1 1 10 100 12 1 1 1 10 100 12 1 1 10 12 1 1 11 12 1 9 12 1 1 11 7 12 1 1 1 10 12 1 1 10 10 12 1 10 100 1 9 12 1 1 10 100 12 1 1 10 12 1 1 10 100 12 1 1 1 100 1 11 100 12 1 1 1 10 100 12 1 1 1 11 100 12 1 1 10 12 1 1 10 100 12 1 1 10 100 12 1 1 1 10 12 1 1 10 12 1 1 11 12 1 1 18 12 1 1 11 100 12 1 1 10 100 12 1 1 1 11 100 12 1 1 1 100 1 11 12 1 1 11 100 12 1 1 1 11 12 1 1 10 12 1 1 10 100 12 1 1 18 12 1 1 11 12 1 1 18 12 1 1 11 12 1 1 10 12 1 18 18 10 12 1 1 9 12 1 1 11 100 12 1 1 1 100 1 10 11 12 1 11 12 1 1 10 100 1 10 12 1 1 10 100 12 1 1 10 12 1 1 11 12 10 12 1 1 100 1 10 18 12 1 10 12 1 1 100 1 8 1 10 12 1 10 100 12 1 1 18 12 1 11 11 12 10 12 1 10 10 100 1 18 12 1 10 10 10 7 12 1 1 10 7 12 1 1 1 10 12 1 1 1 1 1 1 1 1 1 1 1 1 1 1 1 1 1 1 1 1 1 1 1 1 1 1 1 1 1 1 1 1 1 1 1 1 1 1 1 1 1 1 1 1 1 1 1 1 1 1 1 1 1 1 1 1 1 1 1 1 1 1 1 1 100 1 1 1 1 1 1 1 1 1 1 1 1 1 1 1 1 1 1 1 1 1 1 1 16 15 10 12 1 16 1 16 1 15 10 12 1 16 1 16 1 15 10 12 16 1 15 10 16 1 15 10 12 16 1 16 15 10 12 16 15 10 12 16 15 10 12 15 10 100 12 1 1 1 1 1 1 100 1 100 1 1
staticfield jdk/internal/module/Modules JLA Ljdk/internal/access/JavaLangAccess; java/lang/System$1
staticfield jdk/internal/module/Modules JLMA Ljdk/internal/access/JavaLangModuleAccess; java/lang/module/ModuleDescriptor$1
staticfield jdk/internal/module/Modules $assertionsDisabled Z 1
ciInstanceKlass jdk/internal/loader/ClassLoaders 1 1 185 10 100 12 1 1 1 10 7 12 1 1 1 10 12 1 1 10 100 12 1 1 1 9 7 12 1 1 1 9 12 1 1 9 12 1 1 7 1 11 100 12 1 1 1 100 1 11 12 1 1 11 12 1 1 10 100 12 1 1 1 10 100 12 1 1 1 100 1 100 1 10 7 12 1 1 1 9 12 1 1 8 1 10 7 12 1 1 1 10 12 1 1 7 1 10 12 1 10 12 1 1 7 1 10 12 1 1 10 12 1 1 10 12 1 7 1 10 12 10 12 1 8 1 10 7 12 1 1 8 1 8 1 10 12 1 7 1 10 10 12 1 10 12 1 1 1 1 1 1 1 1 1 1 1 1 1 1 1 1 1 1 1 1 100 1 1 1 1 1 1 1 1 1 1 1 1 1 1 1 1 1 1 1 1
staticfield jdk/internal/loader/ClassLoaders JLA Ljdk/internal/access/JavaLangAccess; java/lang/System$1
staticfield jdk/internal/loader/ClassLoaders BOOT_LOADER Ljdk/internal/loader/ClassLoaders$BootClassLoader; jdk/internal/loader/ClassLoaders$BootClassLoader
staticfield jdk/internal/loader/ClassLoaders PLATFORM_LOADER Ljdk/internal/loader/ClassLoaders$PlatformClassLoader; jdk/internal/loader/ClassLoaders$PlatformClassLoader
staticfield jdk/internal/loader/ClassLoaders APP_LOADER Ljdk/internal/loader/ClassLoaders$AppClassLoader; jdk/internal/loader/ClassLoaders$AppClassLoader
ciInstanceKlass java/util/ArrayList 1 1 514 10 7 12 1 1 1 7 1 9 7 12 1 1 1 9 12 1 100 1 100 1 10 8 1 10 12 1 1 10 12 1 10 12 1 1 10 12 1 9 12 1 11 7 12 1 1 1 9 12 1 1 11 12 1 1 7 10 7 12 1 1 1 9 12 1 10 12 1 10 12 1 1 10 7 12 1 1 1 10 7 12 1 1 1 10 12 1 1 10 12 1 1 10 12 1 1 10 12 1 10 12 1 1 100 1 100 1 10 12 1 10 10 7 12 1 1 1 10 7 12 1 1 10 12 1 100 1 10 10 12 10 12 1 1 10 12 1 1 10 12 1 10 12 10 12 1 1 100 1 10 12 1 1 10 12 1 1 10 12 1 100 1 10 11 12 1 1 11 100 12 1 1 1 11 12 1 10 12 1 10 12 1 10 12 1 1 100 1 10 12 1 1 10 10 12 1 1 10 12 1 8 1 8 1 8 1 8 1 10 12 1 1 10 12 1 1 11 12 1 100 1 10 100 12 1 1 10 12 1 10 12 1 1 10 100 12 1 1 10 12 1 10 100 12 1 1 1 11 100 12 1 1 1 10 12 1 100 1 8 1 10 100 1 10 12 1 7 1 10 12 1 10 12 1 1 7 1 10 12 1 10 12 1 1 11 7 12 1 1 7 1 10 12 1 10 12 1 1 11 100 12 1 1 10 12 1 1 10 12 1 1 10 12 1 1 10 12 1 1 11 100 12 1 1 10 12 1 1 10 12 1 1 100 1 100 1 100 1 1 1 1 5 0 1 3 1 1 1 1 1 1 1 1 1 1 1 1 1 1 1 1 1 1 1 1 1 1 1 1 1 1 1 1 1 1 1 1 1 1 1 1 1 1 1 1 1 1 1 1 1 1 1 1 1 1 1 1 1 1 1 1 1 1 1 1 1 1 1 1 1 1 1 1 1 1 1 1 1 1 1 1 1 1 1 1 1 1 1 1 1 1 1 1 1 1 1 1 1 1 1 1 1 1 1 1 1 1 1 1 100 1 1 1 1 100 1 1 1 1 1 1 1 1 1 1 1 1 1 1 1 1 1 1 1 1 1 1 1 1 1 1 1 1 1 100 1 1 1 1 1 1 1 1 1 1 1 1 1 1 1 1 1 1 1 100 1 100 1 1 1 1 1 1
staticfield java/util/ArrayList EMPTY_ELEMENTDATA [Ljava/lang/Object; 0 [Ljava/lang/Object;
staticfield java/util/ArrayList DEFAULTCAPACITY_EMPTY_ELEMENTDATA [Ljava/lang/Object; 0 [Ljava/lang/Object;
ciInstanceKlass java/util/List 1 1 251 10 100 12 1 1 1 11 7 12 1 1 1 11 100 12 1 1 1 11 12 1 1 11 100 12 1 1 11 12 1 1 11 12 1 1 10 100 12 1 1 1 7 1 7 1 10 12 1 1 100 1 10 100 12 1 1 1 11 12 1 1 11 12 1 11 12 1 100 1 10 12 1 11 12 1 1 11 12 1 1 11 12 1 10 100 12 1 1 1 9 7 12 1 1 1 7 1 10 12 10 12 1 7 1 10 12 1 1 10 12 1 10 12 1 1 11 12 1 1 100 1 1 1 1 1 1 1 1 1 1 1 1 1 1 1 1 1 1 1 1 1 1 1 1 1 1 1 1 1 1 1 1 1 1 1 1 1 1 1 1 1 1 1 1 100 1 100 1 1 1 1 1 1 1 1 1 1 1 1 1 1 1 1 1 1 1 1 1 1 1 1 1 1 1 1 1 1 1 1 1 1 1 1 1 1 1 1 1 1 1 1 1 1 1 1 1 1 1 1 1 1 1 1 1 1 1 1 1 1 1 1 1 1 1 1 1 1 1 1 1 1 1 1 100 1 1 100 1 1 1
ciInstanceKlass java/util/SequencedCollection 1 1 104 100 1 10 12 1 1 11 100 12 1 1 1 11 100 12 1 1 1 11 12 1 1 11 12 1 100 1 100 1 1 1 1 1 1 1 1 1 1 1 1 1 1 1 1 1 1 1 1 1 1 1 1 1 1 1 1 1 100 1 8 1 12 10 1 1 8 1 1 1 8 1 1 8 1 1 1 8 1 1 8 1 1 1 8 1 1 8 1 8 1 1 8 1 1 1 8 1 1 8 1 1 8 1
ciInstanceKlass java/lang/Iterable 1 1 62 10 7 12 1 1 1 11 7 12 1 1 1 11 7 12 1 1 1 11 12 1 1 11 7 12 1 1 1 10 7 12 1 1 1 100 1 1 1 1 1 1 1 1 1 1 1 1 1 1 1 1 1 1 1 1 1 1 1 1 1 1
ciMethod java/util/Collection stream ()Ljava/util/stream/Stream; 520 0 240 0 -1
ciInstanceKlass java/util/RandomAccess 1 0 7 100 1 100 1 1 1
instanceKlass java/util/TreeMap$Values
instanceKlass tools/jackson/databind/util/internal/LinkedDeque
instanceKlass java/util/AbstractMap$2
instanceKlass java/util/concurrent/ConcurrentLinkedDeque
instanceKlass java/util/LinkedHashMap$LinkedValues
instanceKlass java/util/IdentityHashMap$Values
instanceKlass java/util/AbstractQueue
instanceKlass java/util/HashMap$Values
instanceKlass java/util/ArrayDeque
instanceKlass java/util/AbstractSet
instanceKlass java/util/ImmutableCollections$AbstractImmutableCollection
instanceKlass java/util/AbstractList
ciInstanceKlass java/util/AbstractCollection 1 1 160 10 7 12 1 1 1 10 7 12 1 1 1 10 12 1 1 11 7 12 1 1 1 11 12 1 1 10 12 1 1 10 100 12 1 1 1 10 12 1 1 10 12 1 1 10 7 12 1 1 10 7 12 1 1 1 7 1 10 100 12 1 1 1 10 100 12 1 1 1 100 1 10 11 12 1 11 7 1 10 12 1 10 12 1 10 7 12 1 1 1 11 8 1 7 1 10 10 12 1 1 8 1 10 12 1 10 12 1 1 1 1 1 1 1 1 1 1 1 1 1 1 1 1 1 1 1 1 1 1 1 1 1 1 1 1 1 1 1 1 1 1 1 1 1 1 1 1 1 1 1 1 1 1 1 1 1 1 1 1
instanceKlass sun/security/jca/ProviderList$2
instanceKlass java/util/ArrayList$SubList
instanceKlass java/util/Vector
instanceKlass java/util/AbstractSequentialList
instanceKlass java/util/Collections$SingletonList
instanceKlass java/util/Arrays$ArrayList
instanceKlass java/util/Collections$EmptyList
instanceKlass java/util/ArrayList
ciInstanceKlass java/util/AbstractList 1 1 218 10 7 12 1 1 1 9 7 12 1 1 1 10 12 1 1 10 12 1 1 100 1 10 10 12 1 1 11 7 12 1 1 1 11 12 1 1 11 12 1 10 7 12 1 1 1 10 12 1 11 12 1 11 12 1 11 12 1 10 12 1 1 10 12 1 1 11 100 12 1 1 1 11 7 1 11 7 1 10 12 1 7 1 10 12 1 10 12 1 1 100 1 100 1 10 12 1 100 1 10 100 1 100 1 10 8 1 10 12 1 1 10 12 1 10 12 1 1 10 12 1 8 1 100 1 8 1 8 1 8 1 10 7 1 11 10 10 12 1 11 12 1 10 12 1 1 8 1 8 1 1 1 1 1 1 1 1 1 1 1 1 1 1 1 1 1 1 1 1 1 1 1 1 1 1 1 1 1 1 1 1 1 1 1 1 1 1 1 1 1 1 1 1 1 1 1 1 1 1 1 1 1 1 1 1 1 1 100 1 100 1 1 1 1 1 1 1
ciInstanceKlass java/util/stream/Stream 1 1 445 10 7 12 1 1 1 18 12 1 1 11 7 12 1 1 1 18 11 12 1 1 18 11 12 1 1 18 11 12 1 1 100 1 11 12 1 1 10 12 1 1 11 12 1 1 10 7 12 1 1 1 18 12 1 1 11 12 1 1 100 1 10 11 12 1 1 100 1 11 12 1 1 10 7 12 1 1 1 10 12 1 10 100 12 1 1 1 7 1 10 12 1 10 7 12 1 1 10 12 1 11 12 1 1 10 12 1 100 1 100 1 5 0 100 1 10 12 1 100 1 10 12 1 100 1 10 12 1 7 1 10 12 1 10 7 12 1 1 1 100 1 10 11 100 12 1 1 1 10 12 1 10 12 1 1 100 1 10 10 12 1 10 12 1 1 100 1 10 10 12 1 10 12 1 1 100 1 10 10 100 1 100 1 1 1 1 1 1 1 1 1 1 1 1 1 1 1 1 1 1 1 1 1 1 1 1 1 1 1 1 1 1 1 1 1 1 1 1 1 1 1 1 1 1 1 1 1 1 1 1 1 1 1 1 1 1 1 1 1 1 1 1 1 1 1 1 1 1 1 1 1 1 1 1 1 1 1 1 1 1 1 1 1 1 1 1 1 1 1 1 1 1 1 1 1 1 1 1 1 1 1 1 1 1 1 1 1 1 1 1 1 1 1 1 1 1 1 1 1 1 1 1 1 1 1 1 1 1 1 1 1 1 1 1 1 1 1 1 1 1 1 1 1 1 1 1 1 1 1 1 1 1 1 1 1 1 1 1 1 1 1 1 1 1 1 1 1 100 1 1 16 15 11 12 16 15 11 12 16 1 15 11 12 16 1 15 11 12 16 1 16 15 11 12 1 15 10 100 12 1 1 1 1 100 1 100 1 1 100 1 1 1 1 1 100 1 100 1 1 100 1 1 1 100 1 1 100 1 1 100 1 1 100 1 100 1 1 1 100 1 8 1 12 10 1 1 1 8 1 8 1 8 1 1 1 8 1 8 1 1 8 1 8 1
ciMethod java/util/stream/Stream map (Ljava/util/function/Function;)Ljava/util/stream/Stream; 0 0 1 0 -1
ciMethod java/util/stream/Stream collect (Ljava/util/stream/Collector;)Ljava/lang/Object; 0 0 1 0 -1
ciInstanceKlass java/util/stream/Collectors 1 1 1462 10 100 12 1 1 1 100 1 8 1 10 100 12 1 1 1 10 12 1 18 12 1 1 18 12 1 1 18 12 1 7 1 18 12 1 18 9 7 12 1 1 1 10 12 1 18 12 1 1 18 18 18 18 9 12 1 10 12 1 18 18 18 9 12 1 18 18 9 12 1 18 18 18 18 8 1 10 12 1 1 18 12 1 18 18 18 18 12 1 11 7 12 1 1 11 12 1 18 12 1 11 12 1 11 12 1 11 12 1 1 18 12 1 18 12 1 9 7 12 1 1 1 11 7 12 1 1 1 11 12 1 1 10 7 12 1 1 1 11 12 1 10 7 12 1 1 1 11 7 12 1 1 1 18 12 1 1 10 12 1 1 11 100 12 1 1 1 10 12 1 1 11 12 1 18 18 12 1 18 18 18 18 12 1 18 18 18 18 12 1 18 18 10 100 12 1 1 1 10 12 1 18 18 18 18 18 18 18 18 18 18 18 18 10 12 1 1 18 12 1 18 18 18 12 18 12 1 18 18 18 18 12 1 18 18 10 12 1 1 10 12 1 1 18 10 12 1 18 12 1 10 12 1 18 12 18 10 12 1 9 12 1 18 18 9 12 1 18 9 12 1 10 12 1 1 18 12 1 18 18 12 1 18 12 1 10 12 1 10 12 1 8 1 10 7 12 1 1 1 8 1 10 12 1 1 18 10 12 1 1 10 12 1 8 1 18 18 18 12 1 18 10 12 1 18 18 18 18 18 18 18 18 18 18 10 12 1 1 8 1 8 1 8 1 8 1 100 1 8 1 8 1 100 1 8 1 8 1 8 1 8 1 8 1 11 12 1 1 10 12 1 1 10 12 1 10 12 1 10 18 12 1 18 18 18 100 1 10 12 1 10 100 12 1 1 1 11 100 12 1 1 1 10 12 1 10 100 12 1 1 11 100 12 1 1 10 12 1 10 100 12 1 1 11 100 12 1 1 1 10 12 1 11 12 1 11 100 12 1 1 1 11 7 1 10 7 12 1 1 7 1 11 12 1 1 7 1 11 12 1 1 11 100 1 9 12 1 1 9 12 1 10 12 1 11 12 1 11 12 1 11 100 12 1 1 11 12 18 12 1 11 12 1 1 8 1 18 12 1 11 12 1 1 18 18 11 18 11 9 100 12 1 1 10 100 12 1 1 1 9 12 1 1 10 12 1 10 12 1 10 12 1 1 10 12 1 1 10 12 1 1 10 100 12 1 1 10 100 12 1 1 100 1 11 12 1 1 18 12 1 11 12 1 1 11 12 1 100 1 10 12 1 1 11 12 1 1 11 100 12 1 1 1 11 12 1 11 12 1 11 12 1 7 1 10 12 1 10 7 12 1 1 1 10 7 12 1 1 11 12 1 1 10 10 10 12 1 1 7 1 10 100 12 1 1 1 10 11 100 12 1 1 1 100 1 10 10 11 7 1 10 12 11 12 1 10 12 1 1 9 12 1 10 12 1 10 12 1 10 12 1 10 12 1 1 1 1 1 1 1 1 1 1 1 1 1 1 1 1 1 1 1 1 1 1 1 1 1 1 1 1 1 1 1 1 1 1 1 1 1 1 1 1 1 1 1 1 1 1 1 1 1 1 1 1 1 1 1 1 1 1 1 1 1 1 1 1 1 1 1 1 1 1 1 1 1 1 1 1 1 1 1 1 1 1 1 1 1 1 1 1 1 1 1 1 1 1 1 1 1 1 1 1 1 1 1 1 1 1 1 1 1 1 1 1 1 1 1 1 1 1 1 1 1 1 1 1 1 1 1 1 1 1 1 1 1 1 1 1 1 1 1 1 1 1 1 1 1 1 1 1 1 1 1 1 1 1 1 1 1 1 1 1 1 1 1 1 1 1 1 1 1 1 1 1 1 1 1 1 1 1 1 1 1 1 1 1 1 1 100 1 1 1 1 1 1 1 1 1 1 1 1 1 1 1 1 1 1 1 1 1 1 1 1 1 1 1 1 1 1 1 1 1 1 1 1 1 1 1 1 1 1 1 1 1 1 1 1 1 1 1 1 1 1 1 1 1 1 1 1 1 1 1 1 1 1 1 1 1 1 1 1 1 1 1 1 1 1 1 1 1 1 1 1 1 1 1 1 1 1 1 1 1 1 1 1 1 1 1 1 1 1 1 1 1 1 1 1 1 1 1 1 1 1 1 1 1 1 1 1 1 1 1 1 1 1 1 1 1 1 1 1 1 1 1 1 1 1 1 1 1 1 1 1 1 1 1 1 1 1 1 1 1 1 1 1 1 1 1 1 1 1 1 1 1 1 1 1 1 1 1 1 1 1 1 1 1 1 1 1 1 1 1 1 1 1 1 1 1 1 1 1 1 1 100 1 1 16 15 10 12 16 16 15 10 12 16 1 16 15 10 12 15 11 12 1 16 1 15 10 12 16 16 15 10 16 1 15 11 7 1 16 1 15 10 12 16 15 10 12 15 10 12 16 15 10 16 1 15 11 16 1 15 10 12 16 15 10 12 15 10 12 16 15 10 16 1 15 16 1 15 10 12 16 15 10 12 1 1 16 1 15 10 12 16 1 15 10 12 1 16 1 15 10 12 1 16 1 15 10 16 1 15 10 12 15 10 12 15 10 12 15 10 12 16 15 10 12 15 10 12 16 15 10 12 16 1 15 10 12 16 15 10 12 16 15 10 12 16 15 10 12 16 1 15 10 12 16 15 10 12 16 15 10 12 16 15 10 12 16 1 15 10 12 16 15 10 12 16 15 10 12 15 10 12 15 10 12 15 10 12 16 15 10 12 15 10 12 15 10 12 15 10 12 15 10 12 15 10 12 15 10 12 15 10 12 15 10 12 16 1 15 10 12 16 1 15 10 12 16 15 10 12 16 15 10 12 16 1 15 16 1 15 10 12 16 15 10 12 16 15 10 12 15 10 12 15 10 12 15 10 16 1 15 10 12 15 10 12 16 15 10 7 1 16 1 15 10 12 16 1 15 10 12 15 10 12 16 1 15 10 12 16 1 15 10 12 16 1 15 10 12 16 1 15 10 12 16 1 15 10 12 16 1 15 10 12 16 15 10 12 15 10 12 15 10 16 1 15 10 12 16 1 15 10 12 16 15 10 16 1 15 10 12 16 1 15 10 12 16 15 10 16 1 15 10 12 16 1 15 10 12 16 15 10 12 16 1 15 10 12 16 1 15 10 12 1 16 1 15 10 16 1 15 10 12 15 10 12 15 10 12 15 10 12 15 10 12 16 15 10 12 15 10 7 12 1 1 1 1 1 1 1 1 1 1 100 1 100 1 1
staticfield java/util/stream/Collectors CH_CONCURRENT_ID Ljava/util/Set; java/util/Collections$UnmodifiableSet
staticfield java/util/stream/Collectors CH_CONCURRENT_NOID Ljava/util/Set; java/util/Collections$UnmodifiableSet
staticfield java/util/stream/Collectors CH_ID Ljava/util/Set; java/util/Collections$UnmodifiableSet
staticfield java/util/stream/Collectors CH_UNORDERED_ID Ljava/util/Set; java/util/Collections$UnmodifiableSet
staticfield java/util/stream/Collectors CH_NOID Ljava/util/Set; java/util/Collections$EmptySet
staticfield java/util/stream/Collectors CH_UNORDERED_NOID Ljava/util/Set; java/util/Collections$UnmodifiableSet
ciInstanceKlass java/util/function/Consumer 1 1 59 10 100 12 1 1 1 18 12 1 1 11 100 12 1 1 100 1 1 1 1 1 1 1 1 1 1 1 1 1 1 1 1 1 1 1 1 1 1 1 1 1 16 15 11 12 15 10 100 12 1 1 1 1 100 1 100 1 1
ciMethod java/util/stream/Collectors joining (Ljava/lang/CharSequence;)Ljava/util/stream/Collector; 38 0 1 0 -1
ciInstanceKlass java/lang/constant/ClassDesc 1 1 149 10 7 12 1 1 1 10 12 1 1 10 12 1 10 12 1 10 12 1 10 12 1 1 10 7 12 1 1 1 100 1 10 12 1 1 10 12 1 1 10 12 1 10 12 1 10 12 1 1 10 100 12 1 1 1 10 12 1 1 10 12 1 1 10 12 1 100 1 8 1 10 12 1 8 1 11 100 12 1 1 1 11 12 1 1 11 12 1 100 1 100 1 100 1 1 1 1 1 1 1 1 1 1 1 1 1 1 1 1 1 1 1 1 1 1 1 1 1 1 1 1 1 100 1 1 1 1 1 1 1 1 1 1 1 1 100 1 100 1 1 100 1 100 1 1 100 1 1
ciMethod java/lang/constant/ClassDesc componentType ()Ljava/lang/constant/ClassDesc; 0 0 1 0 -1
ciMethod java/lang/constant/ClassDesc isPrimitive ()Z 256 0 128 0 -1
ciMethod java/lang/constant/ClassDesc descriptorString ()Ljava/lang/String; 0 0 1 0 -1
ciMethod java/lang/constant/ClassDesc ofInternalName (Ljava/lang/String;)Ljava/lang/constant/ClassDesc; 0 0 4 0 -1
ciInstanceKlass java/lang/constant/MethodTypeDesc 1 1 186 10 7 12 1 1 1 10 7 12 1 1 1 7 1 9 7 12 1 1 1 10 12 1 1 11 100 12 1 1 1 7 11 100 12 1 1 1 10 12 1 1 10 12 1 8 1 100 1 11 12 1 1 11 100 12 1 1 18 12 1 1 11 12 1 1 8 1 10 100 12 1 1 1 11 12 1 1 11 12 1 1 11 12 1 1 10 100 12 1 1 1 11 12 1 1 11 12 1 1 11 12 1 1 11 12 1 1 11 12 1 1 11 12 1 1 100 1 100 1 1 1 1 1 1 1 1 1 1 1 1 1 1 1 1 1 1 1 1 1 1 1 1 1 1 100 1 1 1 1 1 1 1 1 1 1 1 1 1 1 1 1 1 16 15 16 1 15 10 100 12 1 1 1 1 100 1 100 1 1 100 1 1 100 1 1
ciMethod java/lang/constant/MethodTypeDesc returnType ()Ljava/lang/constant/ClassDesc; 0 0 1 0 -1
ciMethod java/lang/constant/MethodTypeDesc parameterList ()Ljava/util/List; 0 0 1 0 -1
ciInstanceKlass java/lang/annotation/Annotation 1 0 17 100 1 100 1 1 1 1 1 1 1 1 1 1 1 1 1
ciInstanceKlass jdk/internal/constant/ClassOrInterfaceDescImpl 1 1 206 9 7 12 1 1 1 10 7 12 1 1 1 10 7 12 1 1 1 100 1 10 12 1 1 10 12 1 1 10 12 1 10 12 1 10 7 1 9 12 1 1 9 12 1 10 12 1 1 10 12 1 1 10 7 12 1 1 1 10 12 1 1 10 12 1 1 100 1 10 12 10 12 1 1 10 12 1 10 12 1 10 12 1 10 12 1 10 12 1 1 10 8 1 10 12 1 1 10 12 1 1 8 1 10 12 1 1 10 12 1 10 7 12 1 1 1 10 12 10 100 12 1 1 1 10 12 1 1 10 12 1 8 1 10 12 1 10 12 1 1 10 12 1 1 10 12 1 1 10 7 12 1 1 1 100 1 1 1 1 1 1 1 1 1 1 1 1 1 1 1 1 1 1 1 1 1 100 1 1 1 1 1 1 100 1 1 1 1 1 1 1 1 1 1 1 1 1 100 1 1 100 1 100 1 1
staticfield jdk/internal/constant/ClassOrInterfaceDescImpl $assertionsDisabled Z 1
ciInstanceKlass jdk/internal/constant/ArrayClassDescImpl 1 1 228 7 1 9 7 12 1 1 1 10 7 12 1 1 1 100 1 10 12 1 1 10 12 1 1 10 100 12 1 1 1 10 12 1 1 10 12 1 1 10 12 1 1 10 12 1 1 10 7 12 1 1 9 12 1 1 11 7 12 1 1 1 9 100 12 1 1 1 10 12 1 10 7 1 9 12 1 9 12 1 1 100 1 10 12 1 10 12 1 100 1 7 1 10 8 1 10 12 1 1 10 12 1 8 1 10 12 1 1 10 10 12 1 1 11 12 1 8 1 10 12 1 10 12 1 8 1 11 12 1 10 12 1 1 11 12 1 10 10 100 12 1 1 1 11 12 1 1 10 7 12 1 1 1 11 12 1 1 10 12 1 8 1 10 100 12 1 1 1 10 12 1 1 10 10 12 10 12 1 10 12 1 1 1 1 1 1 1 1 1 1 1 1 1 1 1 1 1 1 1 1 1 1 1 1 1 100 1 1 1 1 1 1 1 1 1 1 1 1 1 100 1 1 100 1 100 1 1
staticfield jdk/internal/constant/ArrayClassDescImpl $assertionsDisabled Z 1
ciInstanceKlass java/lang/classfile/constantpool/ConstantPoolBuilder 1 1 456 7 1 11 100 12 1 1 1 100 1 10 12 1 1 10 12 1 11 7 12 1 1 1 11 7 12 1 1 1 11 100 1 10 7 12 1 1 1 11 12 1 1 100 1 100 1 10 8 1 10 12 1 1 11 12 1 10 12 1 10 12 1 11 12 1 10 7 12 1 1 1 11 12 1 1 7 1 9 12 1 1 11 100 12 1 1 11 12 1 1 11 100 12 1 1 11 12 1 1 11 12 1 11 12 1 1 11 12 1 11 12 1 11 12 1 11 12 1 1 11 12 1 11 12 1 1 11 12 1 1 11 100 12 1 1 1 11 12 1 11 12 1 11 12 1 1 9 100 12 1 1 1 11 12 1 1 10 100 12 1 1 100 1 10 12 1 11 12 1 1 100 1 9 12 1 10 100 12 1 1 1 10 12 1 1 11 100 12 1 1 1 11 12 1 1 10 12 1 10 12 1 1 11 12 1 1 100 1 9 12 1 10 100 12 1 1 10 10 12 1 10 12 1 11 12 1 1 100 1 9 12 1 11 12 1 1 7 1 10 12 1 11 12 1 1 7 1 11 12 1 7 1 10 12 1 1 11 12 1 1 7 1 10 12 1 1 11 12 1 1 7 1 10 12 1 1 11 12 1 1 8 1 11 100 12 1 1 1 10 12 1 11 12 1 1 11 12 1 11 12 1 11 11 12 1 1 18 12 1 1 11 100 12 1 1 1 11 12 1 1 11 12 1 100 1 100 1 1 1 1 1 1 1 1 1 1 1 1 1 1 1 1 1 1 1 1 1 1 1 1 1 1 1 1 1 1 1 1 1 1 1 100 1 100 1 100 1 1 1 1 1 1 1 1 1 1 1 1 1 1 1 1 1 1 1 1 1 1 1 1 100 1 1 1 1 1 1 1 1 1 1 1 1 1 1 1 1 100 1 1 16 15 11 12 16 15 10 100 12 1 1 1 1 100 1 1 1 1 1 1 100 1 100 1 1 1 100 1 8 10 1 1 8 1 1 1 8 1 1 1 8 1 1 8 1
ciInstanceKlass jdk/internal/classfile/impl/Util 1 1 699 100 1 10 7 12 1 1 1 100 1 10 12 1 7 1 10 12 1 100 1 10 12 1 7 1 9 7 12 1 1 1 11 100 12 1 1 1 11 100 12 1 1 1 10 7 12 1 1 1 10 100 12 1 1 1 10 100 1 11 7 12 1 1 11 12 1 1 10 12 1 1 10 12 1 1 10 12 1 1 10 12 1 1 10 100 12 1 1 1 7 1 10 12 1 1 100 1 11 7 12 1 1 10 12 1 10 12 1 1 11 12 1 1 11 12 1 100 1 10 12 1 11 7 12 1 1 9 7 12 1 1 1 11 12 1 1 10 12 1 1 10 7 12 1 1 1 11 7 12 1 1 1 100 1 11 12 1 10 12 1 1 10 12 1 1 10 7 12 1 1 1 10 12 1 1 8 1 10 12 1 1 11 100 12 1 1 1 11 7 12 1 1 1 11 12 1 1 7 1 10 12 1 1 11 7 12 1 1 1 100 1 10 8 1 10 12 1 1 10 12 1 8 1 10 12 1 10 12 1 7 1 10 12 1 1 10 12 1 1 7 1 10 11 12 1 1 9 12 1 1 100 1 100 1 10 7 1 11 12 1 1 10 7 12 1 1 10 12 1 9 7 12 1 1 1 9 12 1 9 12 1 11 12 1 1 10 100 1 18 12 1 1 11 12 1 1 11 12 1 1 11 100 12 1 1 1 100 1 11 12 1 1 10 100 12 1 100 1 9 100 12 1 1 1 10 100 12 1 1 1 100 1 100 1 10 100 12 1 1 1 10 12 1 10 12 1 1 8 1 10 100 12 1 1 1 10 12 1 1 11 100 12 1 1 8 1 10 100 12 1 1 11 7 1 11 7 1 11 12 1 1 100 1 11 12 1 1 3 8 1 10 12 1 10 12 1 1 10 12 1 1 10 12 1 1 9 12 1 1 10 12 1 18 12 1 11 100 12 1 1 1 100 1 100 1 10 100 12 1 10 12 1 10 12 1 10 7 12 1 1 10 12 1 1 3 3 3 3 3 3 3 3 3 3 3 3 3 3 3 3 3 3 3 3 3 3 3 3 3 3 3 3 3 3 3 3 3 3 3 3 3 3 3 1 1 3 1 3 1 1 1 1 1 1 1 1 1 1 1 1 1 1 1 1 1 1 1 1 1 1 1 1 1 1 1 1 1 1 1 1 1 1 1 1 1 1 1 1 1 100 1 1 1 1 1 1 1 1 1 1 1 1 1 1 1 1 1 1 1 1 1 1 1 100 1 1 1 1 1 1 1 1 1 1 1 1 1 1 1 1 1 1 1 1 1 100 1 100 1 1 1 1 1 1 1 1 1 1 1 1 1 1 1 1 1 1 1 1 1 1 1 1 1 1 1 1 1 1 1 1 1 1 1 1 1 1 1 1 1 1 1 100 1 1 1 1 1 1 1 1 1 1 1 1 1 1 1 1 1 1 1 1 1 1 1 1 1 1 1 1 1 1 1 1 1 1 16 15 10 12 16 1 15 10 12 16 1 15 10 100 12 1 1 1 1 1 1 1 1 1 100 1 1 100 1 1 1 100 1 1 1 1 1 100 1 100 1 1
staticfield jdk/internal/classfile/impl/Util ATTRIBUTE_STABILITY_COUNT I 5
staticfield jdk/internal/classfile/impl/Util powers [I 64
staticfield jdk/internal/classfile/impl/Util $assertionsDisabled Z 1
ciInstanceKlass java/lang/classfile/Attribute 1 0 97 100 1 100 1 100 1 1 1 1 1 1 1 1 1 1 1 100 1 100 1 100 1 100 1 100 1 100 1 100 1 100 1 100 1 100 1 100 1 100 1 100 1 100 1 100 1 100 1 100 1 100 1 100 1 100 1 100 1 100 1 100 1 100 1 100 1 100 1 100 1 100 1 100 1 100 1 100 1 100 1 100 1 100 1 100 1 100 1 100 1 100 1 100 1 100 1
ciInstanceKlass jdk/internal/classfile/impl/Util$Writable 1 0 14 100 1 100 1 1 1 1 1 1 100 1 1 1
ciInstanceKlass jdk/internal/constant/MethodTypeDescImpl 1 1 362 10 7 12 1 1 1 9 7 12 1 1 1 9 12 1 1 10 7 12 1 1 1 10 12 1 1 10 12 1 1 9 7 12 1 1 100 1 8 1 10 12 1 9 7 12 1 1 10 12 1 10 7 12 1 1 1 10 12 1 1 10 12 1 1 10 12 1 1 10 12 1 1 10 12 1 1 9 12 1 1 10 12 1 1 9 12 1 1 100 1 7 1 7 1 7 1 10 12 1 10 12 1 1 11 7 12 1 1 1 10 12 1 1 11 12 1 1 7 11 12 1 1 10 12 1 1 10 12 1 1 10 12 1 1 10 7 12 1 1 1 100 1 10 10 12 1 1 11 12 1 8 1 10 12 1 1 8 1 8 1 10 12 1 7 1 10 10 12 1 1 10 12 1 10 12 1 10 10 100 12 1 1 1 10 100 12 1 1 1 10 100 12 1 1 1 100 1 10 12 1 1 100 1 10 12 10 12 1 1 10 12 1 1 10 12 1 11 12 1 10 7 12 1 1 11 12 1 10 12 1 8 1 10 12 1 10 12 1 1 10 12 1 1 10 12 1 1 10 12 1 1 10 12 1 1 10 12 1 1 10 12 1 10 12 1 10 12 1 1 100 1 1 1 1 1 1 1 1 1 1 1 1 1 1 1 1 1 1 1 1 1 1 1 1 1 1 1 1 1 1 1 1 1 1 1 1 1 1 1 1 1 1 1 1 1 1 1 1 1 1 1 1 1 1 1 1 1 1 1 1 100 1 1 100 1 1 1 1 1 1 1 1 1 1 1 1 1 1 1 1 100 1 1 100 1 100 1 1 100 1 1
ciInstanceKlass java/lang/classfile/constantpool/ClassEntry 1 1 53 11 100 12 1 1 1 100 1 100 1 1 1 1 1 1 1 1 1 1 1 1 1 1 1 1 1 100 1 1 100 1 1 1 100 1 8 1 1 12 10 1 1 1 8 1 1 8 1 1 1 8 1
ciInstanceKlass java/lang/classfile/constantpool/LoadableConstantEntry 1 1 55 9 7 12 1 1 1 100 1 100 1 100 1 1 1 1 1 1 1 1 1 1 1 1 1 100 1 100 1 100 1 100 1 100 1 1 100 1 8 1 1 12 10 1 1 1 8 1 1 8 1 1 1 8 1
ciInstanceKlass java/lang/classfile/constantpool/PoolEntry 1 0 64 100 1 100 1 1 1 1 3 1 3 1 3 1 3 1 3 1 3 1 3 1 3 1 3 1 3 1 3 1 3 1 3 1 3 1 3 1 3 1 3 1 1 1 1 1 1 1 1 1 100 1 100 1 100 1 100 1 100 1 100 1 100 1
ciMethod java/lang/classfile/constantpool/ClassEntry asSymbol ()Ljava/lang/constant/ClassDesc; 0 0 1 0 -1
ciInstanceKlass java/util/stream/Collector 1 0 103 10 7 12 1 1 1 9 7 12 1 1 1 9 100 12 1 1 1 10 100 12 1 1 1 10 100 12 1 1 1 7 1 10 12 1 1 9 12 1 10 12 1 1 10 12 1 1 10 12 1 100 1 100 1 1 1 1 1 1 1 1 1 1 1 1 1 1 1 1 1 1 1 1 1 1 1 1 1 1 1 1 1 1 1 1 100 1 1 1 1 1 1 1 1 1 1 1 1 1 1 1 1
ciInstanceKlass java/lang/classfile/constantpool/ConstantPool 1 1 41 100 1 10 12 1 1 100 1 100 1 100 1 1 1 1 1 1 1 1 1 1 1 1 1 1 1 1 1 1 1 1 1 1 1 1 100 1 100 1 1
ciInstanceKlass jdk/internal/classfile/impl/AbstractPoolEntry$Utf8EntryImpl 1 1 347 10 7 12 1 1 1 9 7 12 1 1 1 9 12 1 1 9 12 1 9 7 12 1 1 1 9 12 1 10 7 12 1 1 1 10 12 1 9 12 1 9 12 1 1 10 12 1 9 12 1 9 12 1 9 12 1 1 9 12 1 1 100 1 9 12 1 1 11 7 12 1 1 1 10 7 12 1 1 1 9 12 1 10 12 1 1 11 12 1 1 10 12 1 1 9 12 1 100 1 8 1 100 1 10 12 1 10 100 12 1 1 1 10 12 1 1 10 12 1 11 7 12 1 1 1 100 1 10 12 1 1 10 12 10 12 1 1 10 12 1 1 10 12 1 9 100 12 1 1 1 10 12 1 10 12 1 1 10 12 10 12 1 1 10 12 1 1 10 12 1 1 10 10 10 100 12 1 1 1 10 12 1 10 12 1 10 7 12 1 1 1 100 1 8 1 10 10 7 12 1 1 10 12 1 1 10 12 1 7 1 11 12 1 1 7 1 11 12 1 11 10 12 1 1 11 12 1 10 12 1 1 100 1 10 12 1 1 10 100 12 1 1 1 11 12 1 1 11 12 1 10 11 10 12 1 11 100 1 11 12 1 10 12 1 1 10 7 12 1 1 1 100 1 1 1 1 1 1 1 1 1 1 1 1 1 1 1 1 1 1 1 1 1 1 1 1 1 1 1 1 100 1 1 1 1 100 1 1 1 1 1 1 1 1 1 1 1 1 1 1 1 1 1 1 1 1 1 1 1 1 1 1 1 1 1 1 100 1 1 1 1 1 1 1 1 1
staticfield jdk/internal/classfile/impl/AbstractPoolEntry$Utf8EntryImpl JLA Ljdk/internal/access/JavaLangAccess; java/lang/System$1
ciInstanceKlass java/lang/classfile/constantpool/Utf8Entry 1 0 61 100 1 100 1 100 1 100 1 1 1 1 1 1 1 1 1 1 1 1 100 1 1 100 1 1 1 100 1 8 1 1 12 10 1 1 1 8 1 1 1 8 1 1 1 8 1 1 1 8 1 1 8 1 1 8 1 1 1 8 1
ciMethod java/lang/classfile/constantpool/Utf8Entry equalsString (Ljava/lang/String;)Z 0 0 1 0 -1
ciMethod jdk/internal/classfile/impl/AbstractPoolEntry$Utf8EntryImpl fieldTypeSymbol ()Ljava/lang/constant/ClassDesc; 320 0 786 0 -1
ciMethod jdk/internal/classfile/impl/AbstractPoolEntry$Utf8EntryImpl stringValue ()Ljava/lang/String; 354 0 3445 0 -1
ciMethod jdk/internal/classfile/impl/AbstractPoolEntry$Utf8EntryImpl mayBeArrayDescriptor ()Z 64 0 417 0 -1
ciInstanceKlass jdk/internal/classfile/impl/AbstractPoolEntry$ClassEntryImpl 1 1 143 100 1 10 7 12 1 1 1 9 7 12 1 1 1 9 12 1 1 7 1 10 12 1 1 9 12 1 1 7 1 10 12 1 1 10 12 1 1 10 12 1 1 11 7 12 1 1 1 11 12 1 1 10 12 1 1 11 12 1 10 12 1 100 1 10 12 1 10 12 1 1 10 12 1 1 10 12 1 1 10 12 1 1 10 10 12 1 1 10 12 1 10 12 1 10 12 1 1 100 1 1 1 1 1 1 1 1 1 1 1 1 1 1 1 1 1 1 1 1 1 1 1 1 1 1 1 1 1 1 1 1 1 1 1 1 1 100 1 1 1 1 1
instanceKlass jdk/internal/classfile/impl/AbstractPoolEntry$StringEntryImpl
instanceKlass jdk/internal/classfile/impl/AbstractPoolEntry$AbstractNamedEntry
ciInstanceKlass jdk/internal/classfile/impl/AbstractPoolEntry$AbstractRefEntry 1 1 91 11 7 12 1 1 1 10 7 12 1 1 1 10 7 12 1 1 1 9 12 1 1 10 12 1 10 7 12 1 1 1 100 1 10 12 1 10 12 1 1 8 1 10 12 1 10 12 1 10 12 1 10 12 1 1 1 1 1 1 1 1 1 1 1 1 1 1 1 1 1 1 1 1 1 1 1 1 1 1 100 1 100 1 100 1 1 1 1 1 1
instanceKlass jdk/internal/classfile/impl/AbstractPoolEntry$ClassEntryImpl
ciInstanceKlass jdk/internal/classfile/impl/AbstractPoolEntry$AbstractNamedEntry 1 1 57 10 7 12 1 1 1 9 7 12 1 1 1 7 1 7 1 10 12 1 1 1 1 1 1 1 1 1 1 1 1 1 1 1 1 1 1 1 1 1 1 100 1 1 100 1 100 1 100 1 1 1 1 1 1 1 1
ciMethod jdk/internal/classfile/impl/AbstractPoolEntry$AbstractNamedEntry asInternalName ()Ljava/lang/String; 126 0 422 0 -1
ciMethod jdk/internal/classfile/impl/AbstractPoolEntry$ClassEntryImpl asInternalName ()Ljava/lang/String; 126 0 415 0 -1
ciMethod jdk/internal/classfile/impl/AbstractPoolEntry$ClassEntryImpl asSymbol ()Ljava/lang/constant/ClassDesc; 134 0 1815 0 0
ciInstanceKlass jdk/internal/classfile/impl/AbstractPoolEntry$NameAndTypeEntryImpl 1 1 87 100 1 10 7 12 1 1 1 9 7 12 1 1 1 7 1 9 12 1 11 100 12 1 1 1 10 12 1 1 11 12 1 1 10 12 1 11 10 12 1 1 10 12 1 10 12 10 12 1 1 100 1 1 1 1 1 1 1 1 1 1 1 1 1 1 1 1 1 1 1 1 1 1 1 1 1 1 1 100 1 1 1 1 100 1 1
ciInstanceKlass java/lang/classfile/constantpool/NameAndTypeEntry 1 0 19 100 1 100 1 100 1 1 1 1 1 1 1 100 1 1 100 1 1
ciMethod java/lang/classfile/constantpool/NameAndTypeEntry name ()Ljava/lang/classfile/constantpool/Utf8Entry; 0 0 1 0 -1
ciMethod java/lang/classfile/constantpool/NameAndTypeEntry type ()Ljava/lang/classfile/constantpool/Utf8Entry; 0 0 1 0 -1
ciInstanceKlass jdk/internal/classfile/impl/AbstractPoolEntry$FieldRefEntryImpl 1 1 68 100 1 10 7 12 1 1 1 9 100 12 1 1 1 100 1 9 12 1 100 1 11 100 12 1 1 1 10 12 1 1 100 1 1 1 1 1 1 1 1 1 1 1 1 1 1 1 1 1 1 1 1 1 1 1 1 100 1 1 1 100 1 1 100 1 1 1
ciInstanceKlass java/lang/classfile/constantpool/MemberRefEntry 1 1 62 11 7 12 1 1 1 11 7 12 1 1 1 11 12 1 100 1 100 1 1 1 1 1 1 1 1 1 1 1 100 1 100 1 100 1 100 1 1 100 1 1 1 100 1 8 1 1 12 10 1 1 1 8 1 1 8 1 1 1 8 1
ciMethod java/lang/classfile/constantpool/MemberRefEntry type ()Ljava/lang/classfile/constantpool/Utf8Entry; 514 0 1046 0 -1
ciMethod java/lang/classfile/constantpool/MemberRefEntry nameAndType ()Ljava/lang/classfile/constantpool/NameAndTypeEntry; 0 0 1 0 -1
ciInstanceKlass jdk/internal/classfile/impl/AbstractPoolEntry$MethodRefEntryImpl 1 1 68 100 1 10 7 12 1 1 1 9 7 12 1 1 1 7 1 9 12 1 7 1 11 7 12 1 1 1 10 12 1 1 100 1 1 1 1 1 1 1 1 1 1 1 1 1 1 1 1 1 1 1 1 1 1 1 1 100 1 1 1 100 1 1 100 1 1 1
ciInstanceKlass jdk/internal/classfile/impl/AbstractPoolEntry$InterfaceMethodRefEntryImpl 1 1 68 100 1 10 7 12 1 1 1 9 100 12 1 1 1 100 1 9 12 1 100 1 11 100 12 1 1 1 10 12 1 1 100 1 1 1 1 1 1 1 1 1 1 1 1 1 1 1 1 1 1 1 1 1 1 1 1 100 1 1 1 100 1 1 100 1 1 1
ciInstanceKlass jdk/internal/classfile/impl/SplitConstantPool 1 1 814 7 1 10 7 12 1 1 1 9 7 12 1 1 1 9 12 1 9 12 1 1 7 1 9 12 1 1 9 12 1 1 9 12 1 9 12 1 9 12 1 1 7 1 11 100 12 1 1 11 12 1 10 10 12 1 1 10 12 1 1 10 12 1 100 1 100 1 10 8 1 10 12 1 1 10 12 1 10 12 1 1 10 12 1 8 1 10 10 12 1 1 10 8 1 10 12 1 1 10 7 12 1 1 1 10 7 1 10 12 1 1 10 10 12 1 1 10 12 1 1 10 12 1 100 1 10 100 12 1 1 1 10 12 1 10 100 1 3 100 1 8 1 10 7 12 1 1 1 10 7 12 1 1 1 10 10 12 1 1 10 12 1 1 11 100 12 1 1 1 10 12 1 1 10 7 1 10 10 12 1 9 12 1 1 7 1 10 7 12 1 1 1 4 10 12 1 9 12 1 11 12 1 11 12 1 10 12 1 11 11 11 9 12 1 9 12 1 9 12 11 10 12 1 1 100 10 100 12 1 1 1 10 12 1 100 10 12 10 12 1 10 12 1 10 12 1 10 12 1 11 12 1 7 1 10 12 1 10 12 1 10 12 1 10 12 1 1 10 100 12 1 1 100 1 10 12 1 1 10 12 1 1 10 100 12 1 1 100 1 10 12 1 1 10 12 1 1 10 100 12 1 1 100 1 10 12 1 1 10 12 1 1 10 7 1 9 12 1 1 10 12 1 1 10 12 1 1 7 1 9 9 12 1 10 12 1 7 1 10 12 1 10 12 1 1 10 12 1 1 10 12 1 1 10 12 1 7 1 9 12 1 1 11 7 1 9 10 7 12 1 1 1 10 12 1 1 11 12 1 10 10 12 1 10 12 1 1 10 12 1 10 12 1 10 12 1 10 12 1 10 12 1 1 10 12 1 1 9 12 1 1 11 7 1 9 12 1 10 10 12 1 10 12 1 1 10 12 1 1 10 12 1 1 10 12 1 1 11 12 1 10 12 1 1 11 12 1 10 12 1 8 1 11 12 1 10 7 1 100 1 10 100 1 100 1 10 100 1 7 1 10 12 1 10 12 1 1 7 1 10 12 1 7 1 7 1 10 7 1 7 1 10 7 1 10 12 1 10 12 1 1 100 1 10 100 1 100 1 11 100 1 10 12 1 10 12 1 1 10 12 1 1 100 1 10 12 1 100 1 11 100 12 1 1 10 11 12 1 1 11 12 1 1 10 12 1 1 100 1 11 12 1 11 100 1 10 12 1 1 10 12 1 1 10 12 1 1 10 12 1 100 1 10 10 10 12 1 1 10 10 12 1 7 1 10 12 1 100 1 10 12 1 100 1 10 12 1 100 1 7 1 10 7 1 11 100 12 1 1 1 11 100 12 1 1 11 12 1 1 100 1 11 11 12 1 1 100 1 11 12 1 1 10 12 1 1 10 10 11 10 12 1 10 12 1 10 12 1 1 10 12 1 1 1 1 1 1 1 1 1 1 1 1 1 1 1 1 1 1 1 1 1 1 1 1 1 1 1 1 1 1 1 1 1 1 1 1 1 1 1 1 1 1 1 1 1 1 1 1 1 1 1 1 1 1 1 1 1 1 1 1 1 1 1 1 1 1 1 1 1 1 1 1 1 1 1 1 1 1 1 1 1 1 1 1 1 1 1 1 1 1 1 1 1 1 1 1 1 1 1 1 1 1 1 1 1 1 1 1 1 1 1 1 1 1 1 1 1 1 1 1 1 1 1 1 1 1 1 1 1 1 1 1 1 1 1 1 1 1 1 1 1 1 1 1 1 1 1 1 1 1 1 1 1 1 1 1 1 1 1 1 1 1
ciInstanceKlass jdk/internal/classfile/impl/ClassReaderImpl 1 1 554 7 1 10 7 12 1 1 1 9 7 12 1 1 1 9 12 1 1 9 12 1 1 10 7 12 1 1 1 9 12 1 10 12 1 1 3 100 1 8 1 10 12 1 10 12 1 11 7 12 1 1 1 100 1 10 8 1 10 12 1 1 10 12 1 10 12 1 1 10 12 1 100 1 8 1 8 1 8 1 8 1 10 9 12 1 9 12 1 1 9 12 1 9 12 1 1 9 12 1 9 12 1 9 12 1 9 12 1 1 7 1 10 12 1 1 9 12 1 1 10 12 1 10 7 12 1 1 1 10 12 1 1 11 100 12 1 1 10 12 1 8 1 10 12 1 1 11 100 12 1 1 1 100 1 8 1 10 12 1 100 1 10 12 1 1 10 100 12 1 1 1 10 12 1 1 10 100 12 1 1 1 10 100 12 1 1 1 11 100 12 1 1 1 9 12 1 9 12 1 1 10 100 12 1 1 1 11 100 12 1 1 1 100 1 10 10 12 1 1 9 12 1 100 1 10 11 12 11 12 1 1 11 12 1 1 11 100 12 1 1 11 12 1 1 100 1 11 12 1 1 100 1 11 12 1 10 12 1 1 11 12 1 10 12 1 11 12 1 1 10 10 12 100 1 11 12 1 1 10 12 1 1 10 12 1 7 1 7 1 100 1 100 1 100 1 7 1 100 1 100 1 100 1 100 1 100 1 100 1 100 1 100 1 100 1 100 1 10 7 12 1 1 1 10 12 1 10 12 1 10 12 1 1 8 1 10 12 1 8 1 10 7 12 1 1 8 1 8 1 10 12 1 1 8 1 10 12 1 10 12 1 10 12 1 10 12 1 10 12 1 10 12 1 1 10 12 1 10 12 1 10 10 12 1 10 10 10 12 1 100 1 10 12 1 10 10 12 1 10 10 10 10 12 1 1 8 1 100 1 11 12 1 8 1 10 12 1 9 100 12 1 1 10 12 1 1 10 12 1 1 100 1 1 1 3 1 1 1 1 1 1 1 1 1 1 1 1 1 1 1 100 100 1 1 1 1 1 1 1 1 1 1 1 1 1 1 1 1 1 1 1 1 1 1 1 1 1 1 1 1 1 1 1 1 1 1 1 1 1 1 1 1 1 1 1 1 1 1 1 1 1 1 1 1 1 1 1 1 1 1 1 1 100 1 1 1 1 1 1 1 1 1 1 1 1 1 1 1 1 100 1 1 1 100 1 1 1 1 1 1 1 1 1 1 1 1 1 1 1 1 1 1 1
ciMethod jdk/internal/classfile/impl/ClassReaderImpl entryByIndex (I)Ljava/lang/classfile/constantpool/PoolEntry; 0 0 1 0 -1
ciMethod jdk/internal/classfile/impl/SplitConstantPool size ()I 288 0 144 0 -1
ciMethod jdk/internal/classfile/impl/SplitConstantPool entryByIndex (ILjava/lang/Class;)Ljava/lang/classfile/constantpool/PoolEntry; 222 0 2888 0 0
ciMethod jdk/internal/classfile/impl/SplitConstantPool entryByIndex (I)Ljava/lang/classfile/constantpool/PoolEntry; 594 0 5507 0 -1
ciMethod jdk/internal/classfile/impl/SplitConstantPool badCP (I)Ljava/lang/classfile/constantpool/ConstantPoolException; 0 0 1 0 -1
ciMethod jdk/internal/classfile/impl/SplitConstantPool unusableCP (I)Ljava/lang/classfile/constantpool/ConstantPoolException; 0 0 1 0 -1
ciInstanceKlass jdk/internal/classfile/impl/RawBytecodeHelper$CodeRange 1 1 72 10 7 12 1 1 1 9 7 12 1 1 1 9 12 1 1 7 1 10 12 1 18 12 1 1 18 12 1 1 18 12 1 1 1 1 1 1 1 1 1 1 1 1 1 1 1 1 1 1 1 1 1 1 8 1 15 15 15 10 100 12 1 1 1 1 1 100 1 100 1 1
ciInstanceKlass jdk/internal/classfile/impl/RawBytecodeHelper 1 1 579 7 1 7 1 10 12 1 1 10 7 12 1 1 9 12 1 1 9 12 1 1 10 12 1 1 9 12 1 1 10 7 12 1 1 1 9 12 1 9 12 1 3 9 12 1 10 12 1 1 10 12 1 1 10 12 1 10 12 1 10 12 1 9 12 1 1 10 7 12 1 1 1 9 12 1 1 9 7 12 1 1 1 10 12 1 1 10 12 1 1 10 12 1 1 10 12 1 1 10 12 1 9 12 1 10 12 1 1 10 12 1 5 0 5 0 5 0 7 1 10 10 12 1 1 10 12 1 1 1 1 1 1 3 1 3 1 3 1 3 1 3 1 3 1 3 1 3 1 3 1 3 1 3 1 3 1 3 1 3 1 3 1 3 1 3 1 3 1 3 1 3 1 3 1 3 1 3 1 3 1 3 1 3 1 3 1 3 1 3 1 3 1 3 1 3 1 3 1 3 1 3 1 3 1 3 1 3 1 3 1 3 1 3 1 3 1 3 1 3 1 3 1 3 1 3 1 3 1 3 1 3 1 3 1 3 1 3 1 3 1 3 1 3 1 3 1 3 1 3 1 3 1 3 1 3 1 3 1 3 1 3 1 3 1 3 1 3 1 3 1 3 1 3 1 3 1 3 1 3 1 3 1 3 1 3 1 3 1 3 1 3 1 3 1 3 1 3 1 3 1 3 1 3 1 3 1 3 1 3 1 3 1 3 1 3 1 3 1 3 1 3 1 3 1 3 1 3 1 3 1 3 1 3 1 3 1 3 1 3 1 3 1 3 1 3 1 3 1 3 1 3 1 3 1 3 1 3 1 3 1 3 1 3 1 3 1 3 1 3 1 3 1 3 1 3 1 3 1 3 1 3 1 3 1 3 1 3 1 3 1 3 1 3 1 3 1 3 1 3 1 3 1 3 1 3 1 3 1 3 1 3 1 3 1 3 1 3 1 3 1 3 1 3 1 3 1 3 1 3 1 3 1 3 1 3 1 3 1 3 1 3 1 3 1 3 1 3 1 3 1 3 1 3 1 3 1 3 1 3 1 3 1 3 1 3 1 3 1 3 1 3 1 3 1 3 1 3 1 3 1 3 1 3 1 3 1 3 1 3 1 3 1 3 1 3 1 3 1 3 1 3 1 3 1 3 1 3 1 3 1 3 1 3 1 3 1 3 1 3 1 3 1 3 1 3 1 3 1 3 1 3 1 3 1 3 1 3 1 1 1 1 1 1 1 1 1 1 1 1 1 1 1 1 1 1 1 1 1 1 1 1 1 1 1 1 1 1 1 1 1 1 1 1 1 1 1 1 1
staticfield jdk/internal/classfile/impl/RawBytecodeHelper IAE_FORMATTER Ljava/util/function/BiFunction; jdk/internal/util/Preconditions$4
staticfield jdk/internal/classfile/impl/RawBytecodeHelper LENGTHS [B 256
staticfield jdk/internal/classfile/impl/RawBytecodeHelper UNSAFE Ljdk/internal/misc/Unsafe; jdk/internal/misc/Unsafe
ciMethod jdk/internal/classfile/impl/RawBytecodeHelper getIndex ()I 58 0 459 0 0
ciMethod jdk/internal/classfile/impl/RawBytecodeHelper bci ()I 312 0 156 0 0
ciMethod jdk/internal/classfile/impl/RawBytecodeHelper dest ()I 0 0 42 0 -1
ciMethod jdk/internal/classfile/impl/RawBytecodeHelper isWide ()Z 58 0 459 0 0
ciMethod jdk/internal/classfile/impl/RawBytecodeHelper opcode ()I 574 0 14967 0 80
ciMethod jdk/internal/classfile/impl/RawBytecodeHelper isStoreIntoLocal (I)Z 530 0 6488 0 0
ciMethod jdk/internal/classfile/impl/RawBytecodeHelper getIndexU1 ()I 80 0 904 0 0
ciMethod jdk/internal/classfile/impl/RawBytecodeHelper getIndexU2 ()I 222 0 3525 0 0
ciMethod jdk/internal/classfile/impl/RawBytecodeHelper destW ()I 0 0 1 0 -1
ciMethod jdk/internal/classfile/impl/RawBytecodeHelper getU1Unchecked (I)I 556 0 6605 0 0
ciMethod jdk/internal/classfile/impl/RawBytecodeHelper getU2 (I)I 16 0 98 0 -1
ciMethod jdk/internal/classfile/impl/RawBytecodeHelper getU2Unchecked (I)I 222 0 3622 0 0
ciInstanceKlass jdk/internal/classfile/impl/StackMapGenerator 1 1 942 7 1 100 1 7 1 7 1 10 7 12 1 1 1 11 7 12 1 1 1 9 7 12 1 1 1 11 7 12 1 1 1 11 7 12 1 1 1 11 12 1 1 11 12 1 1 9 12 1 1 10 12 1 1 9 12 1 1 9 12 1 1 9 12 1 1 10 12 1 1 10 7 12 1 1 9 12 1 1 9 12 1 9 12 1 1 10 7 12 1 1 1 9 12 1 1 9 12 1 9 12 1 1 9 12 1 1 9 12 1 1 9 12 1 9 12 1 1 9 7 1 11 7 12 1 1 10 12 1 9 12 1 7 1 10 7 12 1 1 1 10 12 1 9 12 1 1 10 12 1 1 9 12 10 12 1 9 12 1 7 1 10 12 1 9 12 1 1 10 12 1 9 12 1 9 12 1 9 12 1 10 12 1 1 10 12 1 1 9 12 1 10 7 12 1 1 9 12 1 9 12 1 11 12 1 10 12 1 10 12 1 10 12 1 10 12 1 9 12 1 9 12 1 9 12 1 10 12 1 1 11 12 1 1 100 1 10 12 1 1 11 100 12 1 1 1 10 12 1 10 12 1 10 12 1 1 100 1 10 100 12 1 1 10 12 1 11 12 1 10 12 1 1 9 12 1 10 12 1 11 12 1 1 8 1 10 12 1 1 10 12 1 1 10 12 1 1 10 100 12 1 1 1 10 12 1 1 11 12 1 1 11 100 12 1 1 11 12 1 11 12 1 11 12 1 11 12 1 1 10 12 1 11 12 1 1 11 12 100 1 10 100 12 1 1 1 10 12 1 11 7 12 1 1 1 10 12 1 1 9 12 1 10 12 1 1 10 12 10 12 1 8 1 10 12 1 10 12 1 10 12 1 8 1 10 12 1 1 10 12 1 10 12 1 1 10 12 1 1 9 12 1 9 12 1 9 12 1 9 12 1 10 12 1 9 12 1 9 12 1 9 12 1 10 12 1 10 12 1 10 12 1 10 12 1 10 12 1 10 12 1 1 10 12 1 10 12 1 1 10 12 1 10 12 1 1 10 12 1 1 10 12 1 10 12 1 10 12 1 10 12 1 1 10 12 1 10 12 1 1 10 12 1 10 12 1 10 12 1 10 12 1 1 8 1 8 1 10 100 12 1 1 1 10 100 12 1 1 1 11 12 1 1 11 100 1 11 9 12 9 12 1 9 12 1 9 12 10 12 1 1 9 12 10 7 12 1 1 11 12 1 9 12 1 9 12 1 9 12 1 9 12 1 9 12 1 100 1 10 11 12 1 10 12 1 8 1 10 12 1 1 10 12 1 10 12 1 8 1 8 1 8 1 8 1 7 1 11 12 1 10 7 12 1 1 1 10 12 1 1 100 1 8 1 10 12 100 1 11 12 1 1 11 11 7 1 10 12 1 10 12 1 1 11 12 1 8 11 12 1 1 9 12 1 10 12 1 1 9 12 9 12 10 12 1 8 1 11 7 12 1 1 8 1 9 12 1 1 10 12 1 100 1 8 1 11 12 1 1 11 12 1 1 18 12 1 1 11 100 12 1 1 1 8 1 10 100 12 1 1 1 11 12 1 1 10 12 1 10 12 1 10 100 12 1 1 1 18 12 1 1 10 12 1 1 100 1 10 12 1 10 10 12 1 8 1 10 12 8 1 9 12 1 1 10 100 12 1 1 1 10 12 1 1 100 10 100 12 1 1 1 10 12 1 9 12 1 9 12 1 9 12 1 9 12 1 9 12 1 9 12 1 9 12 1 9 12 1 1 1 1 3 1 3 1 3 1 3 1 3 1 1 3 1 3 1 1 3 1 3 1 3 1 3 1 3 1 1 1 3 1 3 1 3 1 1 1 1 1 1 1 1 1 1 1 1 100 1 1 1 1 1 1 1 1 1 1 1 1 1 1 1 1 1 1 1 1 1 1 1 1 1 1 1 1 1 1 1 1 1 1 1 1 1 1 1 1 1 1 1 1 1 1 1 1 1 1 1 1 1 1 1 1 1 1 1 1 1 1 1 1 1 1 1 1 1 1 1 1 1 1 1 1 1 1 1 1 16 15 11 12 1 16 1 16 15 10 12 1 1 16 15 10 100 12 1 1 1 1 1 1 1 100 1 1 1 100 1 100 1 1
staticfield jdk/internal/classfile/impl/StackMapGenerator EMPTY_FRAME_ARRAY [Ljdk/internal/classfile/impl/StackMapGenerator$Frame; 0 [Ljdk/internal/classfile/impl/StackMapGenerator$Frame;
staticfield jdk/internal/classfile/impl/StackMapGenerator ARRAY_FROM_BASIC_TYPE [Ljdk/internal/classfile/impl/StackMapGenerator$Type; 12 [Ljdk/internal/classfile/impl/StackMapGenerator$Type;
ciInstanceKlass jdk/internal/classfile/impl/StackMapGenerator$Type 1 1 326 7 1 10 7 12 1 1 1 9 7 12 1 1 1 9 12 1 1 9 12 1 10 12 1 10 7 12 1 1 1 9 12 1 1 9 12 1 9 12 1 11 7 12 1 1 1 11 12 1 9 12 1 10 12 1 9 12 1 10 12 1 10 12 1 1 11 10 12 1 9 7 12 1 1 10 100 12 1 1 1 10 9 12 1 9 12 1 10 12 1 1 10 12 1 1 10 12 1 1 10 12 1 10 12 1 9 12 1 9 12 1 9 12 1 9 12 1 9 12 1 9 12 1 9 12 1 9 12 1 9 12 1 11 12 1 1 11 12 1 11 12 1 11 12 1 1 10 100 12 1 1 1 9 12 1 9 12 1 9 12 1 9 12 1 9 12 1 9 12 1 9 12 1 11 100 12 1 1 1 11 100 12 1 1 1 10 100 12 1 1 1 10 12 1 1 18 12 1 1 18 12 1 1 10 12 1 1 9 12 1 9 12 1 9 12 1 9 12 1 9 12 1 9 12 1 9 12 1 9 12 1 9 12 1 9 12 1 9 12 1 9 12 1 9 12 1 9 12 1 9 12 1 9 12 1 9 12 1 9 12 1 9 12 1 8 1 10 7 12 1 1 1 8 1 1 1 1 1 1 1 1 1 1 1 1 1 1 1 1 1 1 1 1 1 1 1 1 1 1 1 1 1 1 1 1 1 8 1 15 15 15 15 10 100 12 1 1 1 1 1 100 1 100 1 1
staticfield jdk/internal/classfile/impl/StackMapGenerator$Type TOP_TYPE Ljdk/internal/classfile/impl/StackMapGenerator$Type; jdk/internal/classfile/impl/StackMapGenerator$Type
staticfield jdk/internal/classfile/impl/StackMapGenerator$Type NULL_TYPE Ljdk/internal/classfile/impl/StackMapGenerator$Type; jdk/internal/classfile/impl/StackMapGenerator$Type
staticfield jdk/internal/classfile/impl/StackMapGenerator$Type INTEGER_TYPE Ljdk/internal/classfile/impl/StackMapGenerator$Type; jdk/internal/classfile/impl/StackMapGenerator$Type
staticfield jdk/internal/classfile/impl/StackMapGenerator$Type FLOAT_TYPE Ljdk/internal/classfile/impl/StackMapGenerator$Type; jdk/internal/classfile/impl/StackMapGenerator$Type
staticfield jdk/internal/classfile/impl/StackMapGenerator$Type LONG_TYPE Ljdk/internal/classfile/impl/StackMapGenerator$Type; jdk/internal/classfile/impl/StackMapGenerator$Type
staticfield jdk/internal/classfile/impl/StackMapGenerator$Type LONG2_TYPE Ljdk/internal/classfile/impl/StackMapGenerator$Type; jdk/internal/classfile/impl/StackMapGenerator$Type
staticfield jdk/internal/classfile/impl/StackMapGenerator$Type DOUBLE_TYPE Ljdk/internal/classfile/impl/StackMapGenerator$Type; jdk/internal/classfile/impl/StackMapGenerator$Type
staticfield jdk/internal/classfile/impl/StackMapGenerator$Type BOOLEAN_TYPE Ljdk/internal/classfile/impl/StackMapGenerator$Type; jdk/internal/classfile/impl/StackMapGenerator$Type
staticfield jdk/internal/classfile/impl/StackMapGenerator$Type BYTE_TYPE Ljdk/internal/classfile/impl/StackMapGenerator$Type; jdk/internal/classfile/impl/StackMapGenerator$Type
staticfield jdk/internal/classfile/impl/StackMapGenerator$Type CHAR_TYPE Ljdk/internal/classfile/impl/StackMapGenerator$Type; jdk/internal/classfile/impl/StackMapGenerator$Type
staticfield jdk/internal/classfile/impl/StackMapGenerator$Type SHORT_TYPE Ljdk/internal/classfile/impl/StackMapGenerator$Type; jdk/internal/classfile/impl/StackMapGenerator$Type
staticfield jdk/internal/classfile/impl/StackMapGenerator$Type DOUBLE2_TYPE Ljdk/internal/classfile/impl/StackMapGenerator$Type; jdk/internal/classfile/impl/StackMapGenerator$Type
staticfield jdk/internal/classfile/impl/StackMapGenerator$Type UNITIALIZED_THIS_TYPE Ljdk/internal/classfile/impl/StackMapGenerator$Type; jdk/internal/classfile/impl/StackMapGenerator$Type
staticfield jdk/internal/classfile/impl/StackMapGenerator$Type OBJECT_TYPE Ljdk/internal/classfile/impl/StackMapGenerator$Type; jdk/internal/classfile/impl/StackMapGenerator$Type
staticfield jdk/internal/classfile/impl/StackMapGenerator$Type THROWABLE_TYPE Ljdk/internal/classfile/impl/StackMapGenerator$Type; jdk/internal/classfile/impl/StackMapGenerator$Type
staticfield jdk/internal/classfile/impl/StackMapGenerator$Type INT_ARRAY_TYPE Ljdk/internal/classfile/impl/StackMapGenerator$Type; jdk/internal/classfile/impl/StackMapGenerator$Type
staticfield jdk/internal/classfile/impl/StackMapGenerator$Type BOOLEAN_ARRAY_TYPE Ljdk/internal/classfile/impl/StackMapGenerator$Type; jdk/internal/classfile/impl/StackMapGenerator$Type
staticfield jdk/internal/classfile/impl/StackMapGenerator$Type BYTE_ARRAY_TYPE Ljdk/internal/classfile/impl/StackMapGenerator$Type; jdk/internal/classfile/impl/StackMapGenerator$Type
staticfield jdk/internal/classfile/impl/StackMapGenerator$Type CHAR_ARRAY_TYPE Ljdk/internal/classfile/impl/StackMapGenerator$Type; jdk/internal/classfile/impl/StackMapGenerator$Type
staticfield jdk/internal/classfile/impl/StackMapGenerator$Type SHORT_ARRAY_TYPE Ljdk/internal/classfile/impl/StackMapGenerator$Type; jdk/internal/classfile/impl/StackMapGenerator$Type
staticfield jdk/internal/classfile/impl/StackMapGenerator$Type LONG_ARRAY_TYPE Ljdk/internal/classfile/impl/StackMapGenerator$Type; jdk/internal/classfile/impl/StackMapGenerator$Type
staticfield jdk/internal/classfile/impl/StackMapGenerator$Type DOUBLE_ARRAY_TYPE Ljdk/internal/classfile/impl/StackMapGenerator$Type; jdk/internal/classfile/impl/StackMapGenerator$Type
staticfield jdk/internal/classfile/impl/StackMapGenerator$Type FLOAT_ARRAY_TYPE Ljdk/internal/classfile/impl/StackMapGenerator$Type; jdk/internal/classfile/impl/StackMapGenerator$Type
staticfield jdk/internal/classfile/impl/StackMapGenerator$Type STRING_TYPE Ljdk/internal/classfile/impl/StackMapGenerator$Type; jdk/internal/classfile/impl/StackMapGenerator$Type
staticfield jdk/internal/classfile/impl/StackMapGenerator$Type CLASS_TYPE Ljdk/internal/classfile/impl/StackMapGenerator$Type; jdk/internal/classfile/impl/StackMapGenerator$Type
staticfield jdk/internal/classfile/impl/StackMapGenerator$Type METHOD_HANDLE_TYPE Ljdk/internal/classfile/impl/StackMapGenerator$Type; jdk/internal/classfile/impl/StackMapGenerator$Type
staticfield jdk/internal/classfile/impl/StackMapGenerator$Type METHOD_TYPE Ljdk/internal/classfile/impl/StackMapGenerator$Type; jdk/internal/classfile/impl/StackMapGenerator$Type
staticfield jdk/internal/classfile/impl/StackMapGenerator$Type CD_Cloneable Ljava/lang/constant/ClassDesc; jdk/internal/constant/ClassOrInterfaceDescImpl
staticfield jdk/internal/classfile/impl/StackMapGenerator$Type CD_Serializable Ljava/lang/constant/ClassDesc; jdk/internal/constant/ClassOrInterfaceDescImpl
ciMethod jdk/internal/classfile/impl/StackMapGenerator$Type equals (Ljava/lang/Object;)Z 772 0 1218 0 -1
ciInstanceKlass jdk/internal/classfile/impl/StackMapGenerator$Frame 1 1 353 7 1 10 7 12 1 1 1 10 7 12 1 1 1 9 12 1 1 10 7 12 1 1 9 12 1 1 9 12 1 9 12 1 1 9 12 1 9 12 1 9 12 1 9 12 1 9 12 1 9 12 1 1 9 12 1 9 12 1 1 100 1 10 8 1 8 1 10 12 1 1 10 12 1 8 1 8 1 10 7 12 1 1 1 11 100 12 1 1 1 10 12 1 8 1 10 12 1 1 9 7 12 1 1 1 9 7 12 1 1 1 9 12 1 10 12 1 1 9 12 1 9 12 1 9 12 1 9 12 1 11 7 12 1 1 1 9 12 1 9 12 1 9 12 1 10 12 1 1 10 12 1 10 12 1 1 8 1 10 12 1 1 10 12 1 1 9 12 1 9 12 1 10 12 1 1 10 12 1 1 100 10 12 1 10 12 1 1 10 7 12 1 1 1 8 10 7 1 9 12 1 9 12 1 11 11 7 12 1 1 1 11 12 1 1 10 100 12 1 1 1 10 12 1 1 10 12 1 1 8 1 8 1 10 12 1 1 10 12 1 1 10 12 1 1 10 12 1 10 12 1 1 10 12 1 10 12 1 10 100 12 1 1 10 12 1 1 10 12 1 1 10 12 1 1 10 12 1 1 1 1 1 1 1 1 1 1 1 1 1 1 1 1 1 1 1 1 1 1 1 1 1 1 1 1 1 1 1 1 1 1 1 1 1 1 1 1 1 1 1 1 1 1 1 1 1 1 1 1 1 1 1 1 1 1 1 1 1 1 1 1 1 1 1 1 1 1 1 1 1 1 1
ciMethod jdk/internal/classfile/impl/StackMapGenerator cpIndexToType (ILjava/lang/classfile/constantpool/ConstantPoolBuilder;)Ljdk/internal/classfile/impl/StackMapGenerator$Type; 70 0 583 0 0
ciMethod jdk/internal/classfile/impl/StackMapGenerator generatorError (Ljava/lang/String;)Ljava/lang/IllegalArgumentException; 0 0 1 0 0
ciMethod jdk/internal/classfile/impl/StackMapGenerator generatorError (Ljava/lang/String;I)Ljava/lang/IllegalArgumentException; 0 0 1 0 -1
ciMethod jdk/internal/classfile/impl/StackMapGenerator processBlock (Ljdk/internal/classfile/impl/RawBytecodeHelper;)Z 530 0 6488 0 -1
ciMethod jdk/internal/classfile/impl/StackMapGenerator processExceptionHandlerTargets (IZ)V 0 0 1 0 -1
ciMethod jdk/internal/classfile/impl/StackMapGenerator processLdc (I)V 22 0 124 0 0
ciMethod jdk/internal/classfile/impl/StackMapGenerator checkJumpTarget (Ljdk/internal/classfile/impl/StackMapGenerator$Frame;I)V 0 0 1 0 -1
ciMethod jdk/internal/classfile/impl/StackMapGenerator processSwitch (Ljdk/internal/classfile/impl/RawBytecodeHelper;)V 0 0 1 0 -1
ciMethod jdk/internal/classfile/impl/StackMapGenerator processFieldInstructions (Ljdk/internal/classfile/impl/RawBytecodeHelper;)V 66 0 698 0 0
ciMethod jdk/internal/classfile/impl/StackMapGenerator processInvokeInstructions (Ljdk/internal/classfile/impl/RawBytecodeHelper;ZZ)Z 86 0 1220 0 0
ciMethod jdk/internal/classfile/impl/StackMapGenerator getNewarrayType (I)Ljdk/internal/classfile/impl/StackMapGenerator$Type; 0 0 1 0 -1
ciMethod jdk/internal/classfile/impl/StackMapGenerator processAnewarray (I)V 0 0 4 0 0
ciMethod java/util/Objects requireNonNull (Ljava/lang/Object;)Ljava/lang/Object; 544 0 59235 0 -1
ciMethod jdk/internal/classfile/impl/StackMapGenerator$Frame setLocalRawInternal (ILjdk/internal/classfile/impl/StackMapGenerator$Type;)V 486 0 242 0 -1
ciMethod jdk/internal/classfile/impl/StackMapGenerator$Frame getLocalRawInternal (I)Ljdk/internal/classfile/impl/StackMapGenerator$Type; 210 0 2463 0 0
ciMethod jdk/internal/classfile/impl/StackMapGenerator$Frame checkStack (I)V 512 0 4383 0 0
ciMethod jdk/internal/classfile/impl/StackMapGenerator$Frame initializeObject (Ljdk/internal/classfile/impl/StackMapGenerator$Type;Ljdk/internal/classfile/impl/StackMapGenerator$Type;)V 278 518 523 0 -1
ciMethod jdk/internal/classfile/impl/StackMapGenerator$Frame setLocal2 (ILjdk/internal/classfile/impl/StackMapGenerator$Type;Ljdk/internal/classfile/impl/StackMapGenerator$Type;)V 0 0 1 0 -1
ciMethod jdk/internal/classfile/impl/StackMapGenerator$Frame setLocal (ILjdk/internal/classfile/impl/StackMapGenerator$Type;)V 52 0 241 0 0
ciMethod jdk/internal/classfile/impl/StackMapGenerator$Frame popStack ()Ljdk/internal/classfile/impl/StackMapGenerator$Type; 72 0 920 0 0
ciMethod jdk/internal/classfile/impl/StackMapGenerator$Frame decStack (I)Ljdk/internal/classfile/impl/StackMapGenerator$Frame; 266 0 3132 0 0
ciMethod jdk/internal/classfile/impl/StackMapGenerator$Frame getLocal (I)Ljdk/internal/classfile/impl/StackMapGenerator$Type; 158 0 2204 0 0
ciMethod jdk/internal/classfile/impl/StackMapGenerator$Frame checkLocal (I)Ljdk/internal/classfile/impl/StackMapGenerator$Frame; 326 0 3868 0 0
ciMethod jdk/internal/classfile/impl/StackMapGenerator$Frame pushStack (Ljava/lang/constant/ClassDesc;)Ljdk/internal/classfile/impl/StackMapGenerator$Frame; 518 0 1579 0 -1
ciMethod jdk/internal/classfile/impl/StackMapGenerator$Frame pushStack (Ljdk/internal/classfile/impl/StackMapGenerator$Type;)Ljdk/internal/classfile/impl/StackMapGenerator$Frame; 364 0 4356 0 0
ciMethod jdk/internal/classfile/impl/StackMapGenerator$Frame pushStack (Ljdk/internal/classfile/impl/StackMapGenerator$Type;Ljdk/internal/classfile/impl/StackMapGenerator$Type;)Ljdk/internal/classfile/impl/StackMapGenerator$Frame; 0 0 27 0 0
ciMethod jdk/internal/classfile/impl/StackMapGenerator$Type uninitializedType (I)Ljdk/internal/classfile/impl/StackMapGenerator$Type; 0 0 97 0 0
ciMethod jdk/internal/classfile/impl/StackMapGenerator$Type getComponent ()Ljdk/internal/classfile/impl/StackMapGenerator$Type; 0 0 25 0 0
ciMethod jdk/internal/classfile/impl/StackMapGenerator$Type referenceType (Ljava/lang/constant/ClassDesc;)Ljdk/internal/classfile/impl/StackMapGenerator$Type; 334 0 3346 0 0
ciMethod jdk/internal/classfile/impl/StackMapGenerator$Type sym ()Ljava/lang/constant/ClassDesc; 0 0 1 0 -1
ciMethod jdk/internal/classfile/impl/StackMapGenerator$Type isArray ()Z 50 0 25 0 -1
ciMethod jdk/internal/classfile/impl/StackMapGenerator$Type toArray ()Ljdk/internal/classfile/impl/StackMapGenerator$Type; 0 0 4 0 -1
ciMethod jdk/internal/classfile/impl/StackMapGenerator$Type <init> (ILjava/lang/constant/ClassDesc;I)V 512 0 3456 0 0
ciMethod jdk/internal/classfile/impl/ClassReaderImpl checkTypeError (ILjava/lang/Class;)Ljava/lang/classfile/constantpool/ConstantPoolException; 0 0 1 0 -1
ciMethod jdk/internal/classfile/impl/ClassReaderImpl checkType (Ljava/lang/classfile/constantpool/PoolEntry;ILjava/lang/Class;)Ljava/lang/classfile/constantpool/PoolEntry; 222 0 2888 0 -1
ciMethod java/lang/classfile/constantpool/PoolEntry tag ()I 0 0 1 0 -1
ciMethod jdk/internal/classfile/impl/Util dumpMethod (Ljdk/internal/classfile/impl/SplitConstantPool;Ljava/lang/constant/ClassDesc;Ljava/lang/String;Ljava/lang/constant/MethodTypeDesc;ILjdk/internal/classfile/impl/RawBytecodeHelper$CodeRange;Ljava/util/function/Consumer;)V 0 0 1 0 -1
ciMethod jdk/internal/classfile/impl/Util parameterSlots (Ljava/lang/constant/MethodTypeDesc;)I 512 484 4615 0 -1
ciMethod jdk/internal/classfile/impl/Util isDoubleSlot (Ljava/lang/constant/ClassDesc;)Z 568 0 6153 0 -1
ciMethod jdk/internal/classfile/impl/Util methodTypeSymbol (Ljava/lang/classfile/constantpool/Utf8Entry;)Ljava/lang/constant/MethodTypeDesc; 1024 0 4917 0 -1
ciMethod jdk/internal/classfile/impl/Util fieldTypeSymbol (Ljava/lang/classfile/constantpool/Utf8Entry;)Ljava/lang/constant/ClassDesc; 512 0 791 0 -1
ciMethod java/lang/classfile/constantpool/ConstantPoolBuilder entryByIndex (ILjava/lang/Class;)Ljava/lang/classfile/constantpool/PoolEntry; 0 0 1 0 -1
ciMethod java/util/Objects equals (Ljava/lang/Object;Ljava/lang/Object;)Z 572 0 18714 0 -1
ciMethod jdk/internal/misc/Unsafe convEndian (ZC)C 1000 0 3622 0 0
ciMethod jdk/internal/misc/Unsafe getCharUnaligned (Ljava/lang/Object;JZ)C 480 0 3622 0 0
ciMethod jdk/internal/misc/Unsafe getCharUnaligned (Ljava/lang/Object;J)C 1018 0 509 0 -1
ciMethod java/util/Arrays fill ([Ljava/lang/Object;Ljava/lang/Object;)V 256 2510 2089 0 0
ciMethod java/util/Arrays fill ([Ljava/lang/Object;IILjava/lang/Object;)V 40 40 107 0 0
ciMethod java/util/Arrays rangeCheck (III)V 636 0 4168 0 -1
ciMethod java/util/Arrays copyOf ([Ljava/lang/Object;I)[Ljava/lang/Object; 182 0 3010 0 0
ciMethod java/util/Arrays copyOf ([Ljava/lang/Object;ILjava/lang/Class;)[Ljava/lang/Object; 394 0 3870 0 -1
ciMethod java/lang/Math min (II)I 514 0 30143 0 -1
ciMethod java/lang/String formatted ([Ljava/lang/Object;)Ljava/lang/String; 8 0 4 0 -1
ciMethod java/lang/String format (Ljava/lang/String;[Ljava/lang/Object;)Ljava/lang/String; 0 0 100 0 -1
ciMethod java/lang/Object getClass ()Ljava/lang/Class; 256 0 128 0 -1
ciMethod java/lang/Object <init> ()V 774 0 193606 0 80
ciInstanceKlass jdk/internal/classfile/impl/AbstractPoolEntry$StringEntryImpl 1 1 109 100 1 10 7 12 1 1 1 9 100 12 1 1 1 100 1 10 12 1 1 10 12 1 1 10 12 1 100 1 11 100 12 1 1 1 100 1 10 12 1 10 12 1 1 10 12 1 1 8 1 10 12 1 8 1 10 10 12 1 1 10 12 1 1 10 12 1 10 12 1 1 100 1 1 1 1 1 1 1 1 1 1 1 1 1 1 1 1 1 1 1 1 1 1 1 1 1 1 1 1 1 1 100 1 1 1 1 1
ciMethodData java/lang/Object <init> ()V 2 193227 orig 80 0 0 0 0 0 0 0 0 0 0 0 0 0 0 0 0 0 0 0 0 0 0 0 0 0 0 0 0 0 0 0 0 0 0 0 0 0 0 0 0 0 0 0 0 0 0 0 0 0 0 0 0 0 0 0 0 0 0 0 0 0 0 0 0 0 0 0 0 0 0 0 0 0 0 0 0 0 0 0 0 data 4 0x0 0x9 0x1 0x0 oops 0 methods 0
ciMethodData java/lang/Record <init> ()V 2 10498 orig 80 0 0 0 0 0 0 0 0 0 0 0 0 0 0 0 0 0 0 0 0 0 0 0 0 0 0 0 0 0 0 0 0 0 0 0 0 0 0 0 0 0 0 0 0 0 0 0 0 0 0 0 0 0 0 0 0 0 0 0 0 0 0 0 0 0 0 0 0 0 0 0 0 0 0 0 0 0 0 0 0 data 7 0x10002 0x2902 0x0 0x0 0x9 0x1 0x0 oops 0 methods 0
ciMethodData jdk/internal/classfile/impl/SplitConstantPool entryByIndex (I)Ljava/lang/classfile/constantpool/PoolEntry; 2 5210 orig 80 0 0 0 0 0 0 0 0 0 0 0 0 0 0 0 0 0 0 0 0 0 0 0 0 0 0 0 0 0 0 0 0 0 0 0 0 0 0 0 0 0 0 0 0 0 0 0 0 0 0 0 0 0 0 0 0 0 0 0 0 0 0 0 0 0 0 0 0 0 0 0 0 0 0 0 0 0 0 0 0 data 45 0x10007 0x0 0x70 0x145a 0x60005 0x0 0x21117120788 0x145a 0x0 0x0 0x90007 0x145a 0x30 0x0 0xd0002 0x0 0x160007 0x145a 0x68 0x0 0x1e0005 0x0 0x0 0x0 0x0 0x0 0x210003 0x0 0x18 0x310007 0x145a 0x30 0x0 0x350002 0x0 0x0 0x0 0x0 0x0 0x0 0x0 0x9 0x2 0x0 0x0 oops 1 6 jdk/internal/classfile/impl/SplitConstantPool methods 0
ciMethodData jdk/internal/classfile/impl/RawBytecodeHelper opcode ()I 2 14680 orig 80 0 0 0 0 0 0 0 0 0 0 0 0 0 0 0 0 0 0 0 0 0 0 0 0 0 0 0 0 0 0 0 0 0 0 0 0 0 0 0 0 0 0 0 0 0 0 0 0 0 0 0 0 0 0 0 0 0 0 0 0 0 0 0 0 0 0 0 0 0 0 0 0 0 0 0 0 0 0 0 0 data 6 0x0 0x0 0x0 0x9 0x1 0x0 oops 0 methods 0
ciMethodData jdk/internal/classfile/impl/RawBytecodeHelper getU1Unchecked (I)I 2 6329 orig 80 0 0 0 0 0 0 0 0 0 0 0 0 0 0 0 0 0 0 0 0 0 0 0 0 0 0 0 0 0 0 0 0 0 0 0 0 0 0 0 0 0 0 0 0 0 0 0 0 0 0 0 0 0 0 0 0 0 0 0 0 0 0 0 0 0 0 0 0 0 0 0 0 0 0 0 0 0 0 0 0 data 12 0x90002 0x18b9 0x0 0x0 0x0 0x0 0x0 0x0 0x9 0x2 0x0 0x0 oops 0 methods 0
ciMethodData java/util/Arrays copyOf ([Ljava/lang/Object;ILjava/lang/Class;)[Ljava/lang/Object; 2 3900 orig 80 0 0 0 0 0 0 0 0 0 0 0 0 0 0 0 0 0 0 0 0 0 0 0 0 0 0 0 0 0 0 0 0 0 0 0 0 0 0 0 0 0 0 0 0 0 0 0 0 0 0 0 0 0 0 0 0 0 0 0 0 0 0 0 0 0 0 0 0 0 0 0 0 0 0 0 0 0 0 0 0 data 36 0x30007 0xb0b 0x38 0x431 0xa0003 0x431 0x88 0xe0005 0x2e 0x21112d3f000 0xadd 0x0 0x0 0x120002 0xb0b 0x150004 0x210 0x211175b3470 0x5ca 0x211175b3360 0x331 0x200002 0xf3c 0x230002 0xf3c 0x0 0x0 0x0 0x0 0x0 0x0 0x9 0x3 0xffffffffffffffff 0x0 0x0 oops 3 9 java/lang/Class 17 [Ljava/lang/classfile/Attribute; 19 [Ljdk/internal/classfile/impl/Util$Writable; methods 0
ciMethodData java/util/Arrays copyOf ([Ljava/lang/Object;I)[Ljava/lang/Object; 2 3024 orig 80 0 0 0 0 0 0 0 0 0 0 0 0 0 0 0 0 0 0 0 0 0 0 0 0 0 0 0 0 0 0 0 0 0 0 0 0 0 0 0 0 0 0 0 0 0 0 0 0 0 0 0 0 0 0 0 0 0 0 0 0 0 0 0 0 0 0 0 0 0 0 0 0 0 0 0 0 0 0 0 0 data 18 0x30005 0x337 0x211175b3360 0x30a 0x211175b3470 0x58f 0x60002 0xbd0 0x0 0x0 0x0 0x0 0x0 0x0 0x9 0x2 0xffffffffffffffff 0x0 oops 2 2 [Ljdk/internal/classfile/impl/Util$Writable; 4 [Ljava/lang/classfile/Attribute; methods 0
ciMethodData jdk/internal/classfile/impl/StackMapGenerator processBlock (Ljdk/internal/classfile/impl/RawBytecodeHelper;)Z 2 6223 orig 80 0 0 0 0 0 0 0 0 0 0 0 0 0 0 0 0 0 0 0 0 0 0 0 0 0 0 0 0 0 0 0 0 0 0 0 0 0 0 0 0 0 0 0 0 0 0 0 0 0 0 0 0 0 0 0 0 0 0 0 0 0 0 0 0 0 0 0 0 0 0 0 0 0 0 0 0 0 0 0 0 data 2032 0x10005 0x19 0x211176042a8 0x1836 0x0 0x0 0xe0005 0x19 0x211176042a8 0x1836 0x0 0x0 0x140002 0x184f 0x170007 0x1778 0x90 0xd7 0x200007 0xd7 0x70 0x0 0x290007 0x0 0x50 0x0 0x310005 0x0 0x0 0x0 0x0 0x0 0x380008 0x196 0x0 0x3a70 0x0 0xcc0 0x1 0xcf0 0x0 0xd38 0xa 0xd38 0xa 0xd38 0x6 0xd38 0x4 0xd38 0x1 0xd38 0x1 0xd38 0x0 0xd80 0x0 0xd80 0x0 0xdc8 0x0 0xdc8 0x0 0xdc8 0x0 0xe10 0x0 0xe10 0x1 0xd38 0x0 0xd38 0x71 0xe58 0x0 0xed0 0x0 0xed0 0x2c 0xf48 0x2 0x1068 0x0 0x1188 0x0 0x12a8 0xf5 0x13c8 0x12 0xff0 0x2b 0xff0 0xa 0xff0 0xc 0xff0 0x0 0x1110 0x7 0x1110 0x4 0x1110 0x2 0x1110 0x0 0x1230 0x0 0x1230 0x0 0x1230 0x0 0x1230 0x0 0x1350 0x0 0x1350 0x0 0x1350 0x0 0x1350 0x434 0x1470 0x1e8 0x1470 0xc6 0x1470 0x76 0x1470 0x0 0x14e8 0x0 0x1560 0x0 0x15d8 0x0 0x1650 0x19 0x16c8 0x0 0x14e8 0x0 0x14e8 0x0 0x14e8 0xe 0x17d8 0x0 0x18f8 0x0 0x1a18 0x0 0x1b38 0x7d 0x1c58 0x0 0x1880 0x0 0x1880 0x0 0x1880 0x3 0x1880 0x0 0x19a0 0x0 0x19a0 0x0 0x19a0 0x0 0x19a0 0x0 0x1ac0 0x0 0x1ac0 0x0 0x1ac0 0x0 0x1ac0 0x0 0x1be0 0x0 0x1be0 0x0 0x1be0 0x0 0x1be0 0x1f 0x1d00 0x3 0x1d00 0xe 0x1d00 0x19 0x1d00 0x0 0x1dc0 0x0 0x1d78 0x0 0x1dc0 0x0 0x1d78 0x4 0x1dc0 0x0 0x1dc0 0x0 0x1dc0 0x0 0x1dc0 0x0 0x1e08 0x0 0x1e50 0x90 0x1e98 0x0 0x1f40 0x0 0x2048 0x0 0x21b0 0x0 0x22e8 0x0 0x2480 0x0 0x2678 0x0 0x2750 0x0 0x2840 0x0 0x29a8 0x0 0x2a98 0x6 0x2750 0x0 0x2840 0x0 0x29a8 0x0 0x2a98 0x0 0x2750 0x0 0x2840 0x0 0x29a8 0x0 0x2a98 0x0 0x2750 0x0 0x2840 0x0 0x29a8 0x0 0x2a98 0x0 0x2750 0x0 0x2840 0x0 0x29a8 0x0 0x2a98 0x0 0x27c8 0x0 0x28b8 0x0 0x2a20 0x0 0x2b10 0x0 0x2750 0x0 0x2930 0x0 0x2750 0x0 0x2930 0x0 0x2750 0x0 0x2930 0x0 0x2750 0x0 0x2840 0x11 0x2750 0x0 0x2840 0x0 0x2750 0x0 0x2840 0x0 0x2b88 0x0 0x2c00 0x0 0x2cf0 0x0 0x2d68 0x0 0x2c78 0x0 0x2de0 0x0 0x2e58 0x0 0x2ed0 0x0 0x2f48 0x0 0x2fc0 0x0 0x3218 0x0 0x3038 0x0 0x30b0 0x0 0x3128 0x0 0x3128 0x0 0x3128 0x0 0x31a0 0x0 0x3218 0x0 0x3218 0x0 0x31a0 0x0 0x31a0 0x0 0x3338 0x0 0x3338 0x0 0x3338 0x0 0x3338 0x0 0x3338 0x0 0x3338 0x0 0x3290 0x0 0x3290 0x0 0x3290 0x0 0x3290 0x0 0x3290 0x0 0x3290 0x0 0x3290 0x0 0x3290 0x0 0x33e0 0x0 0x3a40 0x0 0x3a40 0x0 0x34d0 0x0 0x34d0 0x5f 0x3560 0xa 0x3518 0x0 0x3560 0x0 0x3518 0x144 0x3560 0x243 0xcd8 0x0 0x35a8 0x4d 0x35a8 0x14b 0x35a8 0x101 0x35a8 0xaf 0x35f0 0x201 0x35f0 0x1c4 0x35f0 0x25 0x35f0 0x0 0x35f0 0x61 0x3690 0x0 0x36e8 0x4 0x37c0 0x0 0x27c8 0x0 0x3560 0x1bf 0x3838 0x0 0x27c8 0x0 0x1e08 0x0 0x1e08 0x0 0x3a70 0x0 0x38f0 0x0 0x3338 0x0 0x3338 0x0 0x3458 0x0 0x3a40 0x3700003 0x0 0x2e30 0x3750003 0x243 0x2e18 0x37f0005 0x0 0x21117608380 0x1 0x0 0x0 0x3830003 0x1 0x2dd0 0x38d0005 0x0 0x21117608380 0x21 0x0 0x0 0x3910003 0x21 0x2d88 0x39e0005 0x0 0x0 0x0 0x0 0x0 0x3a20003 0x0 0x2d40 0x3ac0005 0x0 0x0 0x0 0x0 0x0 0x3b00003 0x0 0x2cf8 0x3bd0005 0x0 0x0 0x0 0x0 0x0 0x3c10003 0x0 0x2cb0 0x3c60005 0x0 0x211176042a8 0x71 0x0 0x0 0x3c90005 0x71 0x0 0x0 0x0 0x0 0x3cc0003 0x71 0x2c38 0x3d10005 0x0 0x0 0x0 0x0 0x0 0x3d40005 0x0 0x0 0x0 0x0 0x0 0x3d70003 0x0 0x2bc0 0x3df0005 0x0 0x211176042a8 0x2c 0x0 0x0 0x3e20005 0x0 0x21117608380 0x2c 0x0 0x0 0x3e80005 0x0 0x21117608380 0x2c 0x0 0x0 0x3ec0003 0x2c 0x2b18 0x3f70005 0x0 0x21117608380 0x53 0x0 0x0 0x3fd0005 0x0 0x21117608380 0x53 0x0 0x0 0x4010003 0x53 0x2aa0 0x4090005 0x0 0x211176042a8 0x2 0x0 0x0 0x40e0005 0x0 0x21117608380 0x2 0x0 0x0 0x4170005 0x0 0x21117608380 0x2 0x0 0x0 0x41b0003 0x2 0x29f8 0x4280005 0x0 0x21117608380 0xd 0x0 0x0 0x4310005 0x0 0x21117608380 0xd 0x0 0x0 0x4350003 0xd 0x2980 0x43d0005 0x0 0x0 0x0 0x0 0x0 0x4400005 0x0 0x0 0x0 0x0 0x0 0x4460005 0x0 0x0 0x0 0x0 0x0 0x44a0003 0x0 0x28d8 0x4550005 0x0 0x0 0x0 0x0 0x0 0x45b0005 0x0 0x0 0x0 0x0 0x0 0x45f0003 0x0 0x2860 0x4670005 0x0 0x0 0x0 0x0 0x0 0x46c0005 0x0 0x0 0x0 0x0 0x0 0x4750005 0x0 0x0 0x0 0x0 0x0 0x4790003 0x0 0x27b8 0x4860005 0x0 0x0 0x0 0x0 0x0 0x48f0005 0x0 0x0 0x0 0x0 0x0 0x4930003 0x0 0x2740 0x49f0005 0x0 0x211176042a8 0xf5 0x0 0x0 0x4a20005 0x0 0x21117608380 0xf5 0x0 0x0 0x4a50005 0x0 0x21117608380 0xf5 0x0 0x0 0x4a90003 0xf5 0x2698 0x4b80005 0x9 0x21117608380 0x74f 0x0 0x0 0x4bb0005 0x9 0x21117608380 0x74f 0x0 0x0 0x4bf0003 0x758 0x2620 0x4c70005 0x0 0x0 0x0 0x0 0x0 0x4cd0005 0x0 0x0 0x0 0x0 0x0 0x4d10003 0x0 0x25a8 0x4d90005 0x0 0x0 0x0 0x0 0x0 0x4e20005 0x0 0x0 0x0 0x0 0x0 0x4e60003 0x0 0x2530 0x4ee0005 0x0 0x0 0x0 0x0 0x0 0x4f40005 0x0 0x0 0x0 0x0 0x0 0x4f80003 0x0 0x24b8 0x5000005 0x0 0x0 0x0 0x0 0x0 0x5090005 0x0 0x0 0x0 0x0 0x0 0x50d0003 0x0 0x2440 0x5190005 0x0 0x21117608380 0x19 0x0 0x0 0x51c0005 0x0 0x21117608380 0x19 0x0 0x0 0x5250007 0x19 0x38 0x0 0x52b0003 0x0 0x48 0x5300005 0x0 0x21117608428 0x19 0x0 0x0 0x5330005 0x0 0x21117608380 0x19 0x0 0x0 0x5370003 0x19 0x2330 0x53f0005 0x0 0x21117608380 0xe 0x0 0x0 0x5430005 0x0 0x211176042a8 0xe 0x0 0x0 0x5490005 0x0 0x21117608380 0xe 0x0 0x0 0x54c0003 0xe 0x2288 0x5540005 0x0 0x21117608380 0x3 0x0 0x0 0x55e0005 0x0 0x21117608380 0x3 0x0 0x0 0x5610003 0x3 0x2210 0x5690005 0x0 0x0 0x0 0x0 0x0 0x56d0005 0x0 0x0 0x0 0x0 0x0 0x5760005 0x0 0x0 0x0 0x0 0x0 0x5790003 0x0 0x2168 0x5810005 0x0 0x0 0x0 0x0 0x0 0x58e0005 0x0 0x0 0x0 0x0 0x0 0x5910003 0x0 0x20f0 0x5990005 0x0 0x0 0x0 0x0 0x0 0x59d0005 0x0 0x0 0x0 0x0 0x0 0x5a30005 0x0 0x0 0x0 0x0 0x0 0x5a60003 0x0 0x2048 0x5ae0005 0x0 0x0 0x0 0x0 0x0 0x5b80005 0x0 0x0 0x0 0x0 0x0 0x5bb0003 0x0 0x1fd0 0x5c30005 0x0 0x0 0x0 0x0 0x0 0x5c70005 0x0 0x0 0x0 0x0 0x0 0x5d00005 0x0 0x0 0x0 0x0 0x0 0x5d30003 0x0 0x1f28 0x5db0005 0x0 0x0 0x0 0x0 0x0 0x5e80005 0x0 0x0 0x0 0x0 0x0 0x5eb0003 0x0 0x1eb0 0x5f30005 0x0 0x211176042a8 0x7d 0x0 0x0 0x5fa0005 0x0 0x21117608380 0x7d 0x0 0x0 0x5fd0005 0x0 0x21117608380 0x7d 0x0 0x0 0x6000003 0x7d 0x1e08 0x60f0005 0x0 0x21117608380 0x49 0x0 0x0 0x6120005 0x0 0x21117608380 0x49 0x0 0x0 0x6150003 0x49 0x1d90 0x61d0005 0x0 0x0 0x0 0x0 0x0 0x6210003 0x0 0x1d48 0x6290005 0x0 0x21117608380 0x4 0x0 0x0 0x62d0003 0x4 0x1d00 0x6350005 0x0 0x0 0x0 0x0 0x0 0x6390003 0x0 0x1cb8 0x6410005 0x0 0x0 0x0 0x0 0x0 0x6450003 0x0 0x1c70 0x6500005 0x0 0x21117608380 0x90 0x0 0x0 0x6560005 0x0 0x21117608380 0x90 0x0 0x0 0x65b0005 0x0 0x21117608380 0x90 0x0 0x0 0x65f0003 0x90 0x1bc8 0x6660005 0x0 0x0 0x0 0x0 0x0 0x66f0005 0x0 0x0 0x0 0x0 0x0 0x67a0005 0x0 0x0 0x0 0x0 0x0 0x67f0005 0x0 0x0 0x0 0x0 0x0 0x6840005 0x0 0x0 0x0 0x0 0x0 0x6880003 0x0 0x1ac0 0x68f0005 0x0 0x0 0x0 0x0 0x0 0x6980005 0x0 0x0 0x0 0x0 0x0 0x6a10005 0x0 0x0 0x0 0x0 0x0 0x6ac0005 0x0 0x0 0x0 0x0 0x0 0x6b10005 0x0 0x0 0x0 0x0 0x0 0x6b60005 0x0 0x0 0x0 0x0 0x0 0x6bb0005 0x0 0x0 0x0 0x0 0x0 0x6bf0003 0x0 0x1958 0x6c60005 0x0 0x0 0x0 0x0 0x0 0x6cf0005 0x0 0x0 0x0 0x0 0x0 0x6da0005 0x0 0x0 0x0 0x0 0x0 0x6df0005 0x0 0x0 0x0 0x0 0x0 0x6e40005 0x0 0x0 0x0 0x0 0x0 0x6e90005 0x0 0x0 0x0 0x0 0x0 0x6ed0003 0x0 0x1820 0x6f40005 0x0 0x0 0x0 0x0 0x0 0x6fd0005 0x0 0x0 0x0 0x0 0x0 0x7060005 0x0 0x0 0x0 0x0 0x0 0x7110005 0x0 0x0 0x0 0x0 0x0 0x7160005 0x0 0x0 0x0 0x0 0x0 0x71b0005 0x0 0x0 0x0 0x0 0x0 0x7200005 0x0 0x0 0x0 0x0 0x0 0x7250005 0x0 0x0 0x0 0x0 0x0 0x7290003 0x0 0x1688 0x7300005 0x0 0x0 0x0 0x0 0x0 0x7390005 0x0 0x0 0x0 0x0 0x0 0x7420005 0x0 0x0 0x0 0x0 0x0 0x74b0005 0x0 0x0 0x0 0x0 0x0 0x7560005 0x0 0x0 0x0 0x0 0x0 0x75b0005 0x0 0x0 0x0 0x0 0x0 0x7600005 0x0 0x0 0x0 0x0 0x0 0x7650005 0x0 0x0 0x0 0x0 0x0 0x76a0005 0x0 0x0 0x0 0x0 0x0 0x76f0005 0x0 0x0 0x0 0x0 0x0 0x7730003 0x0 0x1490 0x77a0005 0x0 0x0 0x0 0x0 0x0 0x7830005 0x0 0x0 0x0 0x0 0x0 0x78e0005 0x0 0x0 0x0 0x0 0x0 0x7980005 0x0 0x0 0x0 0x0 0x0 0x79c0003 0x0 0x13b8 0x7a40005 0x0 0x21117608380 0x17 0x0 0x0 0x7aa0005 0x0 0x21117608380 0x17 0x0 0x0 0x7ae0003 0x17 0x1340 0x7b60005 0x0 0x0 0x0 0x0 0x0 0x7bc0005 0x0 0x0 0x0 0x0 0x0 0x7c00003 0x0 0x12c8 0x7c80005 0x0 0x0 0x0 0x0 0x0 0x7d10005 0x0 0x0 0x0 0x0 0x0 0x7d50003 0x0 0x1250 0x7dd0005 0x0 0x0 0x0 0x0 0x0 0x7e60005 0x0 0x0 0x0 0x0 0x0 0x7ea0003 0x0 0x11d8 0x7f20005 0x0 0x0 0x0 0x0 0x0 0x7fb0005 0x0 0x0 0x0 0x0 0x0 0x7ff0003 0x0 0x1160 0x8070005 0x0 0x0 0x0 0x0 0x0 0x80d0005 0x0 0x0 0x0 0x0 0x0 0x8110003 0x0 0x10e8 0x8190005 0x0 0x0 0x0 0x0 0x0 0x81f0005 0x0 0x0 0x0 0x0 0x0 0x8230003 0x0 0x1070 0x82b0005 0x0 0x0 0x0 0x0 0x0 0x8340005 0x0 0x0 0x0 0x0 0x0 0x8380003 0x0 0xff8 0x8400005 0x0 0x0 0x0 0x0 0x0 0x8490005 0x0 0x0 0x0 0x0 0x0 0x84d0003 0x0 0xf80 0x8550005 0x0 0x0 0x0 0x0 0x0 0x8580005 0x0 0x0 0x0 0x0 0x0 0x85c0003 0x0 0xf08 0x8640005 0x0 0x0 0x0 0x0 0x0 0x86d0005 0x0 0x0 0x0 0x0 0x0 0x8710003 0x0 0xe90 0x8790005 0x0 0x0 0x0 0x0 0x0 0x87f0005 0x0 0x0 0x0 0x0 0x0 0x8830003 0x0 0xe18 0x88b0005 0x0 0x0 0x0 0x0 0x0 0x8910005 0x0 0x0 0x0 0x0 0x0 0x8950003 0x0 0xda0 0x89d0005 0x0 0x0 0x0 0x0 0x0 0x8a60005 0x0 0x0 0x0 0x0 0x0 0x8aa0003 0x0 0xd28 0x8b20005 0x0 0x0 0x0 0x0 0x0 0x8b80005 0x0 0x0 0x0 0x0 0x0 0x8bc0003 0x0 0xcb0 0x8c40005 0x0 0x0 0x0 0x0 0x0 0x8cd0005 0x0 0x0 0x0 0x0 0x0 0x8d10003 0x0 0xc38 0x8d90005 0x0 0x0 0x0 0x0 0x0 0x8df0005 0x0 0x0 0x0 0x0 0x0 0x8e30003 0x0 0xbc0 0x8eb0005 0x0 0x0 0x0 0x0 0x0 0x8f40005 0x0 0x0 0x0 0x0 0x0 0x8f80003 0x0 0xb48 0x9000005 0x0 0x0 0x0 0x0 0x0 0x9090005 0x0 0x0 0x0 0x0 0x0 0x90d0003 0x0 0xad0 0x9150005 0x0 0x0 0x0 0x0 0x0 0x91e0005 0x0 0x0 0x0 0x0 0x0 0x9220003 0x0 0xa58 0x92a0005 0x0 0x0 0x0 0x0 0x0 0x9300005 0x0 0x0 0x0 0x0 0x0 0x9340003 0x0 0x9e0 0x93c0005 0x0 0x0 0x0 0x0 0x0 0x9420005 0x0 0x0 0x0 0x0 0x0 0x9460003 0x0 0x968 0x94e0005 0x0 0x0 0x0 0x0 0x0 0x9540005 0x0 0x0 0x0 0x0 0x0 0x9580003 0x0 0x8f0 0x9600005 0x0 0x0 0x0 0x0 0x0 0x9660005 0x0 0x0 0x0 0x0 0x0 0x96a0003 0x0 0x878 0x9730005 0x0 0x0 0x0 0x0 0x0 0x9770005 0x0 0x0 0x0 0x0 0x0 0x97a0005 0x0 0x0 0x0 0x0 0x0 0x97d0003 0x0 0x7d0 0x9860005 0x0 0x0 0x0 0x0 0x0 0x98a0005 0x0 0x0 0x0 0x0 0x0 0x98d0005 0x0 0x0 0x0 0x0 0x0 0x9900003 0x0 0x728 0x9990005 0x0 0x0 0x0 0x0 0x0 0x99c0005 0x0 0x0 0x0 0x0 0x0 0x9a10003 0x0 0x6b0 0x9aa0005 0x0 0x0 0x0 0x0 0x0 0x9ad0005 0x0 0x0 0x0 0x0 0x0 0x9b20003 0x0 0x638 0x9b70005 0x0 0x0 0x0 0x0 0x0 0x9bc0003 0x0 0x5f0 0x9c40005 0x0 0x21117608380 0xa 0x0 0x0 0x9ca0003 0xa 0x5a8 0x9d20005 0x3 0x21117608380 0x1a0 0x0 0x0 0x9d80003 0x1a3 0x560 0x9dd0005 0x299 0x0 0x0 0x0 0x0 0x9e00003 0x299 0x518 0x9eb0007 0x499 0x58 0x0 0x9f40007 0x0 0x38 0x0 0x9f80003 0x0 0x18 0x9fe0005 0x499 0x0 0x0 0x0 0x0 0xa030003 0x499 0x478 0xa0c0002 0x61 0xa0f0005 0x0 0x21117608380 0x61 0x0 0x0 0xa130003 0x61 0x420 0xa1b0005 0x0 0x0 0x0 0x0 0x0 0xa200005 0x0 0x0 0x0 0x0 0x0 0xa230005 0x0 0x0 0x0 0x0 0x0 0xa260005 0x0 0x0 0x0 0x0 0x0 0xa2a0003 0x0 0x348 0xa2f0005 0x0 0x211176042a8 0x4 0x0 0x0 0xa320005 0x4 0x0 0x0 0x0 0x0 0xa350003 0x4 0x2d0 0xa3d0005 0x0 0x21117608380 0x1bf 0x0 0x0 0xa410005 0x0 0x211176042a8 0x1bf 0x0 0x0 0xa480002 0x1bf 0xa4b0005 0x0 0x21117608380 0x1bf 0x0 0x0 0xa4f0003 0x1bf 0x218 0xa530005 0x0 0x0 0x0 0x0 0x0 0xa5a0002 0x0 0xa610005 0x0 0x0 0x0 0x0 0x0 0xa660005 0x0 0x0 0x0 0x0 0x0 0xa720007 0x0 0x68 0x0 0xa790005 0x0 0x0 0x0 0x0 0x0 0xa800003 0x0 0xffffffffffffffb0 0xa890005 0x0 0x0 0x0 0x0 0x0 0xa8d0003 0x0 0xc8 0xa940005 0x0 0x0 0x0 0x0 0x0 0xaa30002 0x0 0xaa60004 0x0 0x0 0x0 0x0 0x0 0xaa70002 0x0 0xaaa0005 0x0 0x0 0x0 0x0 0x0 0xab00007 0x0 0x90 0x184f 0xab90007 0x184f 0x70 0x0 0xac20007 0x0 0x50 0x0 0xaca0005 0x0 0x0 0x0 0x0 0x0 0x0 0x0 0x0 0x0 0x0 0x0 0x0 0x0 0x0 0x0 0x0 0x0 0x0 0x0 0x0 0x0 0x0 0x0 0x0 0x0 0x0 0x0 0x0 0x0 0x0 0x0 0x0 0x0 0x0 0x0 0x0 0x0 0x0 0x0 0x0 0x0 0x0 0x0 0x0 0x0 0x0 0x0 0x0 0x0 0x0 0x0 0x0 0x0 0x0 0x0 0x0 0x0 0x0 0x0 0x0 0x0 0x0 0x0 0x0 0x0 0x0 0x0 0x0 0x0 0x0 0x0 0x0 0x0 0x0 0x0 0x0 0x0 0x0 0x0 0x0 0x0 0x0 0x0 0x0 0x0 0x0 0x0 0x0 0x0 0x0 0x0 0x0 0x0 0x0 0x0 0x0 0x0 0x9 0x2 0x0 0x0 oops 47 2 jdk/internal/classfile/impl/RawBytecodeHelper 8 jdk/internal/classfile/impl/RawBytecodeHelper 448 jdk/internal/classfile/impl/StackMapGenerator$Frame 457 jdk/internal/classfile/impl/StackMapGenerator$Frame 493 jdk/internal/classfile/impl/RawBytecodeHelper 523 jdk/internal/classfile/impl/RawBytecodeHelper 529 jdk/internal/classfile/impl/StackMapGenerator$Frame 535 jdk/internal/classfile/impl/StackMapGenerator$Frame 544 jdk/internal/classfile/impl/StackMapGenerator$Frame 550 jdk/internal/classfile/impl/StackMapGenerator$Frame 559 jdk/internal/classfile/impl/RawBytecodeHelper 565 jdk/internal/classfile/impl/StackMapGenerator$Frame 571 jdk/internal/classfile/impl/StackMapGenerator$Frame 580 jdk/internal/classfile/impl/StackMapGenerator$Frame 586 jdk/internal/classfile/impl/StackMapGenerator$Frame 667 jdk/internal/classfile/impl/RawBytecodeHelper 673 jdk/internal/classfile/impl/StackMapGenerator$Frame 679 jdk/internal/classfile/impl/StackMapGenerator$Frame 688 jdk/internal/classfile/impl/StackMapGenerator$Frame 694 jdk/internal/classfile/impl/StackMapGenerator$Frame 763 jdk/internal/classfile/impl/StackMapGenerator$Frame 769 jdk/internal/classfile/impl/StackMapGenerator$Frame 782 jdk/internal/classfile/impl/StackMapGenerator$Type 788 jdk/internal/classfile/impl/StackMapGenerator$Frame 797 jdk/internal/classfile/impl/StackMapGenerator$Frame 803 jdk/internal/classfile/impl/RawBytecodeHelper 809 jdk/internal/classfile/impl/StackMapGenerator$Frame 818 jdk/internal/classfile/impl/StackMapGenerator$Frame 824 jdk/internal/classfile/impl/StackMapGenerator$Frame 941 jdk/internal/classfile/impl/RawBytecodeHelper 947 jdk/internal/classfile/impl/StackMapGenerator$Frame 953 jdk/internal/classfile/impl/StackMapGenerator$Frame 962 jdk/internal/classfile/impl/StackMapGenerator$Frame 968 jdk/internal/classfile/impl/StackMapGenerator$Frame 986 jdk/internal/classfile/impl/StackMapGenerator$Frame 1013 jdk/internal/classfile/impl/StackMapGenerator$Frame 1019 jdk/internal/classfile/impl/StackMapGenerator$Frame 1025 jdk/internal/classfile/impl/StackMapGenerator$Frame 1292 jdk/internal/classfile/impl/StackMapGenerator$Frame 1298 jdk/internal/classfile/impl/StackMapGenerator$Frame 1733 jdk/internal/classfile/impl/StackMapGenerator$Frame 1742 jdk/internal/classfile/impl/StackMapGenerator$Frame 1782 jdk/internal/classfile/impl/StackMapGenerator$Frame 1818 jdk/internal/classfile/impl/RawBytecodeHelper 1833 jdk/internal/classfile/impl/StackMapGenerator$Frame 1839 jdk/internal/classfile/impl/RawBytecodeHelper 1847 jdk/internal/classfile/impl/StackMapGenerator$Frame methods 0
ciMethodData jdk/internal/classfile/impl/RawBytecodeHelper isStoreIntoLocal (I)Z 2 6223 orig 80 0 0 0 0 0 0 0 0 0 0 0 0 0 0 0 0 0 0 0 0 0 0 0 0 0 0 0 0 0 0 0 0 0 0 0 0 0 0 0 0 0 0 0 0 0 0 0 0 0 0 0 0 0 0 0 0 0 0 0 0 0 0 0 0 0 0 0 0 0 0 0 0 0 0 0 0 0 0 0 0 data 15 0x30007 0x987 0x58 0xec8 0x90007 0xdf1 0x38 0xd7 0xd0003 0xd7 0x18 0x0 0x9 0x1 0x0 oops 0 methods 0
ciMethodData jdk/internal/classfile/impl/StackMapGenerator$Frame pushStack (Ljdk/internal/classfile/impl/StackMapGenerator$Type;)Ljdk/internal/classfile/impl/StackMapGenerator$Frame; 2 4174 orig 80 0 0 0 0 0 0 0 0 0 0 0 0 0 0 0 0 0 0 0 0 0 0 0 0 0 0 0 0 0 0 0 0 0 0 0 0 0 0 0 0 0 0 0 0 0 0 0 0 0 0 0 0 0 0 0 0 0 0 0 0 0 0 0 0 0 0 0 0 0 0 0 0 0 0 0 0 0 0 0 0 data 22 0x50005 0x104e 0x0 0x0 0x0 0x0 0x180004 0x0 0x21117608428 0x104e 0x0 0x0 0x0 0x0 0x0 0x0 0x0 0x0 0x9 0x2 0x5c 0x0 oops 1 8 jdk/internal/classfile/impl/StackMapGenerator$Type methods 0
ciMethodData jdk/internal/classfile/impl/StackMapGenerator$Frame pushStack (Ljdk/internal/classfile/impl/StackMapGenerator$Type;Ljdk/internal/classfile/impl/StackMapGenerator$Type;)Ljdk/internal/classfile/impl/StackMapGenerator$Frame; 1 27 orig 80 0 0 0 0 0 0 0 0 0 0 0 0 0 0 0 0 0 0 0 0 0 0 0 0 0 0 0 0 0 0 0 0 0 0 0 0 0 0 0 0 0 0 0 0 0 0 0 0 0 0 0 0 0 0 0 0 0 0 0 0 0 0 0 0 0 0 0 0 0 0 0 0 0 0 0 0 0 0 0 0 data 29 0x70005 0x1b 0x0 0x0 0x0 0x0 0x1a0004 0x0 0x21117608428 0x1b 0x0 0x0 0x2b0004 0x0 0x21117608428 0x1b 0x0 0x0 0x0 0x0 0x0 0x0 0x0 0x0 0x9 0x3 0x5c 0x0 0x0 oops 2 8 jdk/internal/classfile/impl/StackMapGenerator$Type 14 jdk/internal/classfile/impl/StackMapGenerator$Type methods 0
ciMethodData jdk/internal/classfile/impl/RawBytecodeHelper getIndexU1 ()I 1 865 orig 80 0 0 0 0 0 0 0 0 0 0 0 0 0 0 0 0 0 0 0 0 0 0 0 0 0 0 0 0 0 0 0 0 0 0 0 0 0 0 0 0 0 0 0 0 0 0 0 0 0 0 0 0 0 0 0 0 0 0 0 0 0 0 0 0 0 0 0 0 0 0 0 0 0 0 0 0 0 0 0 0 data 15 0x70005 0xb7 0x211176042a8 0x2aa 0x0 0x0 0x0 0x0 0x0 0x0 0x0 0x0 0x9 0x1 0x0 oops 1 2 jdk/internal/classfile/impl/RawBytecodeHelper methods 0
ciMethodData jdk/internal/classfile/impl/StackMapGenerator processLdc (I)V 1 114 orig 80 0 0 0 0 0 0 0 0 0 0 0 0 0 0 0 0 0 0 0 0 0 0 0 0 0 0 0 0 0 0 0 0 0 0 0 0 0 0 0 0 0 0 0 0 0 0 0 0 0 0 0 0 0 0 0 0 0 0 0 0 0 0 0 0 0 0 0 0 0 0 0 0 0 0 0 0 0 0 0 0 data 214 0x50005 0x72 0x0 0x0 0x0 0x0 0x80005 0x4 0x211175a2d00 0x52 0x211177e7eb8 0x1c 0xd0008 0x24 0x0 0x490 0x0 0x130 0x0 0x490 0x4 0x208 0x0 0x250 0x0 0x2e0 0x0 0x298 0x52 0x1c0 0x1c 0x178 0x0 0x490 0x0 0x490 0x0 0x490 0x0 0x490 0x0 0x490 0x0 0x490 0x0 0x328 0x0 0x370 0x0 0x3b8 0x670005 0x0 0x0 0x0 0x0 0x0 0x6b0003 0x0 0x470 0x750005 0x1c 0x0 0x0 0x0 0x0 0x790003 0x1c 0x428 0x830005 0x52 0x0 0x0 0x0 0x0 0x870003 0x52 0x3e0 0x910005 0x4 0x0 0x0 0x0 0x0 0x950003 0x4 0x398 0x9f0005 0x0 0x0 0x0 0x0 0x0 0xa30003 0x0 0x350 0xb00005 0x0 0x0 0x0 0x0 0x0 0xb40003 0x0 0x308 0xc10005 0x0 0x0 0x0 0x0 0x0 0xc50003 0x0 0x2c0 0xcf0005 0x0 0x0 0x0 0x0 0x0 0xd30003 0x0 0x278 0xdd0005 0x0 0x0 0x0 0x0 0x0 0xe10003 0x0 0x230 0xf00005 0x0 0x0 0x0 0x0 0x0 0xf30004 0x0 0x0 0x0 0x0 0x0 0xf60005 0x0 0x0 0x0 0x0 0x0 0xfb0005 0x0 0x0 0x0 0x0 0x0 0xff0003 0x0 0x158 0x10d0002 0x0 0x1100004 0x0 0x0 0x0 0x0 0x0 0x1180005 0x0 0x0 0x0 0x0 0x0 0x11b0005 0x0 0x0 0x0 0x0 0x0 0x1200002 0x0 0x1230004 0x0 0x0 0x0 0x0 0x0 0x1240005 0x0 0x0 0x0 0x0 0x0 0x1270005 0x0 0x0 0x0 0x0 0x0 0x0 0x0 0x0 0x0 0x0 0x0 0x0 0x0 0x0 0x0 0x0 0x0 0x9 0x2 0x0 0x0 oops 2 8 jdk/internal/classfile/impl/AbstractPoolEntry$ClassEntryImpl 10 jdk/internal/classfile/impl/AbstractPoolEntry$StringEntryImpl methods 0
ciMethodData jdk/internal/classfile/impl/RawBytecodeHelper getIndexU2 ()I 2 3414 orig 80 0 0 0 0 0 0 0 0 0 0 0 0 0 0 0 0 0 0 0 0 0 0 0 0 0 0 0 0 0 0 0 0 0 0 0 0 0 0 0 0 0 0 0 0 0 0 0 0 0 0 0 0 0 0 0 0 0 0 0 0 0 0 0 0 0 0 0 0 0 0 0 0 0 0 0 0 0 0 0 0 data 15 0x70005 0xc8 0x211176042a8 0xc8e 0x0 0x0 0x0 0x0 0x0 0x0 0x0 0x0 0x9 0x1 0x0 oops 1 2 jdk/internal/classfile/impl/RawBytecodeHelper methods 0
ciMethodData jdk/internal/classfile/impl/RawBytecodeHelper getU2Unchecked (I)I 2 3511 orig 80 0 0 0 0 0 0 0 0 0 0 0 0 0 0 0 0 0 0 0 0 0 0 0 0 0 0 0 0 0 0 0 0 0 0 0 0 0 0 0 0 0 0 0 0 0 0 0 0 0 0 0 0 0 0 0 0 0 0 0 0 0 0 0 0 0 0 0 0 0 0 0 0 0 0 0 0 0 0 0 0 data 19 0x11000b 0x82 0x21112d41ab8 0xd35 0x0 0x0 0x2 0x1 0x21112d539f0 0x0 0x0 0x0 0x0 0x0 0x0 0x9 0x2 0x0 0x0 oops 2 2 jdk/internal/misc/Unsafe 8 [B methods 0
ciMethodData jdk/internal/classfile/impl/RawBytecodeHelper getIndex ()I 1 430 orig 80 0 0 0 0 0 0 0 0 0 0 0 0 0 0 0 0 0 0 0 0 0 0 0 0 0 0 0 0 0 0 0 0 0 0 0 0 0 0 0 0 0 0 0 0 0 0 0 0 0 0 0 0 0 0 0 0 0 0 0 0 0 0 0 0 0 0 0 0 0 0 0 0 0 0 0 0 0 0 0 0 data 34 0x10005 0x0 0x211176042a8 0x1ae 0x0 0x0 0x40007 0x1ae 0x68 0x0 0xe0005 0x0 0x0 0x0 0x0 0x0 0x110003 0x0 0x48 0x150005 0x0 0x211176042a8 0x1ae 0x0 0x0 0x0 0x0 0x0 0x0 0x0 0x0 0x9 0x1 0x0 oops 2 2 jdk/internal/classfile/impl/RawBytecodeHelper 21 jdk/internal/classfile/impl/RawBytecodeHelper methods 0
ciMethodData jdk/internal/classfile/impl/RawBytecodeHelper isWide ()Z 1 431 orig 80 0 0 0 0 0 0 0 0 0 0 0 0 0 0 0 0 0 0 0 0 0 0 0 0 0 0 0 0 0 0 0 0 0 0 0 0 0 0 0 0 0 0 0 0 0 0 0 0 0 0 0 0 0 0 0 0 0 0 0 0 0 0 0 0 0 0 0 0 0 0 0 0 0 0 0 0 0 0 0 0 data 14 0x70007 0x1af 0x38 0x0 0xb0003 0x0 0x18 0x0 0x0 0x0 0x0 0x9 0x1 0x0 oops 0 methods 0
ciMethodData jdk/internal/classfile/impl/StackMapGenerator$Frame checkLocal (I)Ljdk/internal/classfile/impl/StackMapGenerator$Frame; 2 3736 orig 80 0 0 0 0 0 0 0 0 0 0 0 0 0 0 0 0 0 0 0 0 0 0 0 0 0 0 0 0 0 0 0 0 0 0 0 0 0 0 0 0 0 0 0 0 0 0 0 0 0 0 0 0 0 0 0 0 0 0 0 0 0 0 0 0 0 0 0 0 0 0 0 0 0 0 0 0 0 0 0 0 data 40 0x50007 0xa4f 0x20 0x449 0x130007 0xa9c 0x48 0x3fc 0x280002 0x3fc 0x2b0003 0x3fc 0x88 0x340007 0xa9b 0x70 0x1 0x460002 0x1 0x490004 0x0 0x21117557e40 0x1 0x0 0x0 0x5c0002 0x1 0x0 0x0 0x0 0x0 0x0 0x0 0x0 0x0 0x0 0x9 0x2 0x70 0x0 oops 1 21 [Ljdk/internal/classfile/impl/StackMapGenerator$Type; methods 0
ciMethodData jdk/internal/classfile/impl/StackMapGenerator$Frame getLocal (I)Ljdk/internal/classfile/impl/StackMapGenerator$Type; 2 2142 orig 80 0 0 0 0 0 0 0 0 0 0 0 0 0 0 0 0 0 0 0 0 0 0 0 0 0 0 0 0 0 0 0 0 0 0 0 0 0 0 0 0 0 0 0 0 0 0 0 0 0 0 0 0 0 0 0 0 0 0 0 0 0 0 0 0 0 0 0 0 0 0 0 0 0 0 0 0 0 0 0 0 data 20 0x20005 0x85e 0x0 0x0 0x0 0x0 0xb0007 0x85e 0x20 0x0 0x0 0x0 0x0 0x0 0x0 0x0 0x9 0x2 0x0 0x0 oops 0 methods 0
ciMethodData jdk/internal/classfile/impl/StackMapGenerator$Frame getLocalRawInternal (I)Ljdk/internal/classfile/impl/StackMapGenerator$Type; 2 2358 orig 80 0 0 0 0 0 0 0 0 0 0 0 0 0 0 0 0 0 0 0 0 0 0 0 0 0 0 0 0 0 0 0 0 0 0 0 0 0 0 0 0 0 0 0 0 0 0 0 0 0 0 0 0 0 0 0 0 0 0 0 0 0 0 0 0 0 0 0 0 0 0 0 0 0 0 0 0 0 0 0 0 data 16 0x20005 0x48 0x21117608380 0x8ee 0x0 0x0 0x0 0x0 0x0 0x0 0x0 0x0 0x9 0x2 0x70 0x0 oops 1 2 jdk/internal/classfile/impl/StackMapGenerator$Frame methods 0
ciMethodData jdk/internal/classfile/impl/StackMapGenerator$Frame decStack (I)Ljdk/internal/classfile/impl/StackMapGenerator$Frame; 2 2999 orig 80 0 0 0 0 0 0 0 0 0 0 0 0 0 0 0 0 0 0 0 0 0 0 0 0 0 0 0 0 0 0 0 0 0 0 0 0 0 0 0 0 0 0 0 0 0 0 0 0 0 0 0 0 0 0 0 0 0 0 0 0 0 0 0 0 0 0 0 0 0 0 0 0 0 0 0 0 0 0 0 0 data 20 0xe0007 0xbb7 0x50 0x0 0x170005 0x0 0x0 0x0 0x0 0x0 0x0 0x0 0x0 0x0 0x0 0x0 0x9 0x2 0xc 0x0 oops 0 methods 0
ciMethodData jdk/internal/classfile/impl/StackMapGenerator generatorError (Ljava/lang/String;)Ljava/lang/IllegalArgumentException; 1 0 orig 80 0 0 0 0 0 0 0 0 0 0 0 0 0 0 0 0 0 0 0 0 0 0 0 0 0 0 0 0 0 0 0 0 0 0 0 0 0 0 0 0 0 0 0 0 0 0 0 0 0 0 0 0 0 0 0 0 0 0 0 0 0 0 0 0 0 0 0 0 0 0 0 0 0 0 0 0 0 0 0 0 data 16 0x90005 0x0 0x0 0x0 0x0 0x0 0x0 0x0 0x0 0x0 0x0 0x0 0x9 0x2 0x0 0x0 oops 0 methods 0
ciMethodData jdk/internal/classfile/impl/StackMapGenerator generatorError (Ljava/lang/String;I)Ljava/lang/IllegalArgumentException; 1 0 orig 80 0 0 0 0 0 0 0 0 0 0 0 0 0 0 0 0 0 0 0 0 0 0 0 0 0 0 0 0 0 0 0 0 0 0 0 0 0 0 0 0 0 0 0 0 0 0 0 0 0 0 0 0 0 0 0 0 0 0 0 0 0 0 0 0 0 0 0 0 0 0 0 0 0 0 0 0 0 0 0 0 data 106 0xe0004 0x0 0x0 0x0 0x0 0x0 0x120002 0x0 0x150004 0x0 0x0 0x0 0x0 0x0 0x1c0004 0x0 0x0 0x0 0x0 0x0 0x230005 0x0 0x0 0x0 0x0 0x0 0x280005 0x0 0x0 0x0 0x0 0x0 0x2d000a 0x0 0x1 0x0 0x320005 0x0 0x0 0x0 0x0 0x0 0x3a0002 0x0 0x3d0005 0x0 0x0 0x0 0x0 0x0 0x420004 0x0 0x0 0x0 0x0 0x0 0x430005 0x0 0x0 0x0 0x0 0x0 0x460002 0x0 0x520005 0x0 0x0 0x0 0x0 0x0 0x610007 0x0 0x38 0x0 0x660003 0x0 0x18 0x700002 0x0 0x74000a 0x0 0x3 0x0 0x0 0x0 0x790002 0x0 0x810005 0x0 0x0 0x0 0x0 0x0 0x840002 0x0 0x0 0x0 0x0 0x0 0x0 0x0 0x9 0x3 0x0 0x0 0x0 oops 0 methods 0
ciMethodData jdk/internal/classfile/impl/StackMapGenerator$Frame popStack ()Ljdk/internal/classfile/impl/StackMapGenerator$Type; 1 892 orig 80 0 0 0 0 0 0 0 0 0 0 0 0 0 0 0 0 0 0 0 0 0 0 0 0 0 0 0 0 0 0 0 0 0 0 0 0 0 0 0 0 0 0 0 0 0 0 0 0 0 0 0 0 0 0 0 0 0 0 0 0 0 0 0 0 0 0 0 0 0 0 0 0 0 0 0 0 0 0 0 0 data 19 0x50007 0x37c 0x50 0x0 0xe0005 0x0 0x0 0x0 0x0 0x0 0x0 0x0 0x0 0x0 0x0 0x0 0x9 0x1 0xc oops 0 methods 0
ciMethodData jdk/internal/classfile/impl/StackMapGenerator$Type getComponent ()Ljdk/internal/classfile/impl/StackMapGenerator$Type; 1 25 orig 80 0 0 0 0 0 0 0 0 0 0 0 0 0 0 0 0 0 0 0 0 0 0 0 0 0 0 0 0 0 0 0 0 0 0 0 0 0 0 0 0 0 0 0 0 0 0 0 0 0 0 0 0 0 0 0 0 0 0 0 0 0 0 0 0 0 0 0 0 0 0 0 0 0 0 0 0 0 0 0 0 data 127 0x10005 0x19 0x0 0x0 0x0 0x0 0x40007 0x0 0x380 0x19 0xb0005 0x0 0x211177e6e78 0x19 0x0 0x0 0x120005 0x0 0x211177e6f20 0x19 0x0 0x0 0x170007 0x19 0x2f0 0x0 0x1b0005 0x0 0x0 0x0 0x0 0x0 0x210005 0x0 0x0 0x0 0x0 0x0 0x240008 0x34 0x0 0x270 0x0 0x1c8 0x0 0x1e0 0x0 0x258 0x0 0x270 0x0 0x240 0x0 0x270 0x0 0x270 0x0 0x210 0x0 0x228 0x0 0x270 0x0 0x270 0x0 0x270 0x0 0x270 0x0 0x270 0x0 0x270 0x0 0x270 0x0 0x270 0x0 0x1f8 0x0 0x270 0x0 0x270 0x0 0x270 0x0 0x270 0x0 0x270 0x0 0x270 0x0 0x1b0 0x9b0003 0x0 0xc0 0xa10003 0x0 0xa8 0xa70003 0x0 0x90 0xad0003 0x0 0x78 0xb30003 0x0 0x60 0xb90003 0x0 0x48 0xbf0003 0x0 0x30 0xc50003 0x0 0x18 0xcd0002 0x19 0x0 0x0 0x0 0x0 0x0 0x0 0x9 0x1 0x0 oops 2 12 jdk/internal/constant/ArrayClassDescImpl 18 jdk/internal/constant/ClassOrInterfaceDescImpl methods 0
ciMethodData jdk/internal/classfile/impl/StackMapGenerator$Frame setLocal (ILjdk/internal/classfile/impl/StackMapGenerator$Type;)V 1 216 orig 80 0 0 0 0 0 0 0 0 0 0 0 0 0 0 0 0 0 0 0 0 0 0 0 0 0 0 0 0 0 0 0 0 0 0 0 0 0 0 0 0 0 0 0 0 0 0 0 0 0 0 0 0 0 0 0 0 0 0 0 0 0 0 0 0 0 0 0 0 0 0 0 0 0 0 0 0 0 0 0 0 data 55 0x20005 0xd8 0x0 0x0 0x0 0x0 0xa0007 0x0 0x40 0xd8 0x110007 0xd8 0x50 0x0 0x1b0005 0x0 0x0 0x0 0x0 0x0 0x220007 0x0 0x40 0xd8 0x290007 0xd8 0x50 0x0 0x330005 0x0 0x0 0x0 0x0 0x0 0x390005 0xd8 0x0 0x0 0x0 0x0 0x410007 0x3d 0x20 0x9b 0x0 0x0 0x0 0x0 0x0 0x0 0x9 0x3 0x74 0x0 0x0 oops 0 methods 0
ciMethodData jdk/internal/classfile/impl/StackMapGenerator processFieldInstructions (Ljdk/internal/classfile/impl/RawBytecodeHelper;)V 1 678 orig 80 0 0 0 0 0 0 0 0 0 0 0 0 0 0 0 0 0 0 0 0 0 0 0 0 0 0 0 0 0 0 0 0 0 0 0 0 0 0 0 0 0 0 0 0 0 0 0 0 0 0 0 0 0 0 0 0 0 0 0 0 0 0 0 0 0 0 0 0 0 0 0 0 0 0 0 0 0 0 0 0 data 116 0x50005 0x109 0x211176042a8 0x19d 0x0 0x0 0xb0005 0x109 0x21117120788 0x19d 0x0 0x0 0xe0004 0x0 0x211175b65a0 0x2a6 0x0 0x0 0x110005 0x0 0x211175b65a0 0x2a6 0x0 0x0 0x160002 0x2a6 0x200005 0x109 0x211176042a8 0x19d 0x0 0x0 0x230008 0xa 0x0 0x240 0x0 0x60 0x4e 0xa8 0x151 0x138 0x107 0x1b0 0x420005 0x0 0x0 0x0 0x0 0x0 0x460003 0x0 0x1c0 0x4b0002 0x4e 0x4e0007 0x4e 0x38 0x0 0x520003 0x0 0x18 0x560005 0x26 0x21117608380 0x28 0x0 0x0 0x5a0003 0x4e 0x130 0x5f0005 0x7f 0x21117608380 0xd2 0x0 0x0 0x650005 0x7f 0x21117608380 0xd2 0x0 0x0 0x690003 0x151 0xb8 0x6e0002 0x107 0x710007 0x105 0x38 0x2 0x750003 0x2 0x18 0x790005 0x64 0x21117608380 0xa3 0x0 0x0 0x7d0003 0x107 0x28 0x870002 0x0 0x0 0x0 0x0 0x0 0x0 0x0 0x9 0x2 0x0 0x0 oops 9 2 jdk/internal/classfile/impl/RawBytecodeHelper 8 jdk/internal/classfile/impl/SplitConstantPool 14 jdk/internal/classfile/impl/AbstractPoolEntry$FieldRefEntryImpl 20 jdk/internal/classfile/impl/AbstractPoolEntry$FieldRefEntryImpl 28 jdk/internal/classfile/impl/RawBytecodeHelper 64 jdk/internal/classfile/impl/StackMapGenerator$Frame 73 jdk/internal/classfile/impl/StackMapGenerator$Frame 79 jdk/internal/classfile/impl/StackMapGenerator$Frame 97 jdk/internal/classfile/impl/StackMapGenerator$Frame methods 0
ciMethodData jdk/internal/classfile/impl/StackMapGenerator processInvokeInstructions (Ljdk/internal/classfile/impl/RawBytecodeHelper;ZZ)Z 2 1194 orig 80 0 0 0 0 0 0 0 0 0 0 0 0 0 0 0 0 0 0 0 0 0 0 0 0 0 0 0 0 0 0 0 0 0 0 0 0 0 0 0 0 0 0 0 0 0 0 0 0 0 0 0 0 0 0 0 0 0 0 0 0 0 0 0 0 0 0 0 0 0 0 0 0 0 0 0 0 0 0 0 0 data 200 0x10005 0x186 0x211176042a8 0x324 0x0 0x0 0x70005 0x186 0x211176042a8 0x324 0x0 0x0 0x110007 0x4aa 0xc8 0x0 0x1d0005 0x0 0x0 0x0 0x0 0x0 0x200004 0x0 0x0 0x0 0x0 0x0 0x230005 0x0 0x0 0x0 0x0 0x0 0x280003 0x0 0xa8 0x340005 0x186 0x21117120788 0x324 0x0 0x0 0x370004 0x0 0x211175b64f8 0x476 0x211177ea098 0x34 0x3a0005 0x0 0x211175b64f8 0x476 0x211177ea098 0x34 0x430005 0x0 0x211177ea140 0x4aa 0x0 0x0 0x480002 0x4aa 0x4e0005 0x186 0x211176042a8 0x324 0x0 0x0 0x5d0002 0x4aa 0x600005 0x186 0x21117608380 0x324 0x0 0x0 0x690007 0x1cb 0x318 0x2df 0x710007 0x0 0x2f8 0x2df 0x760005 0x0 0x211177ea140 0x2df 0x0 0x0 0x7e0005 0x0 0x21117554140 0x2df 0x0 0x0 0x830007 0xd6 0x248 0x209 0x880005 0x86 0x21117608380 0x183 0x0 0x0 0x920007 0x62 0xb8 0x1a7 0x960007 0x1a7 0x50 0x0 0x9d0005 0x0 0x0 0x0 0x0 0x0 0xa80005 0x7e 0x21117608380 0x129 0x0 0x0 0xad0003 0x1a6 0x140 0xb70007 0x0 0xf8 0x62 0xc20005 0x8 0x211176042a8 0x5a 0x0 0x0 0xc90002 0x62 0xcf0007 0x62 0x50 0x0 0xd60005 0x0 0x0 0x0 0x0 0x0 0xdf0005 0x8 0x21117608380 0x5a 0x0 0x0 0xe20003 0x62 0x48 0xe90005 0x0 0x0 0x0 0x0 0x0 0xed0003 0x208 0x48 0xf30005 0x4c 0x21117608380 0x8a 0x0 0x0 0xfb0005 0x0 0x211177ea1e8 0x4a9 0x0 0x0 0x1000005 0x186 0x21117608380 0x323 0x0 0x0 0x0 0x0 0x0 0x0 0x0 0x0 0x9 0x4 0x0 0x0 0x0 0x0 oops 19 2 jdk/internal/classfile/impl/RawBytecodeHelper 8 jdk/internal/classfile/impl/RawBytecodeHelper 39 jdk/internal/classfile/impl/SplitConstantPool 45 jdk/internal/classfile/impl/AbstractPoolEntry$MethodRefEntryImpl 47 jdk/internal/classfile/impl/AbstractPoolEntry$InterfaceMethodRefEntryImpl 51 jdk/internal/classfile/impl/AbstractPoolEntry$MethodRefEntryImpl 53 jdk/internal/classfile/impl/AbstractPoolEntry$InterfaceMethodRefEntryImpl 57 jdk/internal/classfile/impl/AbstractPoolEntry$NameAndTypeEntryImpl 65 jdk/internal/classfile/impl/RawBytecodeHelper 73 jdk/internal/classfile/impl/StackMapGenerator$Frame 87 jdk/internal/classfile/impl/AbstractPoolEntry$NameAndTypeEntryImpl 93 jdk/internal/classfile/impl/AbstractPoolEntry$Utf8EntryImpl 103 jdk/internal/classfile/impl/StackMapGenerator$Frame 123 jdk/internal/classfile/impl/StackMapGenerator$Frame 136 jdk/internal/classfile/impl/RawBytecodeHelper 154 jdk/internal/classfile/impl/StackMapGenerator$Frame 172 jdk/internal/classfile/impl/StackMapGenerator$Frame 178 jdk/internal/constant/MethodTypeDescImpl 184 jdk/internal/classfile/impl/StackMapGenerator$Frame methods 0
ciMethodData jdk/internal/classfile/impl/StackMapGenerator$Type uninitializedType (I)Ljdk/internal/classfile/impl/StackMapGenerator$Type; 1 97 orig 80 0 0 0 0 0 0 0 0 0 0 0 0 0 0 0 0 0 0 0 0 0 0 0 0 0 0 0 0 0 0 0 0 0 0 0 0 0 0 0 0 0 0 0 0 0 0 0 0 0 0 0 0 0 0 0 0 0 0 0 0 0 0 0 0 0 0 0 0 0 0 0 0 0 0 0 0 0 0 0 0 data 7 0x80002 0x61 0x0 0x0 0x9 0x1 0x0 oops 0 methods 0
ciMethodData jdk/internal/classfile/impl/StackMapGenerator processAnewarray (I)V 1 4 orig 80 0 0 0 0 0 0 0 0 0 0 0 0 0 0 0 0 0 0 0 0 0 0 0 0 0 0 0 0 0 0 0 0 0 0 0 0 0 0 0 0 0 0 0 0 0 0 0 0 0 0 0 0 0 0 0 0 0 0 0 0 0 0 0 0 0 0 0 0 0 0 0 0 0 0 0 0 0 0 0 0 data 30 0x40005 0x0 0x21117608380 0x4 0x0 0x0 0x110002 0x4 0x140005 0x0 0x21117608428 0x4 0x0 0x0 0x170005 0x0 0x21117608380 0x4 0x0 0x0 0x0 0x0 0x0 0x0 0x0 0x0 0x9 0x2 0x0 0x0 oops 3 2 jdk/internal/classfile/impl/StackMapGenerator$Frame 10 jdk/internal/classfile/impl/StackMapGenerator$Type 16 jdk/internal/classfile/impl/StackMapGenerator$Frame methods 0
ciMethodData jdk/internal/classfile/impl/StackMapGenerator cpIndexToType (ILjava/lang/classfile/constantpool/ConstantPoolBuilder;)Ljdk/internal/classfile/impl/StackMapGenerator$Type; 1 548 orig 80 0 0 0 0 0 0 0 0 0 0 0 0 0 0 0 0 0 0 0 0 0 0 0 0 0 0 0 0 0 0 0 0 0 0 0 0 0 0 0 0 0 0 0 0 0 0 0 0 0 0 0 0 0 0 0 0 0 0 0 0 0 0 0 0 0 0 0 0 0 0 0 0 0 0 0 0 0 0 0 0 data 30 0x40005 0x0 0x21117120788 0x224 0x0 0x0 0x90004 0x0 0x211175a2d00 0x224 0x0 0x0 0xc0005 0x0 0x211175a2d00 0x224 0x0 0x0 0x110002 0x224 0x0 0x0 0x0 0x0 0x0 0x0 0x9 0x2 0x0 0x0 oops 3 2 jdk/internal/classfile/impl/SplitConstantPool 8 jdk/internal/classfile/impl/AbstractPoolEntry$ClassEntryImpl 14 jdk/internal/classfile/impl/AbstractPoolEntry$ClassEntryImpl methods 0
ciMethodData jdk/internal/classfile/impl/SplitConstantPool entryByIndex (ILjava/lang/Class;)Ljava/lang/classfile/constantpool/PoolEntry; 2 2814 orig 80 0 0 0 0 0 0 0 0 0 0 0 0 0 0 0 0 0 0 0 0 0 0 0 0 0 0 0 0 0 0 0 0 0 0 0 0 0 0 0 0 0 0 0 0 0 0 0 0 0 0 0 0 0 0 0 0 0 0 0 0 0 0 0 0 0 0 0 0 0 0 0 0 0 0 0 0 0 0 0 0 data 19 0x20005 0x133 0x21117120788 0x9cb 0x0 0x0 0x70002 0xafe 0x0 0x0 0x0 0x0 0x0 0x0 0x9 0x3 0x0 0x0 0xffffffffffffffff oops 1 2 jdk/internal/classfile/impl/SplitConstantPool methods 0
ciMethodData jdk/internal/classfile/impl/ClassReaderImpl checkType (Ljava/lang/classfile/constantpool/PoolEntry;ILjava/lang/Class;)Ljava/lang/classfile/constantpool/PoolEntry; 2 2820 orig 80 0 0 0 0 0 0 0 0 0 0 0 0 0 0 0 0 0 0 0 0 0 0 0 0 0 0 0 0 0 0 0 0 0 0 0 0 0 0 0 0 0 0 0 0 0 0 0 0 0 0 0 0 0 0 0 0 0 0 0 0 0 0 0 0 0 0 0 0 0 0 0 0 0 0 0 0 0 0 0 0 data 35 0x20005 0x133 0x21112d3f000 0x9d1 0x0 0x0 0x50007 0x0 0x80 0xb04 0xa0005 0x133 0x21112d3f000 0x9d1 0x0 0x0 0xd0004 0x265 0x211175b64f8 0x476 0x211175b65a0 0x429 0x130002 0x0 0x0 0x0 0x0 0x0 0x0 0x0 0x9 0x3 0xffffffffffffffff 0x0 0xffffffffffffffff oops 4 2 java/lang/Class 12 java/lang/Class 18 jdk/internal/classfile/impl/AbstractPoolEntry$MethodRefEntryImpl 20 jdk/internal/classfile/impl/AbstractPoolEntry$FieldRefEntryImpl methods 0
ciMethodData jdk/internal/classfile/impl/AbstractPoolEntry$ClassEntryImpl asSymbol ()Ljava/lang/constant/ClassDesc; 2 1771 orig 80 0 0 0 0 0 0 0 0 0 0 0 0 0 0 0 0 0 0 0 0 0 0 0 0 0 0 0 0 0 0 0 0 0 0 0 0 0 0 0 0 0 0 0 0 0 0 0 0 0 0 0 0 0 0 0 0 0 0 0 0 0 0 0 0 0 0 0 0 0 0 0 0 0 0 0 0 0 0 0 0 data 52 0x60007 0x0 0x20 0x6eb 0xf0004 0x0 0x0 0x0 0x0 0x0 0x120005 0x0 0x0 0x0 0x0 0x0 0x150007 0x0 0x98 0x0 0x1c0004 0x0 0x0 0x0 0x0 0x0 0x1f0005 0x0 0x0 0x0 0x0 0x0 0x230003 0x0 0x58 0x270005 0x0 0x0 0x0 0x0 0x0 0x2a0002 0x0 0x0 0x0 0x0 0x0 0x0 0x0 0x9 0x1 0x18 oops 0 methods 0
ciMethodData jdk/internal/classfile/impl/StackMapGenerator$Type referenceType (Ljava/lang/constant/ClassDesc;)Ljdk/internal/classfile/impl/StackMapGenerator$Type; 2 3224 orig 80 0 0 0 0 0 0 0 0 0 0 0 0 0 0 0 0 0 0 0 0 0 0 0 0 0 0 0 0 0 0 0 0 0 0 0 0 0 0 0 0 0 0 0 0 0 0 0 0 0 0 0 0 0 0 0 0 0 0 0 0 0 0 0 0 0 0 0 0 0 0 0 0 0 0 0 0 0 0 0 0 data 8 0x80002 0xc98 0x0 0x0 0x0 0x9 0x1 0x0 oops 0 methods 0
ciMethodData jdk/internal/classfile/impl/StackMapGenerator$Frame checkStack (I)V 2 4127 orig 80 0 0 0 0 0 0 0 0 0 0 0 0 0 0 0 0 0 0 0 0 0 0 0 0 0 0 0 0 0 0 0 0 0 0 0 0 0 0 0 0 0 0 0 0 0 0 0 0 0 0 0 0 0 0 0 0 0 0 0 0 0 0 0 0 0 0 0 0 0 0 0 0 0 0 0 0 0 0 0 0 data 39 0x50007 0x8d2 0x20 0x74d 0x130007 0xc4b 0x48 0x3d4 0x280002 0x3d4 0x2b0003 0x3d4 0x88 0x340007 0xc47 0x70 0x4 0x460002 0x4 0x490004 0x0 0x21117557e40 0x4 0x0 0x0 0x5c0002 0x4 0x0 0x0 0x0 0x0 0x0 0x0 0x0 0x0 0x9 0x2 0x58 0x0 oops 1 21 [Ljdk/internal/classfile/impl/StackMapGenerator$Type; methods 0
ciMethodData java/util/Arrays fill ([Ljava/lang/Object;Ljava/lang/Object;)V 2 1961 orig 80 0 0 0 0 0 0 0 0 0 0 0 0 0 0 0 0 0 0 0 0 0 0 0 0 0 0 0 0 0 0 0 0 0 0 0 0 0 0 0 0 0 0 0 0 0 0 0 0 0 0 0 0 0 0 0 0 0 0 0 0 0 0 0 0 0 0 0 0 0 0 0 0 0 0 0 0 0 0 0 0 data 23 0x70007 0x7a9 0x68 0x4fc1 0xd0004 0x0 0x21117608428 0x4fb0 0x21112d3f000 0x11 0x110003 0x4fc1 0xffffffffffffffb0 0x0 0x0 0x0 0x0 0x0 0x0 0x9 0x2 0x0 0x0 oops 2 6 jdk/internal/classfile/impl/StackMapGenerator$Type 8 java/lang/Class methods 0
ciMethodData java/util/Arrays fill ([Ljava/lang/Object;IILjava/lang/Object;)V 1 87 orig 80 0 0 0 0 0 0 0 0 0 0 0 0 0 0 0 0 0 0 0 0 0 0 0 0 0 0 0 0 0 0 0 0 0 0 0 0 0 0 0 0 0 0 0 0 0 0 0 0 0 0 0 0 0 0 0 0 0 0 0 0 0 0 0 0 0 0 0 0 0 0 0 0 0 0 0 0 0 0 0 0 data 27 0x40002 0x57 0xd0007 0x57 0x68 0x84 0x140104 0x0 0x21117608428 0x32 0x0 0x0 0x180003 0x84 0xffffffffffffffb0 0x0 0x0 0x0 0x0 0x0 0x0 0x9 0x4 0xffffffffffffffff 0x0 0x0 0x0 oops 1 8 jdk/internal/classfile/impl/StackMapGenerator$Type methods 0
ciMethodData jdk/internal/classfile/impl/StackMapGenerator$Type <init> (ILjava/lang/constant/ClassDesc;I)V 2 3215 orig 80 0 0 0 0 0 0 0 0 0 0 0 0 0 0 0 0 0 0 0 0 0 0 0 0 0 0 0 0 0 0 0 0 0 0 0 0 0 0 0 0 0 0 0 0 0 0 0 0 0 0 0 0 0 0 0 0 0 0 0 0 0 0 0 0 0 0 0 0 0 0 0 0 0 0 0 0 0 0 0 0 data 12 0x10002 0xc8f 0x0 0x0 0x0 0x0 0x9 0x4 0xe 0x0 0x0 0x0 oops 0 methods 0
ciMethodData jdk/internal/misc/Unsafe getCharUnaligned (Ljava/lang/Object;JZ)C 2 3382 orig 80 0 0 0 0 0 0 0 0 0 0 0 0 0 0 0 0 0 0 0 0 0 0 0 0 0 0 0 0 0 0 0 0 0 0 0 0 0 0 0 0 0 0 0 0 0 0 0 0 0 0 0 0 0 0 0 0 0 0 0 0 0 0 0 0 0 0 0 0 0 0 0 0 0 0 0 0 0 0 0 0 data 24 0x5000b 0x10d 0x0 0x0 0x0 0x0 0x2 0x1 0x21112d539f0 0x80002 0xd36 0x0 0x0 0x0 0x0 0x0 0x0 0x9 0x5 0x0 0x0 0x0 0x0 0x0 oops 1 8 [B methods 0
ciMethodData jdk/internal/misc/Unsafe convEndian (ZC)C 2 3122 orig 80 0 0 0 0 0 0 0 0 0 0 0 0 0 0 0 0 0 0 0 0 0 0 0 0 0 0 0 0 0 0 0 0 0 0 0 0 0 0 0 0 0 0 0 0 0 0 0 0 0 0 0 0 0 0 0 0 0 0 0 0 0 0 0 0 0 0 0 0 0 0 0 0 0 0 0 0 0 0 0 0 data 19 0x40007 0xc32 0x38 0x0 0x80003 0x0 0x28 0xc0002 0xc32 0x0 0x0 0x0 0x0 0x0 0x0 0x9 0x2 0x0 0x0 oops 0 methods 0
ciMethodData jdk/internal/classfile/impl/AbstractPoolEntry$ClassEntryImpl asInternalName ()Ljava/lang/String; 1 359 orig 80 0 0 0 0 0 0 0 0 0 0 0 0 0 0 0 0 0 0 0 0 0 0 0 0 0 0 0 0 0 0 0 0 0 0 0 0 0 0 0 0 0 0 0 0 0 0 0 0 0 0 0 0 0 0 0 0 0 0 0 0 0 0 0 0 0 0 0 0 0 0 0 0 0 0 0 0 0 0 0 0 data 7 0x10002 0x167 0x0 0x0 0x9 0x1 0x0 oops 0 methods 0
ciMethodData jdk/internal/classfile/impl/AbstractPoolEntry$AbstractNamedEntry asInternalName ()Ljava/lang/String; 1 359 orig 80 0 0 0 0 0 0 0 0 0 0 0 0 0 0 0 0 0 0 0 0 0 0 0 0 0 0 0 0 0 0 0 0 0 0 0 0 0 0 0 0 0 0 0 0 0 0 0 0 0 0 0 0 0 0 0 0 0 0 0 0 0 0 0 0 0 0 0 0 0 0 0 0 0 0 0 0 0 0 0 0 data 21 0x40004 0x0 0x21117554140 0x167 0x0 0x0 0x70005 0xf2 0x21117554140 0x75 0x0 0x0 0x0 0x0 0x0 0x0 0x0 0x0 0x9 0x1 0x0 oops 2 2 jdk/internal/classfile/impl/AbstractPoolEntry$Utf8EntryImpl 8 jdk/internal/classfile/impl/AbstractPoolEntry$Utf8EntryImpl methods 0
ciMethodData jdk/internal/classfile/impl/StackMapGenerator$Type equals (Ljava/lang/Object;)Z 1 832 orig 80 0 0 0 0 0 0 0 0 0 0 0 0 0 0 0 0 0 0 0 0 0 0 0 0 0 0 0 0 0 0 0 0 0 0 0 0 0 0 0 0 0 0 0 0 0 0 0 0 0 0 0 0 0 0 0 0 0 0 0 0 0 0 0 0 0 0 0 0 0 0 0 0 0 0 0 0 0 0 0 0 data 43 0x10004 0x0 0x21117608428 0x340 0x0 0x0 0x40007 0x0 0xd8 0x340 0x80004 0x0 0x21117608428 0x340 0x0 0x0 0x140007 0x1af 0x88 0x191 0x1f0007 0x0 0x68 0x191 0x2a0002 0x191 0x2d0007 0x10 0x38 0x180 0x310003 0x180 0x18 0x0 0x0 0x0 0x0 0x0 0x0 0x9 0x2 0x0 0x0 oops 2 2 jdk/internal/classfile/impl/StackMapGenerator$Type 12 jdk/internal/classfile/impl/StackMapGenerator$Type methods 0
compile jdk/internal/classfile/impl/StackMapGenerator processBlock (Ljdk/internal/classfile/impl/RawBytecodeHelper;)Z -1 4 inline 50 0 -1 0 jdk/internal/classfile/impl/StackMapGenerator processBlock (Ljdk/internal/classfile/impl/RawBytecodeHelper;)Z 1 1 0 jdk/internal/classfile/impl/RawBytecodeHelper opcode ()I 1 14 0 jdk/internal/classfile/impl/RawBytecodeHelper bci ()I 1 20 0 jdk/internal/classfile/impl/RawBytecodeHelper isStoreIntoLocal (I)Z 1 2621 0 jdk/internal/classfile/impl/StackMapGenerator$Frame decStack (I)Ljdk/internal/classfile/impl/StackMapGenerator$Frame; 1 2625 0 jdk/internal/classfile/impl/RawBytecodeHelper getIndexU2 ()I 2 7 0 jdk/internal/classfile/impl/RawBytecodeHelper getU2Unchecked (I)I 3 17 0 jdk/internal/misc/Unsafe getCharUnaligned (Ljava/lang/Object;JZ)C 4 8 0 jdk/internal/misc/Unsafe convEndian (ZC)C 1 2632 0 jdk/internal/classfile/impl/StackMapGenerator cpIndexToType (ILjava/lang/classfile/constantpool/ConstantPoolBuilder;)Ljdk/internal/classfile/impl/StackMapGenerator$Type; 1 2635 0 jdk/internal/classfile/impl/StackMapGenerator$Frame pushStack (Ljdk/internal/classfile/impl/StackMapGenerator$Type;)Ljdk/internal/classfile/impl/StackMapGenerator$Frame; 2 5 0 jdk/internal/classfile/impl/StackMapGenerator$Frame checkStack (I)V 3 40 0 java/util/Arrays fill ([Ljava/lang/Object;Ljava/lang/Object;)V 1 2514 0 jdk/internal/classfile/impl/StackMapGenerator$Frame decStack (I)Ljdk/internal/classfile/impl/StackMapGenerator$Frame; 1 2572 0 jdk/internal/classfile/impl/StackMapGenerator$Type uninitializedType (I)Ljdk/internal/classfile/impl/StackMapGenerator$Type; 2 8 0 jdk/internal/classfile/impl/StackMapGenerator$Type <init> (ILjava/lang/constant/ClassDesc;I)V 3 1 0 java/lang/Record <init> ()V 4 1 0 java/lang/Object <init> ()V 1 2575 0 jdk/internal/classfile/impl/StackMapGenerator$Frame pushStack (Ljdk/internal/classfile/impl/StackMapGenerator$Type;)Ljdk/internal/classfile/impl/StackMapGenerator$Frame; 2 5 0 jdk/internal/classfile/impl/StackMapGenerator$Frame checkStack (I)V 3 40 0 java/util/Arrays fill ([Ljava/lang/Object;Ljava/lang/Object;)V 1 1616 0 jdk/internal/classfile/impl/StackMapGenerator$Frame popStack ()Ljdk/internal/classfile/impl/StackMapGenerator$Type; 1 1622 0 jdk/internal/classfile/impl/StackMapGenerator$Frame pushStack (Ljdk/internal/classfile/impl/StackMapGenerator$Type;)Ljdk/internal/classfile/impl/StackMapGenerator$Frame; 2 5 0 jdk/internal/classfile/impl/StackMapGenerator$Frame checkStack (I)V 3 40 0 java/util/Arrays fill ([Ljava/lang/Object;Ljava/lang/Object;)V 1 1627 0 jdk/internal/classfile/impl/StackMapGenerator$Frame pushStack (Ljdk/internal/classfile/impl/StackMapGenerator$Type;)Ljdk/internal/classfile/impl/StackMapGenerator$Frame; 2 5 0 jdk/internal/classfile/impl/StackMapGenerator$Frame checkStack (I)V 3 40 0 java/util/Arrays fill ([Ljava/lang/Object;Ljava/lang/Object;)V 1 1551 0 jdk/internal/classfile/impl/StackMapGenerator$Frame popStack ()Ljdk/internal/classfile/impl/StackMapGenerator$Type; 1 1523 0 jdk/internal/classfile/impl/RawBytecodeHelper getIndex ()I 1 1530 0 jdk/internal/classfile/impl/StackMapGenerator$Frame popStack ()Ljdk/internal/classfile/impl/StackMapGenerator$Type; 1 1208 0 jdk/internal/classfile/impl/StackMapGenerator$Frame getLocal (I)Ljdk/internal/classfile/impl/StackMapGenerator$Type; 2 2 0 jdk/internal/classfile/impl/StackMapGenerator$Frame getLocalRawInternal (I)Ljdk/internal/classfile/impl/StackMapGenerator$Type; 3 2 0 jdk/internal/classfile/impl/StackMapGenerator$Frame checkLocal (I)Ljdk/internal/classfile/impl/StackMapGenerator$Frame; 4 40 0 java/util/Arrays fill ([Ljava/lang/Object;Ljava/lang/Object;)V 1 1211 0 jdk/internal/classfile/impl/StackMapGenerator$Frame pushStack (Ljdk/internal/classfile/impl/StackMapGenerator$Type;)Ljdk/internal/classfile/impl/StackMapGenerator$Frame; 2 5 0 jdk/internal/classfile/impl/StackMapGenerator$Frame checkStack (I)V 3 40 0 java/util/Arrays fill ([Ljava/lang/Object;Ljava/lang/Object;)V 1 1021 0 jdk/internal/classfile/impl/StackMapGenerator$Frame pushStack (Ljdk/internal/classfile/impl/StackMapGenerator$Type;)Ljdk/internal/classfile/impl/StackMapGenerator$Frame; 2 5 0 jdk/internal/classfile/impl/StackMapGenerator$Frame checkStack (I)V 3 40 0 java/util/Arrays fill ([Ljava/lang/Object;Ljava/lang/Object;)V 1 1183 0 jdk/internal/classfile/impl/RawBytecodeHelper getIndex ()I 1 1186 0 jdk/internal/classfile/impl/StackMapGenerator$Frame getLocal (I)Ljdk/internal/classfile/impl/StackMapGenerator$Type; 2 2 0 jdk/internal/classfile/impl/StackMapGenerator$Frame getLocalRawInternal (I)Ljdk/internal/classfile/impl/StackMapGenerator$Type; 3 2 0 jdk/internal/classfile/impl/StackMapGenerator$Frame checkLocal (I)Ljdk/internal/classfile/impl/StackMapGenerator$Frame; 4 40 0 java/util/Arrays fill ([Ljava/lang/Object;Ljava/lang/Object;)V 1 1189 0 jdk/internal/classfile/impl/StackMapGenerator$Frame pushStack (Ljdk/internal/classfile/impl/StackMapGenerator$Type;)Ljdk/internal/classfile/impl/StackMapGenerator$Frame; 2 5 0 jdk/internal/classfile/impl/StackMapGenerator$Frame checkStack (I)V 3 40 0 java/util/Arrays fill ([Ljava/lang/Object;Ljava/lang/Object;)V 1 966 0 jdk/internal/classfile/impl/RawBytecodeHelper getIndexU1 ()I
